Radius_Center,Frequency
3.44879475694219,2964
4.8283126597190655,2763
6.207830562495942,1564
7.587348465272818,1091
8.966866368049693,887
10.346384270826569,736
11.725902173603446,585
13.105420076380321,442
14.484937979157197,308
15.86445588193407,265
17.243973784710946,188
18.623491687487824,144
20.0030095902647,80
21.382527493041575,84
22.76204539581845,63
24.141563298595326,37
25.5210812013722,37
26.900599104149077,26
28.280117006925952,26
29.659634909702827,11
31.039152812479706,8
32.41867071525658,8
33.798188618033464,8
35.17770652081033,7
36.557224423587215,4
37.93674232636408,9
39.316260229140966,6
40.695778131917834,6
42.075296034694716,9
43.454813937471584,2
44.83433184024847,3
46.213849743025335,1
47.59336764580222,2
48.972885548579086,3
50.35240345135597,1
51.73192135413284,0
53.11143925690972,1
54.49095715968659,1
55.87047506246347,1
57.24999296524034,2
58.62951086801722,0
60.0090287707941,1
61.38854667357097,2
62.768064576347854,0
64.14758247912472,0
65.5271003819016,1
66.90661828467847,1
68.28613618745536,0
69.66565409023224,0
71.0451719930091,0
72.42468989578597,1
73.80420779856286,0
75.18372570133974,0
76.56324360411661,0
77.94276150689348,0
79.32227940967036,0
80.70179731244724,0
82.08131521522411,1
83.46083311800098,0
84.84035102077786,1
86.21986892355474,0
87.59938682633161,0
88.97890472910848,1
90.35842263188536,0
