Radius_Center,Count,Bin_Volume_nm3,Total_Pore_Volume_nm3
1.9113020019924158,3758,60.65977795733334,227959.4455636587
3.185503336654026,4352,164.64796874133336,716547.9599622828
4.459704671315637,2419,320.63025491733333,775604.5866450294
5.733906005977247,1564,528.6066364853331,826740.7794630609
7.008107340638857,1091,788.577113445333,860337.6307688582
8.282308675300468,887,1100.5416857973344,976180.4753022356
9.556510009962079,736,1464.5003535413332,1077872.2602064211
10.83071134462369,592,1880.453116677333,1113228.245072981
12.104912679285299,435,2348.399975205332,1021553.9892143194
13.37911401394691,308,2868.340929125333,883449.0061706025
14.65331534860852,265,3440.2759784373366,911673.1342858942
15.927516683270131,188,4064.205123141334,764070.5631505707
17.201718017931743,144,4740.128363237336,682578.4843061764
18.475919352593355,80,5468.045698725343,437443.6558980274
19.750120687254963,84,6247.957129605323,524828.3988868471
21.024322021916575,63,7079.862655877343,446031.3473202726
22.298523356578187,37,7963.762277541344,294659.2042690297
23.5727246912398,37,8899.65599459732,329287.27180010086
24.846926025901407,26,9887.543807045342,257076.13898317888
26.121127360563015,26,10927.42571488531,284113.06858701806
27.395328695224627,11,12019.301718117353,132212.31889929087
28.66953002988624,8,13163.17181674135,105305.3745339308
29.94373136454785,8,14359.036010757314,114872.28808605851
31.21793269920946,8,15606.894300165353,124855.15440132283
32.49213403387107,7,16906.746684965317,118347.22679475723
33.76633536853268,4,18258.59316515734,73034.37266062936
35.04053670319429,9,19662.433740741348,176961.90366667212
36.3147380378559,6,21118.268411717356,126709.61047030413
37.588939372517515,6,22626.09717808539,135756.58306851235
38.86314070717913,9,24185.920039845212,217673.28035860692
40.13734204184073,2,25797.73699699737,51595.47399399474
41.411543376502344,3,27461.548049541372,82384.64414862412
42.685744711163956,1,29177.353197477372,29177.353197477372
43.95994604582557,2,30945.152440805345,61890.30488161069
45.23414738048717,3,32764.945779525224,98294.83733857567
46.508348715148784,1,34636.73321363737,34636.73321363737
47.782550049810396,0,36560.51474314137,0.0
49.05675138447201,1,38536.29036803734,38536.29036803734
50.33095271913362,1,40564.0600883254,40564.0600883254
51.60515405379523,1,42643.82390400512,42643.82390400512
52.87935538845684,2,44775.581815077356,89551.16363015471
54.15355672311845,0,46959.333821541506,0.0
55.42775805778006,1,49195.079923397316,49195.079923397316
56.70195939244167,2,51482.820120645396,102965.64024129079
57.976160727103284,0,53822.55441328539,0.0
59.25036206176489,0,56214.28280131717,0.0
60.5245633964265,1,58658.00528474134,58658.00528474134
61.79876473108811,1,61153.721863557425,61153.721863557425
63.072966065749725,0,63701.43253776541,0.0
64.34716740041134,0,66301.13730736494,0.0
65.62136873507293,0,68952.8361723576,0.0
66.89557006973456,1,71656.52913274118,71656.52913274118
68.16977140439616,0,74412.21618851754,0.0
69.44397273905778,0,77219.89733968543,0.0
70.71817407371938,0,80079.57258624535,0.0
71.99237540838101,0,82991.24192819755,0.0
73.2665767430426,0,85954.90536554129,0.0
74.54077807770423,0,88970.56289827754,0.0
75.81497941236583,1,92038.21452640436,92038.21452640436
77.08918074702743,0,95157.8602499254,0.0
78.36338208168905,1,98329.5000688375,98329.5000688375
79.63758341635065,0,101553.1339831414,0.0
80.91178475101228,0,104828.76199283755,0.0
82.18598608567387,1,108156.38409792526,108156.38409792526
83.4601874203355,0,111536.00029840572,0.0
84.7343887549971,0,114967.61059427723,0.0
86.00859008965872,0,118451.21498554175,0.0
87.28279142432032,0,121986.81347219733,0.0
88.55699275898195,0,125574.40605424542,0.0
89.83119409364355,0,129213.99273168408,0.0
91.10539542830514,0,132905.5735045177,0.0
92.37959676296677,0,136649.1483727414,0.0
93.65379809762837,1,140444.7173363576,140444.7173363576
