0,pores_mean,pores_std,CSH_mean,CSH_std,CH_mean,CH_std,alite_mean,alite_std,area,area_percent
0,9.142591551221882,4.198462324979218,62.99327667490725,7.817164054703019,20.825786539438674,8.992608950997846,6.473620115038061,3.2656140965397595,0.006029435429662625,0.2496745851304796
1,9.886333011490839,3.1694151166364284,63.118281832639546,6.164450003760665,20.878858720575874,6.553418372509872,6.809696183042319,2.19333597083326,0.01205887085932525,0.4993491702609592
2,9.968070788058268,2.862372676877172,63.43777534922268,4.7199723682833685,20.385873825952764,5.283974150748565,6.869607811930807,1.9744008024985658,0.018088306288987874,0.7490237553914387
3,9.162689907703117,2.069823888726735,63.16411462072689,4.30882688651806,21.045803610058933,4.840399937809651,6.657949804359846,1.3732996335285244,0.0241177417186505,0.9986983405219184
4,9.386751406734643,1.8200074302581746,62.4926661172945,3.7855487732291406,20.97593349059996,4.07900393106052,6.4770219784235845,1.3084153746555562,0.030147177148313123,1.2483729256523979
5,9.346448906226728,1.6134336520060013,62.658954432368475,3.9058296313925505,21.059372866909285,4.061992387577022,6.215206134420131,1.2652564984588206,0.03617661257797575,1.4980475107828775
6,9.216040353760647,1.6099070817198347,63.6079938198157,2.82135947997459,21.552644320928334,3.7693902355431583,6.459934146074052,1.0690784049658624,0.04220604800763837,1.7477220959133573
7,9.197177305742118,1.5010394050181537,63.13163976982956,2.761320330824455,20.880366104680157,2.891932747899838,6.645980623431313,1.2612218958603836,0.048235483437301,1.9973966810438368
8,9.638337584614645,1.3770345336214707,63.173270725340245,2.492144131846097,20.158415932369326,2.9498163299862807,6.394610336763569,1.171368802801359,0.05426491886696362,2.2470712661743164
9,9.695669155346181,1.4239218369239914,63.04911434368299,2.8288069857356675,21.271834655481168,3.2912901630945544,6.760716706690669,1.1013533514795606,0.060294354296626246,2.4967458513047958
10,9.340397792179774,1.0930929810726386,63.065712242371944,2.552982980929213,21.10161563217829,3.2224948010102135,6.310109337494244,0.9127908285766544,0.06632378972628887,2.7464204364352756
11,9.412993182362088,1.1064320423291094,63.22677448586742,2.650348194445182,20.940705825349163,2.859150175466718,6.495959088670948,0.8562896171408334,0.0723532251559515,2.996095021565755
12,9.262141120452615,1.235257132276486,62.712668923100864,2.241956675947236,20.92692706254654,2.6576081042305097,6.521160123850868,0.9255803409503908,0.07838266058561412,3.2457696066962347
13,9.444826411361866,1.0405087509902353,62.88550373234561,2.3002056978608807,20.993526688085783,2.720362645924348,6.530674570754572,0.8084998495631055,0.08441209601527674,3.4954441918267145
14,9.455929309398313,0.9167902369001194,63.089857481541216,2.2529815975492102,21.053571331732375,2.347703567848633,6.502448085705202,0.8652763826365399,0.09044153144493937,3.745118776957194
15,9.372404850154615,1.0383189345842057,63.04392700600419,1.9256222868185855,21.19200616334273,2.7130437700410925,6.545984425416833,0.871017953970081,0.096470966874602,3.9947933620876737
16,9.438905022622247,1.0077100037178424,63.31678899247349,1.9456967001696013,21.13597203957782,2.443679124364247,6.2966529975491845,0.8114163262704622,0.10250040230426462,4.244467947218153
17,9.363108021318364,0.9349576325338292,62.50070426787775,2.0409312402669197,21.060787428206005,2.270396498847278,6.513595258370623,0.7994221882507757,0.10852983773392724,4.494142532348633
18,9.500611761342157,0.899283099188944,62.85394977432866,2.047541948362869,20.8513726144984,2.2537114775801785,6.3707077041597975,0.7947072867870979,0.11455927316358987,4.743817117479112
19,9.502982053449433,0.840914197445529,62.875700537936744,1.770414470456667,21.023797305246976,2.0612016862180123,6.492583357795721,0.7308812055899582,0.12058870859325249,4.9934917026095915
20,9.333934296862285,0.910445263792739,62.84146525967659,1.8834204314467786,21.178943753687253,1.9972436191499026,6.5415078857025195,0.6652039334770397,0.1266181440229151,5.24316628774007
21,9.458029455822535,0.8436763929572568,63.25466797547138,1.6383214539236661,21.126029202035312,1.9428069758591429,6.5262387908410675,0.6631890718384218,0.13264757945257774,5.492840872870551
22,9.375595368892034,0.8535812831563254,63.223338752732445,1.6595362557347708,21.156425652820264,2.1327146608105756,6.5003268400495084,0.7107727545909781,0.13867701488224038,5.742515458001031
23,9.481359857241829,0.8358362827078021,62.80654097715154,1.7479816337490055,21.03146860188712,1.8426464291121587,6.403166719914112,0.5753817110561725,0.144706450311903,5.99219004313151
24,9.499291026960499,0.8104912254367179,63.013260193742106,1.625876538334835,21.01872015146639,1.8767721166476858,6.451853376575761,0.6890666191177698,0.1507358857415656,6.24186462826199
25,9.457855273895763,0.6771531907996486,62.94766994285822,1.9526856456791972,21.00406633347036,1.8603200470892525,6.515274414482894,0.6869960859058016,0.15676532117122824,6.491539213392469
26,9.50577864685294,0.7568533200057218,62.78360731425603,1.619241809759938,21.097550936235933,1.8769247607327995,6.41642366925158,0.6449445146204563,0.16279475660089088,6.741213798522949
27,9.42623327063215,0.7355499401672225,63.12285861481078,1.51926736862575,21.03909674760559,1.5578505748580467,6.500740776669434,0.6379351176083987,0.1688241920305535,6.990888383653429
28,9.586550365952032,0.7596187646834416,62.98801832872074,1.5704871721576061,21.317680698178286,1.8324682801478949,6.484006720764012,0.5381990097714137,0.1748536274602161,7.240562968783908
29,9.415652194757543,0.7681188219254336,63.12024463959339,1.5782995449320514,20.965592640141974,1.791577898205974,6.622417528351809,0.5601568362361734,0.18088306288987874,7.490237553914388
30,9.407288578325902,0.7439169114386246,62.9147537992379,1.4096354453160906,20.983724459622724,1.7057136606767425,6.461529211627356,0.5442357807577112,0.18691249831954138,7.7399121390448675
31,9.405152434567535,0.6516616557196294,63.006293833356324,1.3314541965940776,21.08066892251141,1.833351941322884,6.504978574780044,0.545932974478882,0.192941933749204,7.989586724175347
32,9.497746012934503,0.6097099564106441,63.17527965983653,1.2167692218015156,21.076356658644006,1.5067935877987846,6.438444791615647,0.5088745548340667,0.1989713691788666,8.239261309305826
33,9.512908130923114,0.7070050115263828,62.66221173824282,1.4625664218496215,21.217740213536704,1.6628497622421927,6.501086469806687,0.508778280940797,0.20500080460852924,8.488935894436306
34,9.43939486874266,0.6938780800544471,63.11445564577587,1.3436438514834688,21.267151266141177,1.5333450750532436,6.4442593555369285,0.5595011248301845,0.21103024003819187,8.738610479566786
35,9.447497330750734,0.6149988090747042,63.12585400585185,1.4751353534736509,21.05718559544595,1.651881390749559,6.433746980188675,0.4888983955114877,0.21705967546785448,8.988285064697266
36,9.420389004055675,0.631203960984175,62.921659757774734,1.2069893282052533,21.118365646785048,1.6349335022701952,6.4275443519573425,0.5480123783732503,0.2230891108975171,9.237959649827744
37,9.427117411207428,0.6262950849425623,63.08875090675261,1.2372653855942906,20.92666691237638,1.380047181428989,6.458851192923759,0.5255553295126528,0.22911854632717973,9.487634234958223
38,9.428640064466439,0.5888046968312838,63.06409456867287,1.3832235102598176,20.985515304234866,1.5640275054172592,6.442302938881152,0.4777186954896227,0.23514798175684237,9.737308820088703
39,9.348947468938663,0.6262624817360448,62.9712077699616,1.323805228239955,20.725492755007128,1.2574150055335949,6.479819591366133,0.49753107178449035,0.24117741718650498,9.986983405219183
40,9.602852111662582,0.6273522022021121,63.116238594295034,1.2358562835784388,21.165831667547543,1.522646158014957,6.47209221861447,0.4565208910630724,0.2472068526161676,10.236657990349663
41,9.343948746372114,0.583366121737228,63.29963424029143,1.0212490732177875,20.832605440468654,1.273735977741749,6.463707332501697,0.4596897339516248,0.2532362880458302,10.48633257548014
42,9.403993703741996,0.6425370004134157,63.00282305135802,1.1599892984371016,21.204543448777983,1.4498927873840095,6.40734534555134,0.4787747101712964,0.25926572347549287,10.736007160610622
43,9.476640107962456,0.6251104662935608,62.77948915354352,1.2242195504804627,21.242400664219463,1.3596356279940076,6.4065732391019665,0.46557463322210174,0.2652951589051555,10.985681745741102
44,9.284468237472867,0.5768324878531956,63.1669105569971,1.212535616629027,21.18343963828938,1.4067818052812657,6.474566806157946,0.4439534130603032,0.2713245943348181,11.23535633087158
45,9.44924168649158,0.6005829828741264,62.974523032138684,1.212562482581935,21.02463097162245,1.4512581517969374,6.465122299379335,0.487365375544761,0.27735402976448076,11.485030916002062
46,9.43822368627824,0.5979931657077866,63.0457994587899,1.1425372463367949,20.96994343262592,1.1313377375045388,6.462820218671796,0.4543515221735036,0.28338346519414337,11.734705501132542
47,9.395663177288844,0.5499554810807927,62.981527164253244,1.1793958311900494,21.04181931098198,1.2838279476100098,6.407948183358267,0.41092200353925545,0.289412900623806,11.98438008626302
48,9.335928595957123,0.513570385158551,63.00115973490303,1.1332349654279958,21.135800811710975,1.3947433054629326,6.483355146781663,0.43655101462972495,0.2954423360534686,12.2340546713935
49,9.486647521164386,0.5611086492545917,63.10917201597188,1.0816486873022157,21.170035591300113,1.498962081382929,6.363594096489088,0.40219723144390085,0.3014717714831312,12.48372925652398
50,9.37827778366077,0.556270206000382,63.159559929913556,1.184718481786668,20.9873193178474,1.2008489057675644,6.492747193956694,0.41048750062876693,0.30750120691279387,12.733403841654459
51,9.392804616576221,0.5309743436551483,62.94286119066488,0.9569596220557206,21.138219199859112,1.326053866546662,6.464167250000521,0.3914979261321952,0.3135306423424565,12.983078426784939
52,9.352844520223904,0.4901998869341432,63.025679845837686,1.1334787004505424,21.024078285156275,1.371707820641327,6.482351368947233,0.3761205436745623,0.3195600777721191,13.232753011915419
53,9.370430429297544,0.5522462864293125,63.061067157407706,1.0630728286434432,21.065132301891666,1.319870133672942,6.44588954824902,0.38005974192958547,0.32558951320178176,13.482427597045898
54,9.38645929421216,0.5579268032184427,63.23169013609019,1.0725412132295709,21.036842316790114,1.252380580432697,6.484641768296767,0.393955190576672,0.33161894863144437,13.732102182176378
55,9.41485242906876,0.5258061661017113,63.04366426691067,1.1095529531657546,20.958875905718845,1.2322576258854683,6.5152119630084915,0.3992780287115811,0.337648384061107,13.981776767306858
56,9.396302300465461,0.5726040503126607,63.127976931911746,1.1454821263764565,21.367846158087684,1.252424794014245,6.5102355985928115,0.371578287485108,0.3436778194907696,14.231451352437336
57,9.463272433676034,0.5423345984275433,63.00001583398407,1.082152423450173,21.00381052245684,1.1300992073531315,6.442981782706598,0.4029110081621716,0.3497072549204322,14.481125937567816
58,9.495173831213902,0.5070297191115257,63.10577334523513,0.9077657654020861,20.760639460095877,1.2024707872761669,6.485665660376861,0.43173459103012224,0.35573669035009486,14.730800522698296
59,9.516688456857583,0.517224175918006,63.10585095116443,1.0588635122433223,20.781194652620343,1.1249835800554626,6.4641351534135545,0.3714248453429918,0.3617661257797575,14.980475107828775
60,9.412706885943198,0.4880541732308303,62.98993287961523,0.9802088039210464,21.157659763451466,1.1872872248894957,6.4241835771194085,0.36858508582848837,0.3677955612094201,15.230149692959255
61,9.450284575621406,0.47280419768113396,62.891485210514006,1.009564869722938,21.25056098063427,1.210064389884845,6.476479618866686,0.3650826111294224,0.37382499663908275,15.479824278089735
62,9.44041107439835,0.44084576270521564,62.98373365850298,1.0945293796642954,21.11960018176176,1.0050089311509722,6.452106986740422,0.354630188357517,0.37985443206874536,15.729498863220215
63,9.358025479344903,0.5447029895429983,63.10985765322002,0.9060125090990419,21.058203903725474,1.1201029347158302,6.457494649221153,0.35857395015728705,0.385883867498408,15.979173448350695
64,9.467275800518593,0.44576433597668397,63.08849506032075,0.8313676963243931,20.808487065495626,1.1412229347870262,6.430836301693287,0.3043777293306256,0.3919133029280706,16.22884803348117
65,9.416989947075146,0.5106332401463467,63.07236965566497,1.0350197763674323,21.119117733585792,1.047412504789707,6.42199590360844,0.36728950116689213,0.3979427383577332,16.478522618611652
66,9.437199671516897,0.49923360032836805,63.044730687369594,0.8916064330073841,21.171379096411755,1.0099615086240397,6.48624705309831,0.329348280424517,0.40397217378739586,16.72819720374213
67,9.348365097682768,0.4743206920586964,63.07534749939615,0.8971815794129105,21.133903346836018,1.255957754483522,6.449092454093756,0.3550264792466684,0.41000160921705847,16.977871788872612
68,9.483574269269146,0.464506062406443,63.062537617274444,1.000976640363201,21.113818213647207,1.2062511423896627,6.534316616232374,0.3428337271392266,0.4160310446467211,17.22754637400309
69,9.350594987576812,0.4727352986941167,63.07493747986379,0.8389679806525192,21.16741158636351,1.03444950950769,6.452227727733038,0.35157073173138736,0.42206048007638375,17.47722095913357
70,9.342124350754622,0.45443899356050593,63.08432786450157,0.9197401226782238,21.047625715459453,1.1733608654393475,6.442978942786839,0.3292341948137052,0.42808991550604636,17.72689554426405
71,9.42738428701277,0.42999419703533376,63.074073746599005,0.8884268005934151,21.19632099119105,0.9768485929492424,6.410968256662906,0.3565316045351243,0.43411935093570897,17.97657012939453
72,9.42663871712732,0.39843273525346157,62.9215839618338,1.02173840405217,21.42739830675868,1.0820790453816342,6.462169618278393,0.29306238432008336,0.4401487863653716,18.22624471452501
73,9.442639883355435,0.449474252872067,62.99638348573616,0.8118526273409322,21.07773367697611,1.173782276136161,6.471401708661521,0.3632510669562015,0.4461782217950342,18.475919299655487
74,9.430532611997455,0.43795982519720594,63.14337533790515,0.9298061059651088,21.087458304892124,1.1477836989873662,6.408972795860296,0.3415298694200433,0.45220765722469686,18.725593884785972
75,9.485860429809577,0.4162062515602553,62.83965351766029,0.8047793477846378,21.02117055983159,1.101082424977335,6.384043195519347,0.3320097805516155,0.45823709265435947,18.975268469916447
76,9.457278627795025,0.4461572386893175,63.09738158371035,0.8181640722607545,20.967383442560898,1.0898333503519027,6.4770235064137385,0.38014506895010597,0.4642665280840221,19.22494305504693
77,9.398417718065671,0.4260691167164622,62.99423671592607,0.8383004392619313,20.986726014821805,1.0531917427729918,6.422666526285663,0.3198154605879566,0.47029596351368474,19.474617640177406
78,9.53713957486915,0.4585019460603601,63.028895463029606,0.804783194881552,20.993173109881194,0.8857541309059249,6.436219411550983,0.28374385623749704,0.47632539894334736,19.724292225307888
79,9.454865097301356,0.40227667308276677,63.2148240152268,0.7629769079442493,21.304085601851362,0.9445317329439957,6.430828458539495,0.33341682064329903,0.48235483437300997,19.973966810438366
80,9.442321197995195,0.427131721079238,62.99004538382341,0.7772827478070057,21.063958733134907,0.9333614352385493,6.4774911905204675,0.32389927272337166,0.4883842698026726,20.223641395568844
81,9.44060621462245,0.3846014915334072,63.03927230356559,0.7418453210428003,21.11093612920235,0.936711178678034,6.502837866976426,0.3128665096523671,0.4944137052323352,20.473315980699326
82,9.47438179047859,0.41844403664620855,63.0292383090774,0.8113321800258493,20.89626058620559,1.0065541726220888,6.487625270398333,0.31591428933380067,0.5004431406619978,20.722990565829804
83,9.389548348821126,0.435079154374068,62.90665412586865,0.8102608162139907,20.97683969083135,0.8915723105806531,6.499938682632929,0.31146824304162846,0.5064725760916604,20.97266515096028
84,9.42295231439844,0.34518135704752323,63.13472203411669,0.7319325443944051,21.28552910566413,0.9814130034001344,6.490602594420828,0.29913853899989334,0.5125020115213231,21.222339736090767
85,9.479103966805397,0.39929767373444197,63.012966326512675,0.7772740812079177,21.0203214515357,0.8631754607872087,6.47416065909088,0.28145256075355796,0.5185314469509857,21.472014321221245
86,9.362686192780796,0.3873722512641358,63.00987274991938,0.8817912990855005,21.120201715065065,1.0073369547546447,6.43345971115588,0.31560773292677746,0.5245608823806484,21.721688906351723
87,9.406827227274924,0.384093803143588,63.09228631260563,0.7758152513971854,20.96395747199204,1.0348230272727896,6.501128096528313,0.2862900706242654,0.530590317810311,21.971363491482204
88,9.405798627639863,0.37902394324039745,63.08402889368586,0.6817067682400128,21.22750216379702,0.9774806488268952,6.45496964908836,0.2857505161270608,0.5366197532399736,22.221038076612682
89,9.439078922669907,0.39329367876650967,63.1567965943641,0.6551420408421057,20.921860480164902,0.9447288188327575,6.403307249289346,0.2569606638238012,0.5426491886696362,22.47071266174316
90,9.504482339801548,0.352166774422979,62.98661787895626,0.786552229625444,20.941762365353068,0.9293583945105298,6.501748187856263,0.30437177032487295,0.5486786240992988,22.720387246873642
91,9.485671614655454,0.3670786075588728,62.98608046585202,0.7343259361934982,20.98232113894211,0.9723250124614885,6.525762059111277,0.30151809905346777,0.5547080595289615,22.970061832004124
92,9.46727187354811,0.4124422280233471,63.07157290825227,0.8180012740777705,21.185801083388085,0.952379367607736,6.467034887237173,0.29499065126161156,0.5607374949586241,23.219736417134605
93,9.433245198505533,0.35079824126608866,63.03947918304129,0.7424477483641831,21.028163224988724,0.8380047177961125,6.492191274825122,0.28359483367182364,0.5667669303882867,23.469411002265083
94,9.473875094708374,0.3825169105182362,63.06338892391493,0.7286347073450322,21.187449383644008,0.910920609306823,6.435032806900273,0.31215654007987115,0.5727963658179493,23.71908558739556
95,9.468035887403069,0.33141548427966067,63.10375827251139,0.6888215671632936,21.165331182411602,0.8966220615047614,6.487386827073124,0.3005838470511923,0.578825801247612,23.96876017252604
96,9.439727770422959,0.3632348077914306,62.97190236382077,0.8855116189012827,21.06085349917027,0.82438470442906,6.514755562624155,0.2615924414608733,0.5848552366772746,24.21843475765652
97,9.44359898535767,0.3474406095898218,63.12208434746681,0.7881684779820706,21.063532254707454,0.9309513330315244,6.43638665310968,0.32280860653809096,0.5908846721069372,24.468109342787
98,9.435544755785111,0.3455720296685577,63.185114557744505,0.733364389072884,20.975053806832747,0.8565293046331401,6.465367112231624,0.2740621266822001,0.5969141075365998,24.717783927917477
99,9.466690197715037,0.3714780457266962,63.00346062027183,0.7678359332145638,21.16644906341476,0.8518185676363162,6.479589845338766,0.2994078356642777,0.6029435429662624,24.96745851304796
100,9.410377288511352,0.339684620728456,62.96655063972163,0.7797876496717066,21.072561960224714,0.815086641261098,6.4230600982410415,0.28120747323549544,0.6089729783959251,25.21713309817844
101,9.43196718209778,0.4045557783035605,63.05484481137679,0.7709479618284607,21.048081576705066,0.8496974417698854,6.5068501388490425,0.27342510995379593,0.6150024138255877,25.466807683308918
102,9.426009630460513,0.3288911567443982,62.957855126421926,0.7407397580952992,21.132050857546748,0.9001180777046092,6.4787107867986276,0.2661675632162864,0.6210318492552503,25.7164822684394
103,9.458723575293778,0.3698218499296362,63.06896589757283,0.690541912311187,21.174636088546315,0.9184922774153116,6.48484404332477,0.2442959575851977,0.627061284684913,25.966156853569878
104,9.429517026860236,0.3465062185601742,63.130704857519994,0.7280159445727538,21.22486402533512,0.9020326090052141,6.475871912188478,0.23500818434515086,0.6330907201145756,26.215831438700356
105,9.482791513972767,0.34084689775984134,63.04821415896554,0.7701827133129271,20.875854056517802,0.8401130209293473,6.5125948986596525,0.2589877010436846,0.6391201555442382,26.465506023830837
106,9.44181572802219,0.3413436421447117,63.006683120948246,0.6805761787611904,21.308843434296858,0.7534393927423397,6.513819598990487,0.23918776373415226,0.6451495909739008,26.715180608961315
107,9.46050374528867,0.3294117126229523,62.97860318304891,0.787128447878988,21.057440720354325,0.7972584810079787,6.433265930232005,0.26562842306644724,0.6511790264035635,26.964855194091797
108,9.41156197722023,0.3125903519671231,62.96386402172422,0.7294574899621356,20.95129894763658,0.8689883688231275,6.434099431387797,0.2669789422327668,0.6572084618332261,27.21452977922228
109,9.495172319702023,0.3437120528010034,63.071500198646376,0.6814578756291533,21.09843187790434,0.7846041764081135,6.512302056951867,0.25026546480963896,0.6632378972628887,27.464204364352756
110,9.423297205682164,0.3166898337876491,63.126025929376624,0.7457558318742618,21.15524594186437,0.7644315001640778,6.477452529187826,0.23236557361523583,0.6692673326925513,27.713878949483234
111,9.451871610527803,0.3085795497546642,63.03709287387496,0.5964720005789129,21.096891779997833,0.7923860661614148,6.450958944535136,0.23100907689735745,0.675296768122214,27.963553534613716
112,9.456903094819866,0.35798209748041254,63.059945279994466,0.7105125862000427,21.20794092445321,0.7946287954389052,6.448800152628188,0.25007171731004807,0.6813262035518766,28.213228119744194
113,9.352197779276441,0.3396135379751583,63.04200203819102,0.6956847139703175,21.030640373493654,0.8088789341970781,6.447793201026099,0.2401844914506217,0.6873556389815392,28.462902704874672
114,9.461123020667372,0.32318185407023403,63.07209296496591,0.6480559560642088,21.022671479285805,0.7319153532354197,6.454197937901467,0.25038497299081025,0.6933850744112018,28.712577290005154
115,9.472434243130886,0.3624174821715904,63.035126535078334,0.6127614993178974,20.94743416081043,0.669878785237554,6.447553464494008,0.21658391853555492,0.6994145098408644,28.96225187513563
116,9.401561050466256,0.3372888704967545,63.00585923426838,0.691680653007368,20.99916979528788,0.7016294019592364,6.417918419955576,0.248975896970458,0.7054439452705271,29.211926460266113
117,9.453755007945755,0.35053639224375316,63.050295188133994,0.6195590694117569,21.083530196357092,0.8442973612351475,6.472626153835917,0.2574857827480018,0.7114733807001897,29.46160104539659
118,9.445441297259354,0.3353561533980195,63.171626505504285,0.5287779785433673,21.065085326006177,0.828350983851718,6.4857795933788,0.22344872513462638,0.7175028161298523,29.711275630527073
119,9.45133617686483,0.26166771508632974,62.987149465776824,0.6273779878988176,21.227993017314656,0.7216138020203408,6.4845570421613665,0.2627053773696788,0.723532251559515,29.96095021565755
120,9.425436202390673,0.270838541523999,63.13491513078777,0.6655819936160923,20.947237122040036,0.7992037947256523,6.469386219675347,0.2604819510011674,0.7295616869891776,30.21062480078803
121,9.399657866720178,0.2934902863728158,62.990610492096266,0.6247690978458158,21.15854023546239,0.750055646907765,6.472952900158807,0.2182064262518294,0.7355911224188402,30.46029938591851
122,9.419271452066521,0.2719969502709532,63.02394923562671,0.6204402423887382,21.04804676474299,0.732127716964079,6.446756900839741,0.24067811082645413,0.7416205578485028,30.70997397104899
123,9.392098605117209,0.297802927434615,63.064814383815374,0.556968595710624,20.871945286699752,0.7190742695735186,6.477878547982654,0.24724597162168765,0.7476499932781655,30.95964855617947
124,9.431925530598026,0.2966737301054654,62.94649850691018,0.682957161533143,21.073604694892136,0.6842235618581324,6.4657679786758715,0.25365378706791586,0.7536794287078281,31.20932314130995
125,9.464716152191174,0.29215396173487984,62.94792809613126,0.5951476533961836,21.146529700875107,0.6670642592419607,6.4536408986641876,0.21910068039883637,0.7597088641374907,31.45899772644043
126,9.391218726493447,0.2954267323079865,63.026698121105774,0.6630017939239428,21.02782890952836,0.806222673600194,6.5016253598333416,0.2385910590582835,0.7657382995671533,31.708672311570908
127,9.428988019398378,0.32959843843801573,62.91128621243845,0.6694031408259047,21.13222332118761,0.6930269734563214,6.460558461937704,0.24774318451637295,0.771767734996816,31.95834689670139
128,9.446342352846573,0.32950437636970153,63.05202786771995,0.6977333441746904,21.02639343329085,0.8284369242301121,6.429915609492618,0.21668890319204825,0.7777971704264786,32.208021481831864
129,9.44273889686467,0.2326874705167797,63.034503419882576,0.680319081401458,21.012283718714556,0.6994093602020292,6.468805744884006,0.23886884187587484,0.7838266058561412,32.45769606696234
130,9.452010006410122,0.2787202130206094,63.057429091406405,0.602606274564533,21.169446838487165,0.6100103386572502,6.452325099419255,0.23262630662811715,0.7898560412858038,32.70737065209283
131,9.412463878458212,0.27442478643087337,63.03224590117024,0.5440489748614711,21.00600217140976,0.6950924465507734,6.490601932991242,0.2272678801852065,0.7958854767154664,32.957045237223305
132,9.428323431949885,0.32166720550873695,62.9623647088593,0.5958524852697139,21.1162385374358,0.6774417942788563,6.426135206130638,0.21885634900048256,0.8019149121451291,33.20671982235378
133,9.475153120644904,0.3269285554370049,63.11606636117407,0.5810102512663259,21.074187748001144,0.7188507630825028,6.457833090486622,0.23658815870685038,0.8079443475747917,33.45639440748426
134,9.409703863424209,0.29081922867414256,63.14956608898755,0.6485240734921255,21.000465660811717,0.6988789720530918,6.4587774255455965,0.2328305575717851,0.8139737830044543,33.706068992614746
135,9.486820026245315,0.27812210112172847,63.088454900823486,0.5350104853387221,21.138339854787386,0.71083096876355,6.47232163209443,0.21686225962312808,0.8200032184341169,33.955743577745224
136,9.438310531445248,0.3043144331497271,63.07622163261221,0.5182213801172718,20.979095735746565,0.6817671717323175,6.499202329540401,0.23283050585123063,0.8260326538637796,34.2054181628757
137,9.438907384965399,0.29940886759592966,63.06877271121454,0.529108674205083,20.992722390609902,0.729862427407772,6.449067421346911,0.1991400131195473,0.8320620892934422,34.45509274800618
138,9.461764060724597,0.2673505392043563,63.057126741815495,0.6167149029068439,20.884815245131186,0.6040336156137622,6.4781247989120505,0.21950446271246216,0.8380915247231048,34.70476733313666
139,9.416119290221934,0.2602519647257932,62.96905502091976,0.6208365939075629,21.137069754603097,0.683820566239488,6.478634668684961,0.2164580256251705,0.8441209601527675,34.95444191826714
140,9.424004306416965,0.266061802401887,63.05474014682081,0.6274677090808611,21.05390412387902,0.6266348442982379,6.453549460857174,0.20608292717123217,0.8501503955824301,35.20411650339763
141,9.390703206840083,0.297544759584044,63.08094084708287,0.5461046017044313,21.147264029119015,0.6675239935288562,6.462760616580682,0.20447388248418616,0.8561798310120927,35.4537910885281
142,9.442641494970962,0.2922510552474871,63.03398291205058,0.5622796680923627,21.08839837484173,0.6343574201526307,6.488811956339463,0.22239882521662757,0.8622092664417553,35.70346567365858
143,9.436415156973863,0.2753330459101842,62.96384009674137,0.6126962304777013,20.951908943854924,0.5732531319454058,6.441255721480622,0.1993134040396793,0.8682387018714179,35.95314025878906
144,9.413310164901493,0.2940265391336664,63.07692705582331,0.5705420603764499,21.02917539415949,0.6705816676496714,6.501808623110486,0.2223738562441951,0.8742681373010806,36.20281484391954
145,9.430993086692714,0.28824749334793154,63.102723980308454,0.504900897747921,21.000136075310596,0.6901179910705378,6.449042170152179,0.2115880085802176,0.8802975727307432,36.45248942905002
146,9.409724575531564,0.29031513661008707,63.01874247537483,0.47928065057845287,21.01712467369549,0.682707184842253,6.472861971497046,0.18561597267533222,0.8863270081604058,36.7021640141805
147,9.511554061143446,0.27010306530054456,63.11056912305997,0.4830469133947838,21.086437467717374,0.6578251345928978,6.486747145133441,0.18890503357455785,0.8923564435900684,36.951838599310975
148,9.448336952864691,0.2506055920975735,62.931974078311555,0.5116421228947595,21.066528642387777,0.6694067852045984,6.449484333188866,0.20862409001879215,0.8983858790197311,37.20151318444146
149,9.448021596063697,0.29563427026791894,63.05421611703906,0.5590731388240122,21.034246014202726,0.6683854846076033,6.446553797800389,0.1745614060033255,0.9044153144493937,37.451187769571945
150,9.44574423592333,0.24996587930775394,63.08258505128857,0.5571716156427797,21.084636776701387,0.5670867852605929,6.451082380522073,0.1882531548196028,0.9104447498790563,37.700862354702416
151,9.455626485620801,0.2531141311032363,63.044670436883656,0.5130245695567897,20.99282290304909,0.555377175633648,6.487022315653961,0.21563905259251545,0.9164741853087189,37.950536939832894
152,9.417014886315336,0.2786330084946388,63.126410761622786,0.5629095587000473,21.073734964011223,0.5722034864194445,6.495189302664038,0.19722949188807642,0.9225036207383815,38.20021152496338
153,9.453457473500126,0.27036936945667106,63.01524764226756,0.5557497719419254,21.133439357171174,0.6403200704122844,6.4454171984968065,0.20064894189054513,0.9285330561680442,38.44988611009386
154,9.412263518687306,0.24897906315291413,62.99602902720396,0.5253800724993062,21.05160350997326,0.6381085579495938,6.461632932910766,0.17646037754431954,0.9345624915977068,38.699560695224335
155,9.400927444150714,0.26167999204822584,62.92518919015487,0.5799327602505151,21.065909818384647,0.6186819482256012,6.470588585144177,0.17868050018474654,0.9405919270273695,38.94923528035481
156,9.418270136648538,0.24713814251736746,63.13133910829647,0.5507087750773109,21.037675658470366,0.5899127568000051,6.456034836632363,0.17704515463221496,0.9466213624570321,39.1989098654853
157,9.375964794397532,0.22580084626623337,63.093803619430524,0.5171784150846037,20.908434362583154,0.5537882627083119,6.464940724169342,0.21390326712543709,0.9526507978866947,39.448584450615776
158,9.447478091899523,0.2810095008571673,62.98049944554517,0.5468208486008781,21.04268606349185,0.6893674782446397,6.458851602478971,0.19481193223230847,0.9586802333163573,39.698259035746254
159,9.430061489010788,0.2509550296882664,63.009506680589595,0.47727918614664433,20.998313340489318,0.6604349182178336,6.458151854838424,0.1833531747856037,0.9647096687460199,39.94793362087673
160,9.417679176654362,0.24913911244580775,63.08060637665519,0.5205353648473371,21.05588970338406,0.6284515287633811,6.46282781420647,0.19005541673837661,0.9707391041756825,40.19760820600721
161,9.433531439738598,0.2655228592718937,63.01621567018842,0.5260525858247905,21.015172050815224,0.5774098242567178,6.4241326142446615,0.1781453195647985,0.9767685396053452,40.44728279113769
162,9.385709798312831,0.23319969944454996,63.11764689545235,0.4542927393830889,21.073426659484138,0.6447341281629744,6.485157834708727,0.1828701875099511,0.9827979750350078,40.69695737626817
163,9.42310069868834,0.25620578402817573,63.12101410807634,0.5576177101633912,21.211343835180756,0.5568547599962848,6.480320717354804,0.20177669760841058,0.9888274104646704,40.94663196139865
164,9.384716864878989,0.22712280091205128,62.99037000383646,0.46862668149954617,21.174796942535593,0.5503706171921088,6.46811488287366,0.20873512446925782,0.9948568458943331,41.19630654652913
165,9.452710593742802,0.2193352395797748,63.09045607818635,0.49667835745506117,21.109585338492757,0.5188445457341799,6.454195857300898,0.1692662472280748,1.0008862813239956,41.44598113165961
166,9.413734722196896,0.24443201029616068,62.97552362798373,0.5281012141889934,21.079128017559295,0.528775641681977,6.476840262470034,0.18373665350017304,1.0069157167536582,41.695655716790085
167,9.46509615191909,0.23908761959096553,62.999003729622885,0.5003218339570799,21.087914571504584,0.5698145127209978,6.437921134104913,0.20826248041106687,1.0129451521833208,41.94533030192056
168,9.478482226871314,0.2613679910696273,63.07026352459603,0.5076534884075623,21.092070824825385,0.6038974702256907,6.488821967246958,0.19230560454121176,1.0189745876129837,42.19500488705105
169,9.425873792665888,0.23023410465337632,63.04250908991805,0.5443553813491488,21.05469058217847,0.5561086556202133,6.483099212162026,0.1792830381808537,1.0250040230426463,42.444679472181534
170,9.427244998940393,0.26263163728510425,63.04482506285401,0.541137998935906,21.087174152226172,0.588106438106023,6.493868891158601,0.21134271966728002,1.0310334584723089,42.69435405731201
171,9.424361331546763,0.198099636668705,63.04491778924282,0.48288074108690954,21.063507030952124,0.5722914698199846,6.462562492181152,0.20008013127122662,1.0370628939019715,42.94402864244249
172,9.452931650948011,0.22286311958146982,63.10017563513772,0.4793620128691269,21.006473886766816,0.4908581906378827,6.503288352047239,0.18707622618946793,1.043092329331634,43.193703227572975
173,9.4107517386182,0.23395787760747175,63.08563076853822,0.4592253491966082,21.1002017196723,0.6585351967501795,6.440591237306541,0.16085912665963717,1.0491217647612967,43.443377812703446
174,9.462225476014481,0.22770071283682852,62.992885822374944,0.515903638970158,21.087977874212633,0.5433067395159431,6.4934762442008145,0.1812320092366853,1.0551512001909593,43.69305239783393
175,9.455263558244758,0.24340805734863574,63.07426247643385,0.5236190772943183,21.075107507236098,0.5515747597482332,6.438724867643211,0.1732486703274208,1.061180635620622,43.94272698296441
176,9.398541829237223,0.2582913556857979,63.095133280697986,0.5086726360484584,21.099174012193277,0.5593762302741027,6.458635419923864,0.1396746055456671,1.0672100710502845,44.19240156809489
177,9.414511893608147,0.20961174531138882,63.03888646682443,0.4395507360696742,21.02771778250587,0.5557041401266832,6.436539043275133,0.18915774830830168,1.0732395064799471,44.442076153225365
178,9.382767687261115,0.22995792731675857,63.08460160859075,0.5151962355928316,21.124531535483364,0.6072682786245661,6.509482768675833,0.16084279615295916,1.0792689419096098,44.69175073835584
179,9.42924356927388,0.2338412358182921,63.042967590840604,0.5128072369612849,21.108170771435635,0.4605706253182797,6.496053211554526,0.18678680305604115,1.0852983773392724,44.94142532348632
180,9.425744687473859,0.21728829101108216,63.04328841809076,0.49364230839108514,20.949847497539285,0.6116409815802524,6.451049995752992,0.1679332624713164,1.091327812768935,45.191099908616806
181,9.453544970781229,0.2381095638134632,63.09100462857001,0.42897371927891687,21.07491204390376,0.5579540648110126,6.451318683002839,0.17471343510674295,1.0973572481985976,45.440774493747284
182,9.4478848201862,0.1948128368972256,63.06098108407599,0.4512757441909266,21.092686438357106,0.483555150349025,6.4548626674900484,0.1666535666607679,1.1033866836282602,45.69044907887776
183,9.428059655215911,0.2306140035847662,63.009899187541194,0.4569115109926618,21.114071687891407,0.5275449022506655,6.4623008083787505,0.17793635994327478,1.109416119057923,45.94012366400825
184,9.415601111833432,0.2113778808207014,63.07704842424786,0.4846685626853999,21.12174809320031,0.5109200809616806,6.471592523249305,0.17553680302720034,1.1154455544875856,46.18979824913873
185,9.438553810274021,0.2790870640461807,63.08078841156081,0.4667326150235747,21.000572633464778,0.4579917250869636,6.475982727215649,0.1734792526891894,1.1214749899172483,46.43947283426921
186,9.44430641107716,0.2087457634997487,62.990785744746,0.47304761145341,21.107023759965,0.48986447187851817,6.447879240403799,0.1612437798359167,1.1275044253469109,46.68914741939968
187,9.444373992016068,0.2137580578492225,63.07107709403241,0.4815307525098991,21.102704170510354,0.5600540193331324,6.490899389868802,0.18356380906753605,1.1335338607765735,46.93882200453017
188,9.441016859607803,0.20519081016857418,63.03017962182044,0.4171515210449652,21.033172874917145,0.5069692543813852,6.453540454264306,0.1762100646497332,1.139563296206236,47.188496589660645
189,9.41875097066195,0.19087071500609967,63.02125575160833,0.47202524901605747,20.981997531858344,0.5094402604477716,6.431644556825614,0.1713319614463379,1.1455927316358987,47.43817117479112
190,9.45315133230652,0.2211190280341979,63.05548447220599,0.45252680431696746,21.081930015061474,0.5033839582365779,6.493503911398884,0.15717491146409066,1.1516221670655613,47.68784575992161
191,9.415146511034797,0.25031600785320335,63.1070986225711,0.4413494383630695,21.093246310600406,0.5149534221837611,6.457101703702132,0.1748544434237639,1.157651602495224,47.93752034505208
192,9.420762416155888,0.22129730250907495,62.98563251707604,0.46033149451523725,21.113784415298973,0.5534593816908756,6.458626380335147,0.14881223770057433,1.1636810379248865,48.18719493018256
193,9.38363573170954,0.20590812541847045,62.99543383757026,0.471937136275203,21.13635462383241,0.5216828300995606,6.47616938689266,0.1503570601940667,1.1697104733545491,48.43686951531304
194,9.467816986820901,0.20815798156401621,63.04840230003574,0.4318400130125748,21.035903016072567,0.5273067872120455,6.492732789202778,0.14740071890679757,1.1757399087842118,48.68654410044352
195,9.407002971022218,0.20911579158798324,63.04974065899494,0.4156928030878307,21.0525526787018,0.4683513846883965,6.458821086392732,0.16835396306589812,1.1817693442138744,48.936218685574
196,9.454342096065421,0.22146024999297115,63.0199001065669,0.40271929016735614,21.052287445820173,0.47321156732793357,6.462670097522866,0.15674299958714205,1.187798779643537,49.185893270704476
197,9.462495013001297,0.244367817202365,62.997097945732236,0.4569516936835966,21.04483771937361,0.5092825259448523,6.471426865666238,0.16221278251702048,1.1938282150731996,49.435567855834954
198,9.460446758757802,0.21730392275734717,63.08841396697259,0.46018373969413706,21.131724309245833,0.5525730593826885,6.449373497774368,0.16647021237666887,1.1998576505028622,49.68524244096543
199,9.434658169081665,0.2202020423335766,63.029844189328266,0.39301945598311216,21.020553221313282,0.4365781785565329,6.44602999619212,0.1534358030777722,1.2058870859325248,49.93491702609592
200,9.399501306892383,0.2097692585508677,63.09627964609537,0.4164076381195855,21.091148277986637,0.46800776636323616,6.471056671499671,0.14361022395707287,1.2119165213621876,50.1845916112264
201,9.409167137151067,0.19629977451756234,63.010025995437665,0.44245458592134207,21.035655358127777,0.4613772433304413,6.447358897313195,0.16405759786275387,1.2179459567918502,50.43426619635688
202,9.423862547475311,0.19023167190173956,62.96593120728893,0.4262186799582327,21.061490651389896,0.5604181484297502,6.473324313101997,0.14976611036424406,1.2239753922215129,50.68394078148736
203,9.418263853102607,0.19378120516231273,63.07314638151648,0.4132028950361519,21.140060708329493,0.5083664938785435,6.4381347261394986,0.17245284106838893,1.2300048276511755,50.933615366617836
204,9.44980570265336,0.20716670992280597,63.09935955557499,0.3640446087544975,21.023105525031845,0.5010788487339883,6.470633222305867,0.14922531951621062,1.236034263080838,51.183289951748314
205,9.463777313332926,0.20490718882590284,63.0570895695825,0.46077223287879093,21.091086891487596,0.5352417227864168,6.504201979463544,0.15043702131434267,1.2420636985105007,51.4329645368788
206,9.417260910041136,0.18314261675593693,62.989423739961516,0.46079397161032754,21.165384430925247,0.479746534169172,6.483922389502751,0.14139096193054268,1.2480931339401633,51.68263912200928
207,9.417293314137048,0.20773488899981452,63.10897298735764,0.3849622801422807,21.127509423800365,0.48951523878836434,6.425433507966214,0.1529240802287989,1.254122569369826,51.932313707139755
208,9.403922924788985,0.20930555545739135,62.94348285136014,0.3935567361420251,21.046980413489397,0.49284206636676997,6.478719488456294,0.1395263763401564,1.2601520047994885,52.18198829227023
209,9.410779809264673,0.20225707736748236,62.99757635703375,0.4022169825904387,21.10099348449994,0.5206274003616704,6.462965191664701,0.16492424649495394,1.2661814402291511,52.43166287740071
210,9.450992441559478,0.17840623287524585,63.02469369411696,0.4640262748318281,21.12703611556876,0.4555971936921625,6.478530136501994,0.1671330631056284,1.2722108756588137,52.6813374625312
211,9.44203906717237,0.17602394117017384,63.03087724957483,0.36864427662373433,21.04377370457617,0.4585124832935609,6.46442111736979,0.15039684371167938,1.2782403110884764,52.931012047661675
212,9.42755610695346,0.2032763880347874,63.019219043033395,0.40765575323705167,21.06785981127817,0.45465045352535505,6.474610039877441,0.17936051605037237,1.284269746518139,53.18068663279215
213,9.431230083647428,0.20554443545830783,63.10478371806408,0.361647835997915,20.97640269026435,0.45713897903912243,6.484506447630873,0.14660653959838774,1.2902991819478016,53.43036121792263
214,9.464702613175177,0.19705380197977285,63.08764025296343,0.4125964300641881,21.006024478069705,0.44455639184614854,6.442264123982096,0.14737142324053207,1.2963286173774642,53.68003580305311
215,9.45703461088343,0.1963202618227375,63.10902864258485,0.3209909219622899,21.186072167776217,0.4678870565560682,6.442039178287338,0.15059078802598078,1.302358052807127,53.929710388183594
216,9.406913038370751,0.21084580298182035,63.01510094918736,0.37211627061125935,21.102444431264555,0.4100169086194811,6.478656430444402,0.16694159607480383,1.3083874882367896,54.17938497331407
217,9.405268137780084,0.19314545549268006,63.03507582972379,0.44011321488449756,21.02661536957825,0.4480353804328849,6.463985584674963,0.13058660850843415,1.3144169236664522,54.42905955844456
218,9.456025886371064,0.17626840916375985,63.06562738138859,0.39896542009056024,21.066458125520125,0.5232893250668913,6.4265877171473935,0.12430692361227844,1.3204463590961149,54.678734143575035
219,9.450221447571021,0.17721259118096114,63.019229435330935,0.3967680589691771,21.0940790358572,0.4638924971587822,6.459187579730504,0.14828868353844923,1.3264757945257775,54.92840872870551
220,9.421287814766167,0.1784902597290198,63.02256840681339,0.38790356085316624,21.06842853254892,0.4525433347568476,6.461057226111373,0.13993215438233064,1.33250522995544,55.17808331383599
221,9.43558313908132,0.1829966908503879,62.979216401942374,0.36182261034450963,21.127660329110743,0.44849062532761025,6.474610898816991,0.14455481988879243,1.3385346653851027,55.42775789896647
222,9.43515359030267,0.16501283435927264,63.073313641725996,0.3766240372124639,21.054232239385517,0.482507873096283,6.4655585946592735,0.13612275691212508,1.3445641008147653,55.67743248409695
223,9.410953462392005,0.2091321319417676,63.078714136708456,0.35339888982371165,21.008727856697398,0.4666227533924385,6.451647617582402,0.13703071820005186,1.350593536244428,55.92710706922743
224,9.42275785615959,0.19291920625047468,63.05707399980273,0.35496552439716084,21.042135409892026,0.4685820903615366,6.455021097908626,0.13432708200801347,1.3566229716740905,56.17678165435791
225,9.425520201706743,0.15422370391967272,62.99585762762175,0.37652702692966183,21.112904463106908,0.3616337910289014,6.454400440524328,0.135370263601745,1.3626524071037531,56.42645623948839
226,9.469264670111027,0.1753701904848803,62.97340359804548,0.34984968882323847,21.042209722969233,0.4413828087458473,6.4779952482854295,0.1534354718681424,1.3686818425334157,56.676130824618866
227,9.425049809474661,0.19172938713096033,63.012364560535254,0.38155685354221924,21.086414916796755,0.4060906594994928,6.466167520208021,0.14740469188024105,1.3747112779630783,56.925805409749344
228,9.464046916014832,0.1893989722304189,63.0474058546093,0.4100815620878281,21.19367228011727,0.34967533477284896,6.467638072229709,0.12362689463780542,1.380740713392741,57.17547999487982
229,9.423509827985207,0.18702947614733187,62.99326960144582,0.35607322381027007,20.98744493912543,0.4178335345065709,6.4456495931247595,0.13867686954107217,1.3867701488224036,57.42515458001031
230,9.407530024279273,0.18238833015406705,63.04943962696299,0.3606866314191218,21.078861603036927,0.4228785556057137,6.453802475712522,0.12915664473870675,1.3927995842520662,57.674829165140785
231,9.406311606952627,0.18157356420850365,62.98793722274521,0.42068825925071524,21.003857983756976,0.4300276267433391,6.489161841163472,0.1289701717726568,1.3988290196817288,57.92450375027126
232,9.42304228027996,0.16828403290148558,63.07545413608337,0.3260033960521925,21.063608339748654,0.429671837428142,6.45773051997182,0.14644202796940448,1.4048584551113916,58.17417833540175
233,9.451618158591177,0.17832486782385132,63.05449153364604,0.3436258089705221,21.077243372728383,0.45630313797587246,6.486201440070093,0.14189357920323176,1.4108878905410542,58.42385292053223
234,9.462740047758908,0.17117279436501162,62.99173098813472,0.3796743686858006,20.996352567103383,0.3873709008991854,6.4661336186396445,0.1091542973796993,1.4169173259707168,58.673527505662705
235,9.391370929540152,0.17679719659070364,63.03512026552895,0.3568726860672647,21.099774170752042,0.44513224839924986,6.475521127779903,0.14369740020197372,1.4229467614003795,58.92320209079318
236,9.446013330231557,0.16516130359854206,63.04700012187544,0.3477583143843654,21.06283810940463,0.4068274894687173,6.469507409567748,0.12592033362655486,1.428976196830042,59.17287667592367
237,9.425617332136234,0.16720574272781036,62.99909145647811,0.33933640071195215,21.09367500390997,0.4126903620089064,6.479965559771992,0.12040485013386036,1.4350056322597047,59.422551261054146
238,9.448074032840168,0.17165453681372392,62.98164320839997,0.35340263477621675,21.058822120986882,0.4203191148325592,6.488533926414958,0.15180962110255347,1.4410350676893673,59.672225846184624
239,9.418129895670374,0.15676446439480793,63.029333423519965,0.36845453002433626,21.091845561383302,0.40073756132762484,6.462651652065864,0.11909597762639056,1.44706450311903,59.9219004313151
240,9.450485341936384,0.1607568263852503,62.98676884580104,0.3505006493083715,21.085201648022593,0.3794770698747627,6.464544873802086,0.13962719826789688,1.4530939385486925,60.17157501644558
241,9.440401668943279,0.16676137747686914,63.04158167430216,0.32804560646518044,21.077167187038622,0.4224189815303859,6.468232212697309,0.13233967122674625,1.4591233739783551,60.42124960157606
242,9.442009247672706,0.17189159905267776,63.03756986565318,0.3339977729297522,21.11746734393168,0.3884344548537195,6.443043404229357,0.1389570834507044,1.4651528094080177,60.67092418670654
243,9.43658151900497,0.1647856963446023,63.07929138159989,0.29401893127187995,21.0676827925933,0.3576352632606723,6.483956360337664,0.11407281933592789,1.4711822448376803,60.92059877183702
244,9.431590285673769,0.1715220341183309,63.0621276601478,0.2984059893966302,21.08985879999593,0.408290141961749,6.483155578931662,0.11531154946545637,1.477211680267343,61.1702733569675
245,9.418593880595159,0.17181116955542425,63.06869205170953,0.3259389307639722,21.054312605570573,0.37036592278743974,6.45316154157485,0.12955137664128674,1.4832411156970056,61.41994794209798
246,9.423162174515113,0.1675776374814078,63.02447799489343,0.31110565195757356,21.045247014079294,0.36931495448643764,6.463741682495923,0.125308765918443,1.4892705511266682,61.669622527228455
247,9.453330090569589,0.16538722953952523,63.042140079940005,0.2957525236874568,21.185111321071222,0.3912313544789304,6.458057230653902,0.12021229091706885,1.495299986556331,61.91929711235894
248,9.425903813073433,0.15238284115376444,63.040274513936374,0.3662052660318604,21.07497024470801,0.3861092174399076,6.473218376517597,0.13570737179522324,1.5013294219859936,62.16897169748942
249,9.437787110031229,0.16993570246357576,63.04027139928393,0.29072095746393917,21.109256718314725,0.37440026021143563,6.480792996330052,0.11407244057078937,1.5073588574156562,62.4186462826199
250,9.441685226166015,0.165009958689439,63.05804789626732,0.2886770153196266,21.09332999781582,0.3899055863847577,6.4520775265839445,0.11950018665089857,1.5133882928453188,62.66832086775038
251,9.432051880359024,0.16859790819777543,63.078668712992865,0.321344833089851,21.053386168909057,0.4118698172602052,6.459353616989242,0.1387509725003821,1.5194177282749814,62.91799545288086
252,9.4184841513435,0.16705992601282296,63.06952648762711,0.3310282277853079,21.08285957101283,0.35250662361040097,6.452601226533553,0.11957622395890752,1.525447163704644,63.16767003801134
253,9.44958492009314,0.15542180929080276,63.08965804056188,0.36130864625588854,21.046898840877816,0.3641476505194712,6.4480580271130234,0.11680781672250821,1.5314765991343067,63.417344623141815
254,9.451218744691293,0.15024360297610082,63.03105402134258,0.3393901210457422,21.068494264174046,0.3983207498262772,6.458769438236095,0.10545994099586523,1.5375060345639693,63.66701920827229
255,9.414426902996908,0.1689938577501902,62.940120768117495,0.35126803312319926,21.131784642240532,0.36529498898838697,6.483925466789509,0.11781781203370982,1.543535469993632,63.91669379340278
256,9.443941659869928,0.15315062822342365,63.02548621824802,0.30221205603175394,21.06703038203522,0.3799527023730665,6.4467823060178775,0.10807258677743145,1.5495649054232945,64.16636837853325
257,9.437545393184797,0.14600956324409628,63.01505942223949,0.31627320692721583,21.024814123096085,0.3894490388215398,6.450304948894287,0.11743840606758021,1.5555943408529571,64.41604296366373
258,9.421370740419219,0.1446059322533238,63.069855611580195,0.3073978505748657,21.037673419459963,0.362621438414821,6.4546011976753945,0.10131622347751278,1.5616237762826197,64.6657175487942
259,9.431650420830147,0.16870786095906412,62.957235937936,0.3466895233218185,21.048499945543416,0.3390660791805031,6.4426853244628495,0.09901635854583932,1.5676532117122823,64.91539213392468
260,9.449276639422504,0.14455632175519784,63.048433612002874,0.3043253483550902,21.084662345721245,0.37249722589568546,6.464016951627113,0.11142959109595707,1.573682647141945,65.16506671905516
261,9.449598041554713,0.1500178714042743,63.05036417032244,0.30183108323005414,21.073506002826452,0.40738882632247747,6.461983596030982,0.10858972050344388,1.5797120825716076,65.41474130418565
262,9.433694441608113,0.13475386515610815,63.071453426839476,0.3266361869780259,21.094039979840545,0.36164145998147895,6.474869988501322,0.11496759648363687,1.5857415180012702,65.66441588931613
263,9.436607870840595,0.15486287402534452,63.04811140723193,0.3045437714026626,21.086660566342047,0.3965559211919098,6.465667365188845,0.10259908257184837,1.5917709534309328,65.91409047444661
264,9.41412254834216,0.1543790855113167,62.98387834020026,0.2810097461927972,21.09809595541922,0.4140913842797471,6.462337196666674,0.0993447166662131,1.5978003888605956,66.1637650595771
265,9.421014649395685,0.13583207012203177,63.056945579367145,0.3100215625705234,21.115035042929573,0.3699610901752431,6.463883650494314,0.12450839574451492,1.6038298242902582,66.41343964470757
266,9.430817994993623,0.15082370890324526,62.99254200188946,0.32459789440876247,21.063640197442826,0.35739022702874057,6.474101569616546,0.11611731925361536,1.6098592597199208,66.66311422983804
267,9.415873471223954,0.1365135660592294,63.054708666909946,0.32490489218301094,21.083169640766872,0.3475030758984034,6.476852282212741,0.10210665281292576,1.6158886951495834,66.91278881496852
268,9.442555321863992,0.13670324813691576,63.07256465554616,0.31279056213675754,21.047701570083614,0.29878327096463103,6.449554297206927,0.10594145079135939,1.621918130579246,67.16246340009901
269,9.394683974990162,0.15787674204057084,63.06253252973572,0.29281678875388767,21.036138379959887,0.32637232540315225,6.453311901618456,0.11462109655747993,1.6279475660089087,67.41213798522949
270,9.428723315339552,0.15157140145329728,63.084877447995694,0.2952523428247537,21.033563069877218,0.3386188949983347,6.451685554744544,0.103629480353814,1.6339770014385713,67.66181257035997
271,9.421267155831199,0.1456505473432802,63.07709581027783,0.29896932130867415,21.063928834875384,0.3521521746478946,6.449634809148648,0.1146595296026758,1.6400064368682339,67.91148715549045
272,9.455093272895054,0.13941995719466627,63.04296335403296,0.3126995843692762,21.09456434587736,0.3360642294747057,6.463105047556872,0.11172488793642557,1.6460358722978965,68.16116174062093
273,9.431692817778503,0.13399020524670827,63.031989083945184,0.31943666207495924,21.08686499774798,0.3452973823288214,6.461811879021401,0.10649247245745516,1.652065307727559,68.4108363257514
274,9.43189670259878,0.14989173440419548,63.061506087838886,0.2694109060899026,21.029999600242256,0.36166161992813955,6.457456286812142,0.10208045737373155,1.6580947431572217,68.66051091088188
275,9.438102120929571,0.1276340304592222,62.9890530154055,0.30441596781180325,21.15234694802094,0.3262247400466402,6.462267465721776,0.1100559458503241,1.6641241785868843,68.91018549601236
276,9.447912717503566,0.13491926647458657,63.051036667057836,0.279771679612286,21.123574145837928,0.3143343064808505,6.470751477435209,0.1035512621338545,1.670153614016547,69.15986008114284
277,9.419412066607682,0.14165916890379787,63.088414642136414,0.26206815874893136,21.049897409789175,0.3675059168755649,6.458419089511677,0.1172612403954969,1.6761830494462095,69.40953466627332
278,9.438211081207779,0.14281410604698572,62.99495899672017,0.2794204516832865,21.032230387591163,0.32653119619770055,6.451772250480363,0.10407110540392066,1.6822124848758722,69.6592092514038
279,9.416785968172455,0.14150353780933922,63.01192957796529,0.2998606682872761,21.09448583261462,0.34497387893270903,6.471849652903563,0.10301784151183263,1.688241920305535,69.90888383653429
280,9.42544944411047,0.14155815511986725,63.00115155196967,0.25274755026547346,21.131682201158494,0.3208293723382728,6.45143344807738,0.09536823537242595,1.6942713557351976,70.15855842166478
281,9.431753785081536,0.13822901777856672,63.05447111699596,0.2936812571528666,21.059759457495943,0.28192962196957405,6.472677112262882,0.09019670819496688,1.7003007911648602,70.40823300679526
282,9.436288247685859,0.12456370618289389,63.09382724140215,0.2662127580905203,21.069274590244024,0.3329353137935628,6.466677046075682,0.1096319494523455,1.7063302265945228,70.65790759192573
283,9.439731634533642,0.12720739443041557,63.019728195270574,0.2718557851097376,21.140633215271283,0.3452943422396186,6.451882355185696,0.10140206594673057,1.7123596620241854,70.9075821770562
284,9.424684866434744,0.12904750229037093,63.056328223667485,0.26531972017557487,21.060165427580298,0.3394521057216814,6.4817190587820575,0.08833606729506041,1.718389097453848,71.15725676218668
285,9.417980407550589,0.13797611880178506,63.09141255153414,0.2974876859076989,21.07274252106558,0.317431090665131,6.461330293195884,0.09642260295351228,1.7244185328835107,71.40693134731715
286,9.436246064396094,0.1299305487607108,63.0446106740743,0.2754190792245824,21.051990224969224,0.29221913052578713,6.471650648952912,0.08567705410059914,1.7304479683131733,71.65660593244765
287,9.452522452018027,0.11894651354281804,63.0115330455417,0.26743928752652846,21.127868919000875,0.3251327842757274,6.460831116654609,0.11048159843974555,1.7364774037428359,71.90628051757812
288,9.439391374086743,0.12246617132287939,62.99387282003639,0.26715523885374076,21.048295767154606,0.31866019164783904,6.437296577049622,0.10531689224976012,1.7425068391724985,72.1559551027086
289,9.438500651388559,0.13958535488356827,63.01811149637084,0.26956208517671937,21.07118616541517,0.28167802580872847,6.446700146904411,0.09939478950550588,1.748536274602161,72.40562968783908
290,9.424032063344379,0.11129980889429458,63.01768997756672,0.2728136685266043,21.130691858139212,0.30477200786205255,6.456576629969702,0.1004531246492668,1.7545657100318237,72.65530427296956
291,9.421771755775081,0.11815456393046685,63.045757107702315,0.23618695977883425,21.06496344498114,0.25878777128240366,6.482264845802659,0.11357848866932951,1.7605951454614863,72.90497885810004
292,9.429591354343872,0.1075034592815164,63.02332031313481,0.2506566678367056,21.01213934736728,0.290691208055389,6.464630256551026,0.08754516175442242,1.766624580891149,73.15465344323052
293,9.410213795211439,0.11513006755792779,63.04797722781695,0.25091231672688086,21.107931750592606,0.3113134740785702,6.452972685122932,0.08480705010457053,1.7726540163208115,73.404328028361
294,9.426769578736808,0.10968752428566483,63.06386314618493,0.25492698462962976,21.078501710588768,0.2814599795613773,6.463551310439656,0.09464638658011301,1.7786834517504742,73.65400261349147
295,9.417711499762769,0.116618628255764,63.035579363647834,0.25812186184386726,21.046469443427235,0.3183001182607438,6.464069731329862,0.08861377307660598,1.7847128871801368,73.90367719862195
296,9.421282371163361,0.12792135536984373,63.038062645281585,0.2312631510720856,21.084440521571008,0.2884137210910488,6.463374726142029,0.09519828591941476,1.7907423226097996,74.15335178375244
297,9.446606581646984,0.11914359736743997,63.05315349825116,0.2301785176990258,21.097130940745288,0.2920927780121185,6.470603817806654,0.09402348856238706,1.7967717580394622,74.40302636888292
298,9.422904311298007,0.11793762673717412,63.00116314675021,0.24294796829840448,21.069014122985863,0.27638278357887636,6.476155414735319,0.09462650756228064,1.8028011934691248,74.6527009540134
299,9.442749929953083,0.12010830361143542,63.04054605157418,0.2578264386627344,21.092989480583938,0.2724218558010418,6.472116360012465,0.09612953446077253,1.8088306288987874,74.90237553914389
300,9.437348763881868,0.13206095610989074,63.03962942801378,0.2759844511441906,21.098995478001907,0.2737696739339133,6.479247629355446,0.0868646366694994,1.81486006432845,75.15205012427437
301,9.43467173138997,0.11733642157205096,63.04122830626567,0.2154983630856189,21.082799070341053,0.2347565645037871,6.476117402158707,0.09098984607044379,1.8208894997581127,75.40172470940483
302,9.405651169650346,0.10498460035508296,63.076667201923044,0.2524019872402828,21.085501928018207,0.3016823263549853,6.47377694900777,0.08362913487321695,1.8269189351877753,75.65139929453531
303,9.427009734820274,0.11351342282556626,63.03898264870603,0.2149959570095266,21.036206470213063,0.2633617414060891,6.478066514612065,0.08285653914854259,1.8329483706174379,75.90107387966579
304,9.427242416278192,0.1117547586751557,63.02966877202642,0.23405273161226822,21.06489344651722,0.24313280767608544,6.458915157907972,0.09286999178410048,1.8389778060471005,76.15074846479627
305,9.441126532566937,0.11052327601272322,63.04790814976256,0.2592266526416459,21.071035741145,0.2622377754511109,6.470257978616002,0.09118044434458927,1.845007241476763,76.40042304992676
306,9.422981964973562,0.10963428088290225,63.026394847905735,0.19755449203048614,21.002628036688932,0.26906315244420453,6.4614591298297634,0.08734501493026992,1.8510366769064257,76.65009763505724
307,9.424060202230262,0.12679079022573636,63.01602348386134,0.26815936089788694,21.051819378488627,0.26399102958675935,6.468746132657686,0.09141126172120395,1.8570661123360883,76.89977222018771
308,9.425862823706193,0.12072098139745695,63.070598318578696,0.245484683912472,21.05919146924985,0.2607895050655067,6.449450360570841,0.08746490841286651,1.863095547765751,77.14944680531819
309,9.443679339305236,0.10412037964909807,63.023924705512975,0.21666392039866125,21.05894129449136,0.27466280225911144,6.4651183734263595,0.08194248218052341,1.8691249831954135,77.39912139044867
310,9.41669961455435,0.1076342666096144,63.0608093008027,0.23169729869918868,21.06993733364264,0.24816081765587533,6.472573322350742,0.08246851312400656,1.8751544186250761,77.64879597557915
311,9.408009350662589,0.11334398963777467,63.04078416544596,0.2114080231630781,21.10842514928102,0.24729022323277672,6.46320034711954,0.07707293726327942,1.881183854054739,77.89847056070963
312,9.435423540057052,0.09794265527091407,63.06044568840944,0.19544373706168774,21.057731611050183,0.27366658126156856,6.471247462136764,0.09548975284508196,1.8872132894844016,78.14814514584012
313,9.436000766426817,0.10218830355191164,62.99794570760922,0.2358273173893394,21.02064277835593,0.2686698237778524,6.470328924291638,0.08041590665717156,1.8932427249140642,78.3978197309706
314,9.430449368958355,0.10978060306228812,63.051190790098715,0.24681923621238352,21.10326820677629,0.24607174813727722,6.455894043140592,0.07964971238672455,1.8992721603437268,78.64749431610107
315,9.437169273707276,0.10376103815915766,63.02463756755062,0.22878445398523234,21.085115077084538,0.25224255924308603,6.453099958650096,0.0840925504495982,1.9053015957733894,78.89716890123155
316,9.424904795653259,0.10693638145635727,63.031340532845185,0.2145683052896794,21.05676503006517,0.25442635622978355,6.466466476551213,0.08878261513135433,1.911331031203052,79.14684348636203
317,9.440165611975752,0.11323176662060727,63.03467337761691,0.23189494492849339,21.058751744333012,0.24271749857757155,6.452388642307579,0.08781548691734863,1.9173604666327146,79.39651807149251
318,9.42304963686257,0.11725357539513767,63.01345313603964,0.1854823766342166,21.050110185792224,0.2565429419343248,6.457864290128494,0.06642322133005597,1.9233899020623773,79.646192656623
319,9.423233867202836,0.09657337685675245,63.02930480178982,0.20420702873193677,21.07292062706825,0.2506441072950089,6.469773198300954,0.06785195021108657,1.9294193374920399,79.89586724175346
320,9.42409723966027,0.09910398648347592,63.05795325515131,0.22497768558833506,21.054846407993267,0.24884759032211798,6.461198907421248,0.08096431172989826,1.9354487729217025,80.14554182688394
321,9.444636991240646,0.11548850511694549,62.99622779111594,0.19190078873204233,21.044975268183958,0.24517944744313458,6.455506906103776,0.08499096921336453,1.941478208351365,80.39521641201442
322,9.440722362028932,0.09816030604837919,63.020887281935686,0.204388991572284,21.042835214448864,0.2732938755860541,6.47776078358594,0.07650615985753323,1.9475076437810277,80.6448909971449
323,9.440258141463145,0.10618622027433533,63.04154462944457,0.21083119555330251,21.1014535075425,0.24026662322594547,6.462566954642418,0.0774508454191425,1.9535370792106903,80.89456558227538
324,9.442801330137216,0.10021691292706328,63.05369034362785,0.2344405558371034,21.12497920175625,0.22835830544954505,6.458178382359223,0.08229003036308549,1.959566514640353,81.14424016740587
325,9.428015028400562,0.10901817676908349,63.04220680916422,0.20831937945819007,21.089469154294566,0.21813074004031935,6.46288214492925,0.07487468082597008,1.9655959500700155,81.39391475253635
326,9.427441458300862,0.0968201293966566,63.0239431586157,0.2076072794127917,21.042405711344937,0.19690760240779204,6.464908588471771,0.0740373195207632,1.9716253854996781,81.64358933766682
327,9.439605618151376,0.10943613825601597,63.032757735441095,0.20030732484277058,21.083385079585497,0.2277236973848675,6.471036526060918,0.07949938027869635,1.9776548209293408,81.8932639227973
328,9.436438938009134,0.10308863856982418,63.050183023306275,0.1870728486174974,21.07144441146721,0.24711953817425678,6.461486724275674,0.08137774562943578,1.9836842563590036,82.14293850792778
329,9.447941428023976,0.09253188883359427,63.00714996199086,0.18679701308141536,21.117037860845222,0.21092366243434144,6.454379792649695,0.08167313117658156,1.9897136917886662,82.39261309305826
330,9.440507365070758,0.09800886275554792,63.00374238110114,0.1965085481207032,21.092951526833186,0.21923735940255112,6.470403923248014,0.06579764940184474,1.9957431272183288,82.64228767818874
331,9.430356740510906,0.09777336527718711,63.02029072835532,0.2088036576284699,21.069248601531932,0.22121420525091784,6.4591136529552164,0.07587500324132629,2.001772562647991,82.89196226331921
332,9.431859591804702,0.09548039334594742,63.026918641630736,0.18554621859030884,21.0524271331424,0.22066120394639693,6.466388796461264,0.08712688311586285,2.007801998077654,83.1416368484497
333,9.437796315470647,0.09323826653884627,63.05487668680083,0.21099741416410797,21.066847249595707,0.20490731460911854,6.464182617375145,0.075147286191172,2.0138314335073164,83.39131143358017
334,9.432073393250478,0.08700570624869332,63.04641190134872,0.21348902011461107,21.100315126226008,0.22781166387800558,6.467690544930495,0.07661031857312504,2.0198608689369792,83.64098601871066
335,9.432818284291509,0.09068744439486633,63.01725615476756,0.19365945924404288,21.06544724752809,0.222411074994484,6.4644771468530875,0.07640277722520515,2.0258903043666416,83.89066060384113
336,9.415950754183687,0.08643886325298088,63.02970307375517,0.19157594446138126,21.114754059191725,0.18974500009594159,6.483211008102692,0.06665426425632821,2.0319197397963045,84.14033518897162
337,9.41279442960587,0.08739698276262597,63.0392139657139,0.1807270243982836,21.087167095367956,0.2351060761290399,6.472824744759481,0.06930928339948442,2.0379491752259673,84.3900097741021
338,9.43467482224946,0.09024486962932311,63.040588596288586,0.18722790317154372,21.088241897385572,0.19837404897713087,6.462824155845757,0.06666034531702399,2.0439786106556297,84.63968435923258
339,9.427193749112783,0.08534403125790892,63.009522019858814,0.16703520048435094,21.08927529405662,0.2194381163270406,6.4793537380504445,0.07370740979796273,2.0500080460852925,84.88935894436307
340,9.436090112593568,0.08511859645137634,63.03839290596675,0.18593206402589593,21.08477890632677,0.21445532662005173,6.474131115582604,0.058762030450893434,2.056037481514955,85.13903352949353
341,9.444258307616716,0.08080635382164315,63.05111024699059,0.1738039680506252,21.055997160853224,0.21546475301682802,6.471894331779578,0.06548000553352645,2.0620669169446177,85.38870811462402
342,9.427651765162194,0.08630435824830486,63.020825442497,0.20324085875062586,21.064465829601215,0.22903084943099344,6.454581051510462,0.061398301316053436,2.06809635237428,85.6383826997545
343,9.440984418288538,0.08366905889907841,63.02622515299308,0.18767336530710385,21.081213844639315,0.19495316704224327,6.462618325918399,0.06099878125832693,2.074125787803943,85.88805728488498
344,9.435776084896846,0.0859343850772412,63.026611185442256,0.16944586634498576,21.038266073172498,0.20837542229058487,6.477395573369743,0.06474956145857597,2.0801552232336054,86.13773187001546
345,9.43869426205238,0.07980336764206612,63.02881962607243,0.1697552092410485,21.072962059608795,0.18076660886340534,6.464306165360505,0.06299302257752401,2.086184658663268,86.38740645514595
346,9.444499625597473,0.0688149532348706,63.03085651460719,0.15950749944863854,21.10261806508303,0.1671830041829372,6.454296828337015,0.0630721671128525,2.0922140940929306,86.63708104027641
347,9.425101688122224,0.07918129035320119,63.03162073381688,0.1732321491944878,21.08117984035848,0.18573019858833245,6.465543336625203,0.062183281959087476,2.0982435295225934,86.88675562540689
348,9.420948280332924,0.0751990029264203,63.03532620745262,0.16076456922747334,21.078485857953225,0.21262457945991664,6.464552744813978,0.059425459395031195,2.104272964952256,87.13643021053737
349,9.435469239116175,0.07936538383909868,63.02143954371458,0.163819309650388,21.064214988092164,0.18529229594141391,6.459891994980537,0.061612404558745046,2.1103024003819186,87.38610479566786
