time (h),dQ/dt (J/gh),Q(t) (J/g)
0,0.62,0
0.001111111,0.52,0
0.004444444,1.14,0
0.007222222,5.69,0.01
0.01,36.41,0.07
0.012777778,66.2,0.21
0.015555556,84.71,0.42
0.018333333,95.78,0.67
0.021111111,103.43,0.95
0.023888889,108.5,1.24
0.026666667,112.12,1.55
0.029444444,114.6,1.86
0.032222222,116.16,2.18
0.035555556,117.19,2.57
0.038888889,117.6,2.96
0.042777778,117.29,3.42
0.046111111,116.67,3.81
0.049166667,115.85,4.17
0.052222222,114.81,4.52
0.055555556,113.47,4.9
0.058611111,112.12,5.24
0.061666667,110.67,5.58
0.064722222,109.12,5.92
0.070833333,105.81,6.58
0.073888889,104.05,6.9
0.147222222,63.92,13.06
0.150277778,62.47,13.25
0.153333333,61.23,13.44
0.156388889,59.89,13.63
0.159444444,58.65,13.81
0.1625,57.3,13.99
0.165555556,56.16,14.16
0.168611111,54.92,14.33
0.171666667,53.89,14.5
0.174722222,52.65,14.66
0.177777778,51.61,14.82
0.181111111,50.37,14.99
0.184166667,49.34,15.14
0.1875,48.3,15.3
0.190555556,47.27,15.45
0.193888889,46.23,15.61
0.197222222,45.1,15.76
0.200555556,44.17,15.91
0.203611111,43.24,16.04
0.206666667,42.41,16.17
0.21,41.37,16.31
0.213055556,40.55,16.44
0.216388889,39.72,16.57
0.219444444,38.89,16.69
0.2225,38.17,16.81
0.225555556,37.34,16.93
0.228611111,36.62,17.04
0.245833333,32.79,17.64
0.253055556,31.34,17.87
0.266666667,28.75,18.28
0.270277778,28.13,18.38
0.281111111,26.38,18.68
0.284722222,25.75,18.77
0.288333333,25.24,18.86
0.315,21.62,19.48
0.318611111,21.2,19.56
0.345555556,18.31,20.09
0.35,17.89,20.17
0.368888889,16.24,20.49
0.373055556,15.93,20.56
0.378055556,15.52,20.64
0.382222222,15.2,20.7
0.4,13.96,20.96
0.405,13.65,21.03
0.426388889,12.41,21.31
0.438055556,11.79,21.45
0.450833333,11.17,21.6
0.4625,10.65,21.73
0.4675,10.45,21.78
0.472777778,10.24,21.83
0.478333333,10.03,21.89
0.507777778,9,22.17
0.514166667,8.79,22.23
0.521666667,8.58,22.3
0.528055556,8.38,22.35
0.536388889,8.17,22.42
0.589722222,6.93,22.82
0.5975,6.83,22.87
0.6075,6.62,22.94
0.619722222,6.41,23.02
0.640833333,6.1,23.15
0.654166667,5.9,23.23
0.669444444,5.69,23.32
0.688333333,5.48,23.43
0.706111111,5.28,23.53
0.718055556,5.17,23.59
0.74,4.96,23.7
0.7775,4.65,23.88
0.804166667,4.45,24
0.823055556,4.34,24.08
0.857777778,4.14,24.23
0.878055556,4.03,24.31
0.901388889,3.93,24.4
0.976388889,3.62,24.68
1.005833333,3.52,24.79
1.040555556,3.41,24.91
1.0775,3.31,25.03
1.126944444,3.21,25.19
1.169722222,3.1,25.32
1.2375,3.1,25.53
1.318333333,2.9,25.77
1.434166667,2.79,26.1
1.663611111,2.9,26.75
1.825277778,2.9,27.22
1.825277778,3,27.22
1.925833333,3.1,27.53
2.027777778,3.1,27.85
2.112222222,3.31,28.12
2.192222222,3.41,28.39
2.267222222,3.52,28.65
2.340277778,3.62,28.91
2.411666667,3.72,29.17
2.473888889,3.83,29.4
2.535277778,3.93,29.64
2.600833333,4.03,29.9
2.653888889,4.14,30.12
2.71,4.24,30.36
2.761666667,4.34,30.58
2.811944444,4.45,30.8
2.867222222,4.55,31.05
2.915833333,4.65,31.27
2.960277778,4.76,31.48
3.053055556,4.96,31.93
3.095277778,5.07,32.14
3.136111111,5.17,32.35
3.176388889,5.28,32.56
3.221388889,5.38,32.8
3.261111111,5.48,33.02
3.3025,5.59,33.25
3.342222222,5.69,33.47
3.381388889,5.79,33.69
3.416388889,5.9,33.89
3.454444444,6,34.12
3.492777778,6.1,34.35
3.528611111,6.21,34.57
3.565277778,6.31,34.8
3.601111111,6.41,35.03
3.635,6.52,35.25
3.7075,6.72,35.73
3.741944444,6.83,35.96
3.775555556,6.93,36.19
3.843055556,7.14,36.66
3.876388889,7.24,36.9
3.943611111,7.45,37.39
3.977777778,7.55,37.65
4.011111111,7.65,37.9
4.044722222,7.76,38.16
4.101944444,7.96,38.61
4.134722222,8.07,38.87
4.170277778,8.17,39.16
4.204722222,8.27,39.44
4.258888889,8.48,39.89
4.293055556,8.58,40.18
4.326944444,8.69,40.47
4.360555556,8.79,40.76
4.415277778,9,41.25
4.449444444,9.1,41.56
4.484166667,9.21,41.88
4.518055556,9.31,42.19
4.571111111,9.52,42.69
4.605277778,9.62,43.02
4.661666667,9.83,43.57
4.695277778,9.93,43.9
4.729166667,10.03,44.24
4.786388889,10.24,44.82
4.82,10.34,45.17
4.888333333,10.55,45.88
4.9125,10.55,46.13
4.9125,10.65,46.13
4.942777778,10.76,46.45
4.976111111,10.86,46.81
5.010555556,10.96,47.19
5.069722222,11.17,47.84
5.102222222,11.27,48.2
5.135555556,11.38,48.58
5.236111111,11.69,49.74
5.269722222,11.79,50.13
5.365277778,12.1,51.27
5.400277778,12.21,51.7
5.434166667,12.31,52.12
5.468333333,12.41,52.54
5.503333333,12.52,52.98
5.537777778,12.62,53.41
5.573611111,12.72,53.86
5.607777778,12.83,54.3
5.643611111,12.93,54.76
5.683055556,13.03,55.27
5.721666667,13.03,55.77
5.721666667,13.14,55.77
5.756666667,13.24,56.23
5.791111111,13.34,56.69
5.830277778,13.45,57.21
5.868333333,13.55,57.72
5.913333333,13.55,58.33
5.9525,13.76,58.86
5.995,13.86,59.45
6.038611111,13.96,60.06
6.081666667,14.07,60.66
6.126388889,14.17,61.29
6.172222222,14.27,61.94
6.218888889,14.38,62.61
6.261388889,14.48,63.22
6.315277778,14.58,64
6.365833333,14.69,64.74
6.415555556,14.79,65.47
6.4675,14.89,66.24
6.525277778,15,67.1
6.588888889,15,68.05
6.645555556,15.2,68.91
6.713611111,15.31,69.95
6.781111111,15.41,70.99
6.850833333,15.52,72.07
6.932777778,15.62,73.35
7.024444444,15.72,74.79
7.109166667,15.83,76.13
7.199444444,15.83,77.56
7.222222222,15.83,77.92
7.222222222,15.93,77.92
7.354166667,16.03,80.03
7.516111111,16.14,82.63
7.714166667,16.24,85.84
7.770277778,16.24,86.75
8.261388889,16.14,94.7
8.295277778,16.24,95.25
8.33,16.14,95.81
8.618888889,16.03,100.46
8.842222222,16.03,104.04
8.842222222,15.93,104.04
8.88,16.03,104.64
9.0325,15.83,107.07
9.221388889,15.83,110.06
9.221388889,15.72,110.06
9.378055556,15.72,112.52
9.378055556,15.62,112.52
9.413055556,15.72,113.07
9.556944444,15.52,115.32
9.730555556,15.52,118.01
9.730555556,15.41,118.01
9.909166667,15.41,120.76
9.909166667,15.31,120.76
10.09222222,15.31,123.56
10.09222222,15.2,123.56
10.265,15.2,126.19
10.265,15.1,126.19
10.29972222,15.2,126.72
10.45138889,15,129.01
10.61666667,14.89,131.48
10.77583333,14.79,133.84
10.8975,14.69,135.63
11.035,14.58,137.64
11.13861111,14.48,139.15
11.24111111,14.38,140.63
11.33777778,14.27,142.01
11.44722222,14.17,143.57
11.53027778,14.07,144.74
11.62083333,13.96,146.01
11.70333333,13.86,147.16
11.79194444,13.76,148.38
11.88083333,13.65,149.6
11.94916667,13.55,150.53
11.9675,13.65,150.78
11.9675,13.55,150.78
12.05083333,13.55,151.91
12.05083333,13.45,151.91
12.12722222,13.34,152.93
12.20222222,13.24,153.93
12.2825,13.14,154.99
12.36861111,13.14,156.12
12.4525,12.93,157.21
12.53861111,12.83,158.32
12.61833333,12.72,159.34
12.70361111,12.62,160.42
12.78138889,12.52,161.4
12.86944444,12.41,162.5
12.95333333,12.31,163.54
13.02777778,12.21,164.45
13.12416667,12.21,165.63
13.20611111,12,166.62
13.28777778,11.89,167.6
13.37388889,11.89,168.62
13.46805556,11.69,169.73
13.55638889,11.58,170.76
13.65194444,11.58,171.87
13.65194444,11.48,171.87
13.74472222,11.38,172.93
13.82944444,11.27,173.89
13.92138889,11.17,174.92
14.025,11.17,176.08
14.11416667,10.96,177.07
14.21555556,10.86,178.18
14.30805556,10.76,179.18
14.41527778,10.76,180.33
14.44861111,10.65,180.69
14.52,10.55,181.45
14.62388889,10.45,182.54
14.73138889,10.45,183.66
14.83777778,10.24,184.76
14.94194444,10.14,185.82
15.06583333,10.14,187.08
15.06583333,10.03,187.08
15.16166667,9.93,188.04
15.18166667,10.03,188.24
15.18166667,9.93,188.24
15.19138889,10.03,188.34
15.20527778,9.93,188.48
15.28055556,9.83,189.22
15.41111111,9.83,190.5
15.41111111,9.72,190.5
15.54027778,9.62,191.75
15.64916667,9.52,192.79
15.77472222,9.52,193.99
15.80861111,9.41,194.31
15.89916667,9.31,195.16
16.04083333,9.31,196.48
16.04083333,9.21,196.48
16.19111111,9.21,197.86
16.19111111,9.1,197.86
16.32666667,9,199.09
16.44888889,8.9,200.18
16.48361111,9,200.49
16.48361111,8.9,200.49
16.61777778,8.79,201.68
16.775,8.69,203.05
16.92416667,8.58,204.34
16.9575,8.69,204.63
17.08472222,8.58,205.73
17.10027778,8.58,205.86
17.10027778,8.48,205.86
17.11916667,8.58,206.02
17.26472222,8.38,207.25
17.30666667,8.48,207.6
17.44055556,8.38,208.73
17.6275,8.17,210.28
17.66083333,8.27,210.55
17.81027778,8.07,211.77
17.84611111,8.17,212.06
18.00194444,8.07,213.33
18.03555556,7.96,213.6
18.22111111,7.86,215.07
18.43611111,7.86,216.76
18.43611111,7.76,216.76
18.65583333,7.76,218.47
18.65583333,7.65,218.47
18.6925,7.65,218.75
18.6925,7.76,218.75
18.885,7.55,220.22
18.92166667,7.65,220.5
19.13583333,7.45,222.12
19.39416667,7.45,224.04
19.39416667,7.34,224.04
19.4275,7.45,224.29
19.67388889,7.24,226.1
19.72166667,7.34,226.45
19.96166667,7.14,228.19
19.99527778,7.24,228.43
20.29388889,7.03,230.56
20.32944444,7.14,230.81
20.6075,6.93,232.77
20.64277778,7.03,233.02
20.67694444,6.93,233.26
20.96333333,6.83,235.23
20.99833333,6.93,235.47
21.03555556,6.83,235.73
21.29027778,6.72,237.46
21.34638889,6.72,237.84
21.39305556,6.83,238.16
21.63472222,6.72,239.8
21.67694444,6.72,240.08
21.67694444,6.62,240.08
21.72361111,6.62,240.39
21.77694444,6.72,240.75
22.085,6.52,242.79
22.21583333,6.41,243.64
22.39027778,6.31,244.75
22.43083333,6.31,245.01
22.70333333,6.21,246.72
22.74305556,6.31,246.97
23.00194444,6.21,248.59
23.03555556,6.1,248.8
23.07138889,6.21,249.02
23.34638889,6.1,250.71
23.35972222,6.1,250.79
23.35972222,6,250.79
23.40138889,6,251.04
23.70583333,6,252.87
23.70583333,5.9,252.87
23.75055556,6,253.14
24.01694444,5.79,254.71
24.05555556,5.9,254.94
24.32333333,5.69,256.49
24.35777778,5.79,256.69
24.61083333,5.59,258.13
24.64888889,5.69,258.34
24.90277778,5.48,259.76
24.94583333,5.59,260
25.17305556,5.38,261.25
25.20916667,5.48,261.45
25.2425,5.38,261.63
25.4575,5.28,262.78
25.49361111,5.38,262.97
25.74916667,5.17,264.32
25.78833333,5.28,264.52
26.04611111,5.07,265.85
26.33138889,5.07,267.3
26.33138889,4.96,267.3
26.37277778,5.07,267.51
26.63166667,4.86,268.8
26.66944444,4.96,268.99
26.94416667,4.76,270.33
26.95194444,4.86,270.37
26.95194444,4.76,270.37
26.95611111,4.86,270.39
26.96444444,4.76,270.43
26.98472222,4.86,270.53
27.00861111,4.76,270.64
27.28055556,4.65,271.92
27.31555556,4.76,272.08
27.34888889,4.65,272.24
27.60916667,4.55,273.44
27.6675,4.55,273.71
27.70611111,4.65,273.89
27.99583333,4.45,275.21
28.02527778,4.55,275.34
28.02527778,4.45,275.34
28.04944444,4.55,275.45
28.07638889,4.45,275.57
28.10638889,4.45,275.7
28.10638889,4.55,275.7
28.40944444,4.34,277.05
28.455,4.34,277.25
28.49583333,4.45,277.43
28.87944444,4.24,279.1
28.91388889,4.34,279.25
28.95083333,4.24,279.41
28.95083333,4.34,279.41
28.95777778,4.24,279.44
29.325,4.14,280.98
29.35888889,4.24,281.12
29.39222222,4.14,281.26
29.435,4.24,281.44
29.45027778,4.14,281.5
29.45027778,4.24,281.5
29.45666667,4.14,281.53
29.87055556,4.03,283.22
29.90916667,4.14,283.38
29.94277778,4.03,283.52
30.4075,3.93,285.37
30.44083333,4.03,285.5
30.47583333,3.93,285.64
30.51027778,4.03,285.78
30.56222222,3.93,285.99
30.56222222,4.03,285.99
30.93333333,3.93,287.47
30.99916667,3.93,287.73
30.99916667,3.83,287.73
31.03444444,3.93,287.87
31.06833333,3.83,288
31.10583333,3.93,288.15
31.65611111,3.72,290.25
31.69083333,3.83,290.38
31.725,3.72,290.51
31.76055556,3.83,290.64
32.32111111,3.62,292.73
32.35472222,3.72,292.85
32.35472222,3.62,292.85
32.38138889,3.72,292.95
32.41361111,3.62,293.07
32.45277778,3.72,293.21
33.07805556,3.52,295.47
33.11138889,3.62,295.59
33.14555556,3.52,295.71
33.18055556,3.62,295.83
33.89833333,3.41,298.35
33.93194444,3.52,298.47
33.96583333,3.41,298.59
34.00027778,3.52,298.71
34.02722222,3.41,298.8
34.02722222,3.52,298.8
34.04,3.41,298.84
34.04,3.52,298.84
34.04333333,3.41,298.85
34.69722222,3.31,301.05
34.75361111,3.31,301.24
34.78916667,3.41,301.36
34.82555556,3.31,301.48
34.90111111,3.41,301.73
35.5625,3.21,303.92
35.58416667,3.31,303.99
35.58416667,3.21,303.99
35.63861111,3.21,304.16
35.67333333,3.31,304.27
35.71083333,3.21,304.39
35.74861111,3.31,304.51
36.57777778,3.1,307.17
36.61222222,3.21,307.28
36.64777778,3.1,307.39
36.69944444,3.21,307.55
37.54277778,3,310.17
37.60194444,3,310.35
37.63805556,3.1,310.46
37.67138889,3,310.56
37.70833333,3.1,310.67
37.74194444,3,310.77
38.60583333,2.9,313.32
38.63944444,3,313.42
38.67638889,2.9,313.53
38.715,3,313.64
38.74833333,2.9,313.74
38.78555556,3,313.85
39.70638889,2.79,316.52
39.72083333,2.9,316.56
39.72083333,2.79,316.56
39.72583333,2.9,316.57
39.73416667,2.79,316.59
39.74583333,2.9,316.62
39.76916667,2.79,316.69
39.79722222,2.9,316.77
39.83,2.79,316.86
39.87138889,2.9,316.98
39.90861111,2.79,317.09
39.94222222,2.9,317.19
39.97027778,2.79,317.27
39.97027778,2.9,317.27
40.04305556,2.79,317.48
40.04305556,2.9,317.48
40.81583333,2.69,319.64
40.84805556,2.79,319.73
40.84805556,2.69,319.73
40.89666667,2.79,319.86
40.89666667,2.69,319.86
40.96638889,2.69,320.05
41.00166667,2.79,320.15
41.03527778,2.69,320.24
41.06888889,2.79,320.33
41.10305556,2.69,320.42
41.16166667,2.79,320.58
42.17416667,2.59,323.3
42.20777778,2.69,323.39
42.24416667,2.59,323.49
42.28027778,2.69,323.59
42.315,2.59,323.68
42.35083333,2.69,323.77
42.38472222,2.59,323.86
42.43361111,2.69,323.99
42.46083333,2.59,324.06
42.46083333,2.69,324.06
43.45916667,2.48,326.64
43.50555556,2.59,326.76
43.50555556,2.48,326.76
43.54,2.59,326.85
43.57888889,2.48,326.95
43.61305556,2.59,327.04
43.64666667,2.48,327.13
43.6825,2.59,327.22
43.71611111,2.48,327.31
43.75138889,2.59,327.4
44.925,2.38,330.32
44.98777778,2.38,330.47
45.02222222,2.48,330.55
45.05583333,2.38,330.63
45.08972222,2.48,330.71
45.125,2.38,330.8
45.15972222,2.48,330.88
45.19305556,2.38,330.96
45.2225,2.38,331.03
45.2225,2.48,331.03
46.4525,2.28,333.96
46.48722222,2.38,334.04
46.5225,2.28,334.12
46.55666667,2.38,334.2
46.59083333,2.28,334.28
46.6325,2.38,334.38
46.66694444,2.28,334.46
46.70944444,2.38,334.56
46.76583333,2.28,334.69
46.76583333,2.38,334.69
46.82277778,2.28,334.82
46.82277778,2.38,334.82
48.02111111,2.17,337.55
48.09805556,2.17,337.72
48.13388889,2.28,337.8
48.17083333,2.17,337.88
48.20972222,2.28,337.97
48.24666667,2.17,338.05
48.28583333,2.28,338.14
48.31916667,2.17,338.21
48.34,2.17,338.26
48.34,2.28,338.26
48.39638889,2.17,338.39
48.39638889,2.28,338.39
49.73833333,2.07,341.31
49.77194444,2.17,341.38
49.80611111,2.07,341.45
49.84138889,2.17,341.52
49.87527778,2.07,341.59
49.91333333,2.17,341.67
49.94888889,2.07,341.75
49.9875,2.17,341.83
50.02083333,2.07,341.9
50.06611111,2.17,342
51.53055556,1.97,345.03
51.56138889,2.07,345.09
51.56138889,1.97,345.09
51.58666667,2.07,345.14
51.61666667,1.97,345.2
51.65,2.07,345.27
51.68666667,1.97,345.34
51.72166667,2.07,345.41
51.75638889,1.97,345.48
51.79,2.07,345.55
51.82444444,1.97,345.62
51.88333333,2.07,345.74
51.91861111,1.97,345.81
53.39833333,1.86,348.64
53.46388889,1.97,348.77
53.46388889,1.86,348.77
53.47805556,1.97,348.8
53.47805556,1.86,348.8
53.48555556,1.97,348.81
53.49583333,1.86,348.83
53.51055556,1.97,348.86
53.53944444,1.86,348.92
53.57138889,1.97,348.98
53.60611111,1.86,349.05
53.64055556,1.97,349.12
53.67388889,1.86,349.18
53.71083333,1.97,349.25
53.74722222,1.86,349.32
53.78527778,1.97,349.39
53.82805556,1.86,349.47
53.82805556,1.97,349.47
53.88333333,1.86,349.58
53.88333333,1.97,349.58
55.5025,1.76,352.6
55.53638889,1.86,352.66
55.585,1.76,352.75
55.62166667,1.86,352.82
55.66111111,1.76,352.89
55.69527778,1.86,352.95
55.73194444,1.76,353.02
55.76527778,1.86,353.08
55.79861111,1.76,353.14
55.83638889,1.86,353.21
55.87055556,1.76,353.27
55.90638889,1.86,353.33
55.93972222,1.76,353.39
55.975,1.86,353.45
57.79083333,1.65,356.64
57.82527778,1.76,356.7
57.86333333,1.65,356.76
57.89694444,1.76,356.82
57.93055556,1.65,356.88
57.96444444,1.76,356.94
57.99916667,1.65,357
58.035,1.76,357.06
58.06944444,1.65,357.12
58.10638889,1.76,357.18
58.14055556,1.65,357.24
58.18694444,1.76,357.32
58.36611111,1.65,357.63
58.36611111,1.76,357.63
60.09083333,1.55,360.48
60.19666667,1.65,360.65
60.19666667,1.55,360.65
60.25416667,1.55,360.74
60.28944444,1.65,360.8
60.31527778,1.65,360.84
60.31527778,1.55,360.84
60.34777778,1.65,360.89
60.38305556,1.55,360.95
60.41944444,1.65,361.01
60.45305556,1.55,361.06
60.48638889,1.65,361.11
60.51972222,1.55,361.16
60.55527778,1.65,361.22
60.58861111,1.55,361.27
60.63166667,1.65,361.34
60.66694444,1.55,361.4
60.7,1.55,361.45
60.7,1.65,361.45
62.84027778,1.45,364.77
62.90527778,1.55,364.87
62.90527778,1.45,364.87
63.00277778,1.55,365.02
63.00277778,1.45,365.02
63.06916667,1.45,365.12
63.10333333,1.55,365.17
63.13805556,1.45,365.22
63.17194444,1.55,365.27
63.21027778,1.45,365.33
63.24361111,1.55,365.38
63.2775,1.45,365.43
63.31416667,1.55,365.48
63.34833333,1.45,365.53
63.38166667,1.55,365.58
63.41583333,1.45,365.63
63.4525,1.55,365.68
63.48638889,1.45,365.73
63.54111111,1.45,365.81
63.54111111,1.55,365.81
63.61083333,1.45,365.91
63.61083333,1.55,365.91
63.65833333,1.45,365.98
63.65833333,1.55,365.98
63.6825,1.45,366.02
65.97555556,1.34,369.22
66.02166667,1.45,369.28
66.02166667,1.34,369.28
66.06111111,1.45,369.34
66.06111111,1.34,369.34
66.07972222,1.45,369.37
66.07972222,1.34,369.37
66.18111111,1.45,369.51
66.18111111,1.34,369.51
66.215,1.45,369.56
66.2525,1.34,369.61
66.28722222,1.45,369.66
66.32777778,1.34,369.72
66.36194444,1.45,369.77
66.39888889,1.34,369.82
66.43277778,1.45,369.87
66.47027778,1.34,369.92
66.50472222,1.45,369.97
66.53972222,1.34,370.02
66.57333333,1.45,370.07
66.60722222,1.34,370.12
66.64055556,1.45,370.17
66.67444444,1.34,370.22
66.70861111,1.45,370.27
66.74416667,1.34,370.32
66.78944444,1.45,370.38
66.82805556,1.34,370.43
66.89361111,1.45,370.52
66.94138889,1.34,370.59
66.94138889,1.45,370.59
66.96555556,1.34,370.62
66.96555556,1.45,370.62
67.00277778,1.34,370.67
67.00277778,1.45,370.67
67.02305556,1.34,370.7
67.02305556,1.45,370.7
67.09944444,1.34,370.81
67.09944444,1.45,370.81
67.15222222,1.34,370.88
67.15222222,1.45,370.88
67.20888889,1.34,370.96
67.20888889,1.45,370.96
69.85444444,1.24,374.52
69.93277778,1.34,374.62
69.93277778,1.24,374.62
69.97777778,1.34,374.68
69.97777778,1.24,374.68
70.01166667,1.34,374.72
70.02611111,1.34,374.74
70.02611111,1.24,374.74
70.045,1.34,374.76
70.0875,1.34,374.82
70.0875,1.24,374.82
70.12222222,1.34,374.86
70.15694444,1.24,374.9
70.19055556,1.34,374.94
70.22583333,1.24,374.99
70.25944444,1.34,375.03
70.29361111,1.24,375.07
70.32777778,1.34,375.11
70.3625,1.24,375.15
70.39611111,1.34,375.19
70.42944444,1.24,375.23
70.46416667,1.34,375.27
70.49861111,1.24,375.31
70.53416667,1.34,375.36
70.56916667,1.24,375.41
70.60944444,1.34,375.46
70.67611111,1.34,375.55
70.70944444,1.24,375.59
70.74805556,1.34,375.64
70.80472222,1.24,375.71
70.80472222,1.34,375.71
70.82861111,1.24,375.74
70.85805556,1.24,375.78
70.85805556,1.34,375.78
70.92138889,1.24,375.86
70.92138889,1.34,375.86
72,1.24,377.25
