Pressure  (MPa);Pore Diameter  (µm);Cumulative Pore Volume  (mL/g);% of Total Intrusion Volume;dV/dlogD Pore Volume  (mL/g)
0.00362441411717284;417.733075;6.85119202941734E-31;2.89452970611564E-28;0
0.013828213238132;109.489025;0.00534374359995127;2.25765466690063;0.00918913818895817
0.0207276025740871;73.0445125;0.00585959991440177;2.47559642791748;0.00293462141416967
0.0276082620179653;54.84001875;0.00616382295265794;2.60412621498108;0.00244375364854932
0.037922294460659;39.9247375;0.00646804599091411;2.73265624046326;0.00220682611688972
0.04138938586796;36.5803375;0.00653418200090528;2.76059770584106;0
0.0516975333700151;29.286459375;0.00682517746463418;2.88353896141052;0.00301297148689628
0.0585674881397486;25.8511625;0.00689131300896406;2.91148042678833;0
0.0723202524936829;20.9351828125;0.00706326495856047;2.98412752151489;0.00187713711056858
0.0895181531523571;16.9131921875;0.00723521690815687;3.05677485466003;0.00185590831097215
0.110070233262304;13.755196875;0.00743362354114652;3.1405987739563;0.00221044034697115
0.137857239667217;10.98264921875;0.00759234884753823;3.20765781402588;0.00162362749688327
0.172253040984566;8.78961328125;0.00781720969825983;3.30265831947327;0.00232444424182177
0.206656338203957;7.3263546875;0.00796270743012428;3.36412906646729;0.00183983484748751
0.254703807827957;5.94430703125;0.00803086441010237;3.39292430877686;0
0.321598447519127;4.707851171875;0.00817912165075541;3.45556092262268;0.00146385689731687
0.386671898630924;3.91556171875;0.00829728692770004;3.50548410415649;0.00147654046304524
0.493228881510193;3.0696451171875;0.00850982312113047;3.5952775478363;0.00201064045540988
0.59553737122171;2.542305078125;0.0087578808888793;3.70007848739624;0.00303025031462312
0.77544391230143;1.9524787109375;0.00922179501503706;3.89607548713684;0.00404665200039744
0.939116801889938;1.6121931640625;0.00973776448518038;4.11406517028809;0.00620384747162461
1.18538890348369;1.27724970703125;0.0109741743654013;4.63643026351929;0.0122245820239186
1.49246029284467;1.0144576171875;0.0144906900823116;6.12210750579834;0.0351504273712635
1.84071390501242;0.82252744140625;0.0254959333688021;10.7716646194458;0.120825864374638
2.25268194810098;0.6721044921875;0.045089066028595;19.0494804382324;0.223376214504242
2.87716139162952;0.526226171875;0.0642266646027565;27.1348400115967;0.180094242095947
3.57065594718066;0.424022265625;0.0808444991707802;34.1556358337402;0.177193075418472
4.38700333993854;0.345118872070313;0.0963840782642365;40.7208824157715;0.173782050609589
5.50265447383991;0.27514677734375;0.107788898050785;45.5392532348633;0.115897633135319
6.80447204237012;0.222506274414063;0.116096995770931;49.0493049621582;0.0900878310203552
8.24988647591211;0.183522241210938;0.122536785900593;51.7700233459473;0.0769816339015961
10.3242673736438;0.1466484375;0.129315674304962;54.6340065002441;0.0695904418826103
13.0793102634526;0.115758215332031;0.135945945978165;57.4351997375488;0.0645434483885765
16.1643386472195;0.0936653015136719;0.141434729099274;59.7541351318359;0.0596781000494957
19.9427530143142;0.075919189453125;0.146671980619431;61.966796875;0.0574088767170906
24.7455606158967;0.0611842163085938;0.151694610714912;64.0887832641602;0.0535964220762253
30.9355391239321;0.0489416931152344;0.157017856836319;66.3377838134766;0.0549012869596481
38.4908932958335;0.0393349578857422;0.162955850362778;68.8464965820313;0.0625709220767021
47.4306123292856;0.0319211059570313;0.169857755303383;71.762451171875;0.0760953947901726
59.1554529666172;0.0255942199707031;0.178528919816017;75.425895690918;0.0903848260641098
72.9058674999189;0.0207670211791992;0.187963321805;79.4117889404297;0.10394012182951
90.8237586500527;0.0166700622558594;0.198585212230682;83.8993911743164;0.111297406256199
101.814627492038;0.0148705322265625;0.204555317759514;86.4216690063477;0.120338946580887
112.844993057229;0.0134169677734375;0.210086956620216;88.7587127685547;0.123827464878559
137.630217042068;0.0110007652282715;0.220910534262657;93.3315124511719;0.125517681241035
172.282094154031;0.00878813095092773;0.230912536382675;97.5572128295898;0.102556958794594
206.000001018939;0.00734969711303711;0.236694470047951;100;0.0744834765791893
