Blocksize (nm),Feret diameter [nm],Normalized Frequency
17.705083797265612,0.0,0.0
17.705083797265612,0.8430992284412197,0.015064562410329985
17.705083797265612,1.6861984568824393,0.005021520803443328
17.705083797265612,2.529297685323659,0.0
17.705083797265612,3.3723969137648786,0.0
17.705083797265612,4.215496142206098,0.7489239598278336
17.705083797265612,5.058595370647318,1.0
17.705083797265612,5.901694599088538,0.8787661406025825
17.705083797265612,6.744793827529757,0.7962697274031564
17.705083797265612,7.5878930559709765,0.6793400286944046
17.705083797265612,8.430992284412197,0.609038737446198
17.705083797265612,9.274091512853417,0.3938307030129125
17.705083797265612,10.117190741294635,0.3235294117647059
17.705083797265612,10.960289969735856,0.20373027259684362
17.705083797265612,11.803389198177076,0.11119081779053085
17.705083797265612,12.646488426618294,0.06886657101865136
17.705083797265612,13.489587655059514,0.036585365853658534
17.705083797265612,14.332686883500735,0.03084648493543759
17.705083797265612,15.175786111941953,0.015781922525107604
17.705083797265612,16.018885340383175,0.012195121951219513
17.705083797265612,16.861984568824393,0.00860832137733142
17.705083797265612,17.705083797265612,0.009325681492109038
17.705083797265612,18.548183025706834,0.005738880918220947
17.705083797265612,19.391282254148052,0.005738880918220947
17.705083797265612,20.23438148258927,0.0007173601147776184
17.705083797265612,21.077480711030493,0.0014347202295552368
17.705083797265612,21.92057993947171,0.0014347202295552368
17.705083797265612,22.76367916791293,0.0007173601147776184
17.705083797265612,23.60677839635415,0.0014347202295552368
17.705083797265612,24.44987762479537,0.0014347202295552368
17.705083797265612,25.29297685323659,0.0
17.705083797265612,26.13607608167781,0.0
17.705083797265612,26.97917531011903,0.0
17.705083797265612,27.822274538560247,0.0
17.705083797265612,28.66537376700147,0.0
17.705083797265612,29.508472995442688,0.0
17.705083797265612,30.351572223883906,0.0
17.705083797265612,31.194671452325128,0.0
17.705083797265612,32.03777068076635,0.0
17.705083797265612,32.88086990920757,0.0
17.705083797265612,33.72396913764879,0.0
17.705083797265612,34.567068366090005,0.0
17.705083797265612,35.410167594531224,0.0
17.705083797265612,36.25326682297244,0.0
17.705083797265612,37.09636605141367,0.0
17.705083797265612,37.939465279854886,0.0
17.705083797265612,38.782564508296105,0.0
17.705083797265612,39.62566373673732,0.0
17.705083797265612,40.46876296517854,0.0
24.44987762479537,0.0,0.0
24.44987762479537,0.8430992284412197,0.03256552819698173
24.44987762479537,1.6861984568824393,0.008737092930897538
24.44987762479537,2.529297685323659,0.0015885623510722795
24.44987762479537,3.3723969137648786,0.0015885623510722795
24.44987762479537,4.215496142206098,0.6942017474185862
24.44987762479537,5.058595370647318,1.0
24.44987762479537,5.901694599088538,0.8165210484511517
24.44987762479537,6.744793827529757,0.6227164416203336
24.44987762479537,7.5878930559709765,0.5123113582208102
24.44987762479537,8.430992284412197,0.5917394757744241
24.44987762479537,9.274091512853417,0.511517077045274
24.44987762479537,10.117190741294635,0.4710087370929309
24.44987762479537,10.960289969735856,0.4217633042096902
24.44987762479537,11.803389198177076,0.2533756949960286
24.44987762479537,12.646488426618294,0.18903891977760126
24.44987762479537,13.489587655059514,0.11755361397934869
24.44987762479537,14.332686883500735,0.08498808578236695
24.44987762479537,15.175786111941953,0.07863383637807785
24.44987762479537,16.018885340383175,0.04924543288324067
24.44987762479537,16.861984568824393,0.026211278792692614
24.44987762479537,17.705083797265612,0.02938840349483717
24.44987762479537,18.548183025706834,0.023034154090548053
24.44987762479537,19.391282254148052,0.021445591739475776
24.44987762479537,20.23438148258927,0.014297061159650517
24.44987762479537,21.077480711030493,0.008737092930897538
24.44987762479537,21.92057993947171,0.009531374106433678
24.44987762479537,22.76367916791293,0.007942811755361398
24.44987762479537,23.60677839635415,0.003971405877680699
24.44987762479537,24.44987762479537,0.004765687053216839
24.44987762479537,25.29297685323659,0.003177124702144559
24.44987762479537,26.13607608167781,0.0015885623510722795
24.44987762479537,26.97917531011903,0.003177124702144559
24.44987762479537,27.822274538560247,0.0
24.44987762479537,28.66537376700147,0.0
24.44987762479537,29.508472995442688,0.0
24.44987762479537,30.351572223883906,0.0007942811755361397
24.44987762479537,31.194671452325128,0.0
24.44987762479537,32.03777068076635,0.0
24.44987762479537,32.88086990920757,0.0
24.44987762479537,33.72396913764879,0.0
24.44987762479537,34.567068366090005,0.0
24.44987762479537,35.410167594531224,0.0
24.44987762479537,36.25326682297244,0.0
24.44987762479537,37.09636605141367,0.0
24.44987762479537,37.939465279854886,0.0
24.44987762479537,38.782564508296105,0.0
24.44987762479537,39.62566373673732,0.0
24.44987762479537,40.46876296517854,0.0
31.194671452325128,0.0,0.0
31.194671452325128,0.8430992284412197,0.04060913705583756
31.194671452325128,1.6861984568824393,0.014213197969543147
31.194671452325128,2.529297685323659,0.003045685279187817
31.194671452325128,3.3723969137648786,0.0
31.194671452325128,4.215496142206098,0.6852791878172588
31.194671452325128,5.058595370647318,1.0
31.194671452325128,5.901694599088538,0.8558375634517766
31.194671452325128,6.744793827529757,0.616243654822335
31.194671452325128,7.5878930559709765,0.5035532994923858
31.194671452325128,8.430992284412197,0.5786802030456852
31.194671452325128,9.274091512853417,0.5228426395939086
31.194671452325128,10.117190741294635,0.5675126903553299
31.194671452325128,10.960289969735856,0.5614213197969543
31.194671452325128,11.803389198177076,0.40812182741116754
31.194671452325128,12.646488426618294,0.30558375634517765
31.194671452325128,13.489587655059514,0.20812182741116753
31.194671452325128,14.332686883500735,0.21928934010152284
31.194671452325128,15.175786111941953,0.1299492385786802
31.194671452325128,16.018885340383175,0.09340101522842639
31.194671452325128,16.861984568824393,0.06192893401015229
31.194671452325128,17.705083797265612,0.06700507614213198
31.194671452325128,18.548183025706834,0.05380710659898477
31.194671452325128,19.391282254148052,0.047715736040609136
31.194671452325128,20.23438148258927,0.03756345177664975
31.194671452325128,21.077480711030493,0.03350253807106599
31.194671452325128,21.92057993947171,0.014213197969543147
31.194671452325128,22.76367916791293,0.019289340101522844
31.194671452325128,23.60677839635415,0.015228426395939087
31.194671452325128,24.44987762479537,0.017258883248730966
31.194671452325128,25.29297685323659,0.01015228426395939
31.194671452325128,26.13607608167781,0.0040609137055837565
31.194671452325128,26.97917531011903,0.003045685279187817
31.194671452325128,27.822274538560247,0.006091370558375634
31.194671452325128,28.66537376700147,0.0040609137055837565
31.194671452325128,29.508472995442688,0.0020304568527918783
31.194671452325128,30.351572223883906,0.0010152284263959391
31.194671452325128,31.194671452325128,0.0020304568527918783
31.194671452325128,32.03777068076635,0.0010152284263959391
31.194671452325128,32.88086990920757,0.003045685279187817
31.194671452325128,33.72396913764879,0.0
31.194671452325128,34.567068366090005,0.0010152284263959391
31.194671452325128,35.410167594531224,0.0
31.194671452325128,36.25326682297244,0.0
31.194671452325128,37.09636605141367,0.0
31.194671452325128,37.939465279854886,0.0
31.194671452325128,38.782564508296105,0.0
31.194671452325128,39.62566373673732,0.0
31.194671452325128,40.46876296517854,0.0
37.939465279854886,0.0,0.0
37.939465279854886,0.8430992284412197,0.07818930041152264
37.939465279854886,1.6861984568824393,0.013717421124828532
37.939465279854886,2.529297685323659,0.0054869684499314125
37.939465279854886,3.3723969137648786,0.0
37.939465279854886,4.215496142206098,0.710562414266118
37.939465279854886,5.058595370647318,1.0
37.939465279854886,5.901694599088538,0.9368998628257887
37.939465279854886,6.744793827529757,0.6282578875171467
37.939465279854886,7.5878930559709765,0.52400548696845
37.939465279854886,8.430992284412197,0.5871056241426612
37.939465279854886,9.274091512853417,0.5253772290809328
37.939465279854886,10.117190741294635,0.6296296296296297
37.939465279854886,10.960289969735856,0.7338820301783264
37.939465279854886,11.803389198177076,0.5596707818930041
37.939465279854886,12.646488426618294,0.438957475994513
37.939465279854886,13.489587655059514,0.3607681755829904
37.939465279854886,14.332686883500735,0.31275720164609055
37.939465279854886,15.175786111941953,0.22496570644718794
37.939465279854886,16.018885340383175,0.1728395061728395
37.939465279854886,16.861984568824393,0.13991769547325103
37.939465279854886,17.705083797265612,0.1083676268861454
37.939465279854886,18.548183025706834,0.07681755829903979
37.939465279854886,19.391282254148052,0.09190672153635117
37.939465279854886,20.23438148258927,0.06721536351165981
37.939465279854886,21.077480711030493,0.05761316872427984
37.939465279854886,21.92057993947171,0.03155006858710562
37.939465279854886,22.76367916791293,0.038408779149519894
37.939465279854886,23.60677839635415,0.038408779149519894
37.939465279854886,24.44987762479537,0.03017832647462277
37.939465279854886,25.29297685323659,0.01783264746227709
37.939465279854886,26.13607608167781,0.019204389574759947
37.939465279854886,26.97917531011903,0.012345679012345678
37.939465279854886,27.822274538560247,0.015089163237311385
37.939465279854886,28.66537376700147,0.006858710562414266
37.939465279854886,29.508472995442688,0.006858710562414266
37.939465279854886,30.351572223883906,0.0054869684499314125
37.939465279854886,31.194671452325128,0.0013717421124828531
37.939465279854886,32.03777068076635,0.00411522633744856
37.939465279854886,32.88086990920757,0.0027434842249657062
37.939465279854886,33.72396913764879,0.00411522633744856
37.939465279854886,34.567068366090005,0.00411522633744856
37.939465279854886,35.410167594531224,0.0
37.939465279854886,36.25326682297244,0.0
37.939465279854886,37.09636605141367,0.0
37.939465279854886,37.939465279854886,0.0
37.939465279854886,38.782564508296105,0.0
37.939465279854886,39.62566373673732,0.0
37.939465279854886,40.46876296517854,0.0
44.68425910738464,0.0,0.0
44.68425910738464,0.8430992284412197,0.08247422680412371
44.68425910738464,1.6861984568824393,0.02577319587628866
44.68425910738464,2.529297685323659,0.003436426116838488
44.68425910738464,3.3723969137648786,0.0
44.68425910738464,4.215496142206098,0.7371134020618557
44.68425910738464,5.058595370647318,1.0
44.68425910738464,5.901694599088538,0.929553264604811
44.68425910738464,6.744793827529757,0.6426116838487973
44.68425910738464,7.5878930559709765,0.47766323024054985
44.68425910738464,8.430992284412197,0.5790378006872853
44.68425910738464,9.274091512853417,0.5309278350515464
44.68425910738464,10.117190741294635,0.6529209621993127
44.68425910738464,10.960289969735856,0.7749140893470791
44.68425910738464,11.803389198177076,0.6958762886597938
44.68425910738464,12.646488426618294,0.6168384879725086
44.68425910738464,13.489587655059514,0.43986254295532645
44.68425910738464,14.332686883500735,0.4415807560137457
44.68425910738464,15.175786111941953,0.31099656357388317
44.68425910738464,16.018885340383175,0.24570446735395188
44.68425910738464,16.861984568824393,0.17869415807560138
44.68425910738464,17.705083797265612,0.17697594501718214
44.68425910738464,18.548183025706834,0.14432989690721648
44.68425910738464,19.391282254148052,0.12714776632302405
44.68425910738464,20.23438148258927,0.09621993127147767
44.68425910738464,21.077480711030493,0.08934707903780069
44.68425910738464,21.92057993947171,0.04982817869415808
44.68425910738464,22.76367916791293,0.061855670103092786
44.68425910738464,23.60677839635415,0.05326460481099656
44.68425910738464,24.44987762479537,0.03608247422680412
44.68425910738464,25.29297685323659,0.024054982817869417
44.68425910738464,26.13607608167781,0.03436426116838488
44.68425910738464,26.97917531011903,0.020618556701030927
44.68425910738464,27.822274538560247,0.015463917525773196
44.68425910738464,28.66537376700147,0.018900343642611683
44.68425910738464,29.508472995442688,0.00859106529209622
44.68425910738464,30.351572223883906,0.015463917525773196
44.68425910738464,31.194671452325128,0.006872852233676976
44.68425910738464,32.03777068076635,0.012027491408934709
44.68425910738464,32.88086990920757,0.006872852233676976
44.68425910738464,33.72396913764879,0.003436426116838488
44.68425910738464,34.567068366090005,0.001718213058419244
44.68425910738464,35.410167594531224,0.003436426116838488
44.68425910738464,36.25326682297244,0.0
44.68425910738464,37.09636605141367,0.0
44.68425910738464,37.939465279854886,0.0
44.68425910738464,38.782564508296105,0.0
44.68425910738464,39.62566373673732,0.0
44.68425910738464,40.46876296517854,0.0
51.429052934914395,0.0,0.0
51.429052934914395,0.8430992284412197,0.12295081967213115
51.429052934914395,1.6861984568824393,0.036885245901639344
51.429052934914395,2.529297685323659,0.012295081967213115
51.429052934914395,3.3723969137648786,0.0020491803278688526
51.429052934914395,4.215496142206098,0.6721311475409836
51.429052934914395,5.058595370647318,1.0
51.429052934914395,5.901694599088538,0.8463114754098361
51.429052934914395,6.744793827529757,0.680327868852459
51.429052934914395,7.5878930559709765,0.44672131147540983
51.429052934914395,8.430992284412197,0.569672131147541
51.429052934914395,9.274091512853417,0.48565573770491804
51.429052934914395,10.117190741294635,0.5963114754098361
51.429052934914395,10.960289969735856,0.8073770491803278
51.429052934914395,11.803389198177076,0.735655737704918
51.429052934914395,12.646488426618294,0.7377049180327869
51.429052934914395,13.489587655059514,0.5655737704918032
51.429052934914395,14.332686883500735,0.5020491803278688
51.429052934914395,15.175786111941953,0.4098360655737705
51.429052934914395,16.018885340383175,0.3237704918032787
51.429052934914395,16.861984568824393,0.27049180327868855
51.429052934914395,17.705083797265612,0.22131147540983606
51.429052934914395,18.548183025706834,0.18442622950819673
51.429052934914395,19.391282254148052,0.1680327868852459
51.429052934914395,20.23438148258927,0.10245901639344263
51.429052934914395,21.077480711030493,0.13524590163934427
51.429052934914395,21.92057993947171,0.08401639344262295
51.429052934914395,22.76367916791293,0.06147540983606557
51.429052934914395,23.60677839635415,0.07377049180327869
51.429052934914395,24.44987762479537,0.04918032786885246
51.429052934914395,25.29297685323659,0.0430327868852459
51.429052934914395,26.13607608167781,0.0430327868852459
51.429052934914395,26.97917531011903,0.028688524590163935
51.429052934914395,27.822274538560247,0.0430327868852459
51.429052934914395,28.66537376700147,0.028688524590163935
51.429052934914395,29.508472995442688,0.01639344262295082
51.429052934914395,30.351572223883906,0.014344262295081968
51.429052934914395,31.194671452325128,0.01639344262295082
51.429052934914395,32.03777068076635,0.012295081967213115
51.429052934914395,32.88086990920757,0.006147540983606557
51.429052934914395,33.72396913764879,0.004098360655737705
51.429052934914395,34.567068366090005,0.004098360655737705
51.429052934914395,35.410167594531224,0.006147540983606557
51.429052934914395,36.25326682297244,0.0020491803278688526
51.429052934914395,37.09636605141367,0.0
51.429052934914395,37.939465279854886,0.0
51.429052934914395,38.782564508296105,0.0
51.429052934914395,39.62566373673732,0.0
51.429052934914395,40.46876296517854,0.0
58.17384676244416,0.0,0.0
58.17384676244416,0.8430992284412197,0.1834625322997416
58.17384676244416,1.6861984568824393,0.05426356589147287
58.17384676244416,2.529297685323659,0.0103359173126615
58.17384676244416,3.3723969137648786,0.002583979328165375
58.17384676244416,4.215496142206098,0.7855297157622739
58.17384676244416,5.058595370647318,1.0
58.17384676244416,5.901694599088538,0.896640826873385
58.17384676244416,6.744793827529757,0.7571059431524548
58.17384676244416,7.5878930559709765,0.5116279069767442
58.17384676244416,8.430992284412197,0.5555555555555556
58.17384676244416,9.274091512853417,0.5658914728682171
58.17384676244416,10.117190741294635,0.5968992248062015
58.17384676244416,10.960289969735856,0.8578811369509044
58.17384676244416,11.803389198177076,0.7855297157622739
58.17384676244416,12.646488426618294,0.8992248062015504
58.17384676244416,13.489587655059514,0.7054263565891473
58.17384676244416,14.332686883500735,0.6511627906976745
58.17384676244416,15.175786111941953,0.5322997416020672
58.17384676244416,16.018885340383175,0.45478036175710596
58.17384676244416,16.861984568824393,0.3669250645994832
58.17384676244416,17.705083797265612,0.35142118863049093
58.17384676244416,18.548183025706834,0.21705426356589147
58.17384676244416,19.391282254148052,0.20155038759689922
58.17384676244416,20.23438148258927,0.1524547803617571
58.17384676244416,21.077480711030493,0.1343669250645995
58.17384676244416,21.92057993947171,0.1343669250645995
58.17384676244416,22.76367916791293,0.082687338501292
58.17384676244416,23.60677839635415,0.09302325581395349
58.17384676244416,24.44987762479537,0.082687338501292
58.17384676244416,25.29297685323659,0.06201550387596899
58.17384676244416,26.13607608167781,0.05426356589147287
58.17384676244416,26.97917531011903,0.05426356589147287
58.17384676244416,27.822274538560247,0.056847545219638244
58.17384676244416,28.66537376700147,0.056847545219638244
58.17384676244416,29.508472995442688,0.01808785529715762
58.17384676244416,30.351572223883906,0.03359173126614987
58.17384676244416,31.194671452325128,0.015503875968992248
58.17384676244416,32.03777068076635,0.015503875968992248
58.17384676244416,32.88086990920757,0.0103359173126615
58.17384676244416,33.72396913764879,0.0103359173126615
58.17384676244416,34.567068366090005,0.00516795865633075
58.17384676244416,35.410167594531224,0.002583979328165375
58.17384676244416,36.25326682297244,0.0
58.17384676244416,37.09636605141367,0.002583979328165375
58.17384676244416,37.939465279854886,0.002583979328165375
58.17384676244416,38.782564508296105,0.0
58.17384676244416,39.62566373673732,0.0
58.17384676244416,40.46876296517854,0.0
64.91864058997392,0.0,0.0
64.91864058997392,0.8430992284412197,0.2208955223880597
64.91864058997392,1.6861984568824393,0.07462686567164178
64.91864058997392,2.529297685323659,0.020895522388059702
64.91864058997392,3.3723969137648786,0.005970149253731343
64.91864058997392,4.215496142206098,0.7820895522388059
64.91864058997392,5.058595370647318,1.0
64.91864058997392,5.901694599088538,0.9074626865671642
64.91864058997392,6.744793827529757,0.7611940298507462
64.91864058997392,7.5878930559709765,0.5432835820895522
64.91864058997392,8.430992284412197,0.5402985074626866
64.91864058997392,9.274091512853417,0.5492537313432836
64.91864058997392,10.117190741294635,0.6507462686567164
64.91864058997392,10.960289969735856,0.8059701492537313
64.91864058997392,11.803389198177076,0.8238805970149253
64.91864058997392,12.646488426618294,0.9462686567164179
64.91864058997392,13.489587655059514,0.7492537313432835
64.91864058997392,14.332686883500735,0.7850746268656716
64.91864058997392,15.175786111941953,0.6268656716417911
64.91864058997392,16.018885340383175,0.5253731343283582
64.91864058997392,16.861984568824393,0.43582089552238806
64.91864058997392,17.705083797265612,0.42686567164179107
64.91864058997392,18.548183025706834,0.3074626865671642
64.91864058997392,19.391282254148052,0.2298507462686567
64.91864058997392,20.23438148258927,0.1880597014925373
64.91864058997392,21.077480711030493,0.1582089552238806
64.91864058997392,21.92057993947171,0.16119402985074627
64.91864058997392,22.76367916791293,0.11641791044776119
64.91864058997392,23.60677839635415,0.11641791044776119
64.91864058997392,24.44987762479537,0.08358208955223881
64.91864058997392,25.29297685323659,0.10149253731343283
64.91864058997392,26.13607608167781,0.07761194029850746
64.91864058997392,26.97917531011903,0.07462686567164178
64.91864058997392,27.822274538560247,0.05373134328358209
64.91864058997392,28.66537376700147,0.04776119402985075
64.91864058997392,29.508472995442688,0.05373134328358209
64.91864058997392,30.351572223883906,0.023880597014925373
64.91864058997392,31.194671452325128,0.01791044776119403
64.91864058997392,32.03777068076635,0.029850746268656716
64.91864058997392,32.88086990920757,0.014925373134328358
64.91864058997392,33.72396913764879,0.005970149253731343
64.91864058997392,34.567068366090005,0.011940298507462687
64.91864058997392,35.410167594531224,0.0029850746268656717
64.91864058997392,36.25326682297244,0.0
64.91864058997392,37.09636605141367,0.0029850746268656717
64.91864058997392,37.939465279854886,0.0029850746268656717
64.91864058997392,38.782564508296105,0.005970149253731343
64.91864058997392,39.62566373673732,0.0
64.91864058997392,40.46876296517854,0.0
71.66343441750367,0.0,0.0
71.66343441750367,0.8430992284412197,0.3069306930693069
71.66343441750367,1.6861984568824393,0.10891089108910891
71.66343441750367,2.529297685323659,0.019801980198019802
71.66343441750367,3.3723969137648786,0.0033003300330033004
71.66343441750367,4.215496142206098,0.7920792079207921
71.66343441750367,5.058595370647318,1.0
71.66343441750367,5.901694599088538,0.9933993399339934
71.66343441750367,6.744793827529757,0.7326732673267327
71.66343441750367,7.5878930559709765,0.5412541254125413
71.66343441750367,8.430992284412197,0.594059405940594
71.66343441750367,9.274091512853417,0.5412541254125413
71.66343441750367,10.117190741294635,0.6402640264026402
71.66343441750367,10.960289969735856,0.7788778877887789
71.66343441750367,11.803389198177076,0.8481848184818482
71.66343441750367,12.646488426618294,0.9273927392739274
71.66343441750367,13.489587655059514,0.8118811881188119
71.66343441750367,14.332686883500735,0.8679867986798679
71.66343441750367,15.175786111941953,0.6963696369636964
71.66343441750367,16.018885340383175,0.5808580858085809
71.66343441750367,16.861984568824393,0.44224422442244227
71.66343441750367,17.705083797265612,0.5148514851485149
71.66343441750367,18.548183025706834,0.3201320132013201
71.66343441750367,19.391282254148052,0.29372937293729373
71.66343441750367,20.23438148258927,0.22772277227722773
71.66343441750367,21.077480711030493,0.22772277227722773
71.66343441750367,21.92057993947171,0.1485148514851485
71.66343441750367,22.76367916791293,0.1485148514851485
71.66343441750367,23.60677839635415,0.11551155115511551
71.66343441750367,24.44987762479537,0.1188118811881188
71.66343441750367,25.29297685323659,0.08250825082508251
71.66343441750367,26.13607608167781,0.0924092409240924
71.66343441750367,26.97917531011903,0.07920792079207921
71.66343441750367,27.822274538560247,0.066006600660066
71.66343441750367,28.66537376700147,0.0594059405940594
71.66343441750367,29.508472995442688,0.0594059405940594
71.66343441750367,30.351572223883906,0.0429042904290429
71.66343441750367,31.194671452325128,0.026402640264026403
71.66343441750367,32.03777068076635,0.0231023102310231
71.66343441750367,32.88086990920757,0.019801980198019802
71.66343441750367,33.72396913764879,0.013201320132013201
71.66343441750367,34.567068366090005,0.009900990099009901
71.66343441750367,35.410167594531224,0.0
71.66343441750367,36.25326682297244,0.006600660066006601
71.66343441750367,37.09636605141367,0.0033003300330033004
71.66343441750367,37.939465279854886,0.0033003300330033004
71.66343441750367,38.782564508296105,0.0
71.66343441750367,39.62566373673732,0.0
71.66343441750367,40.46876296517854,0.0
78.40822824503343,0.0,0.0
78.40822824503343,0.8430992284412197,0.386986301369863
78.40822824503343,1.6861984568824393,0.1095890410958904
78.40822824503343,2.529297685323659,0.02054794520547945
78.40822824503343,3.3723969137648786,0.0
78.40822824503343,4.215496142206098,0.726027397260274
78.40822824503343,5.058595370647318,0.9794520547945206
78.40822824503343,5.901694599088538,1.0
78.40822824503343,6.744793827529757,0.7191780821917808
78.40822824503343,7.5878930559709765,0.5342465753424658
78.40822824503343,8.430992284412197,0.5513698630136986
78.40822824503343,9.274091512853417,0.541095890410959
78.40822824503343,10.117190741294635,0.6541095890410958
78.40822824503343,10.960289969735856,0.708904109589041
78.40822824503343,11.803389198177076,0.75
78.40822824503343,12.646488426618294,0.9006849315068494
78.40822824503343,13.489587655059514,0.815068493150685
78.40822824503343,14.332686883500735,0.8458904109589042
78.40822824503343,15.175786111941953,0.726027397260274
78.40822824503343,16.018885340383175,0.5958904109589042
78.40822824503343,16.861984568824393,0.4691780821917808
78.40822824503343,17.705083797265612,0.4691780821917808
78.40822824503343,18.548183025706834,0.3835616438356164
78.40822824503343,19.391282254148052,0.3047945205479452
78.40822824503343,20.23438148258927,0.2636986301369863
78.40822824503343,21.077480711030493,0.22602739726027396
78.40822824503343,21.92057993947171,0.17465753424657535
78.40822824503343,22.76367916791293,0.1404109589041096
78.40822824503343,23.60677839635415,0.15753424657534246
78.40822824503343,24.44987762479537,0.136986301369863
78.40822824503343,25.29297685323659,0.0821917808219178
78.40822824503343,26.13607608167781,0.08904109589041095
78.40822824503343,26.97917531011903,0.11301369863013698
78.40822824503343,27.822274538560247,0.09931506849315068
78.40822824503343,28.66537376700147,0.03424657534246575
78.40822824503343,29.508472995442688,0.03767123287671233
78.40822824503343,30.351572223883906,0.05821917808219178
78.40822824503343,31.194671452325128,0.023972602739726026
78.40822824503343,32.03777068076635,0.02054794520547945
78.40822824503343,32.88086990920757,0.0273972602739726
78.40822824503343,33.72396913764879,0.017123287671232876
78.40822824503343,34.567068366090005,0.003424657534246575
78.40822824503343,35.410167594531224,0.0136986301369863
78.40822824503343,36.25326682297244,0.003424657534246575
78.40822824503343,37.09636605141367,0.003424657534246575
78.40822824503343,37.939465279854886,0.0
78.40822824503343,38.782564508296105,0.00684931506849315
78.40822824503343,39.62566373673732,0.0
78.40822824503343,40.46876296517854,0.0
85.15302207256319,0.0,0.0
85.15302207256319,0.8430992284412197,0.3854166666666667
85.15302207256319,1.6861984568824393,0.08680555555555555
85.15302207256319,2.529297685323659,0.010416666666666666
85.15302207256319,3.3723969137648786,0.027777777777777776
85.15302207256319,4.215496142206098,0.6736111111111112
85.15302207256319,5.058595370647318,0.9826388888888888
85.15302207256319,5.901694599088538,1.0
85.15302207256319,6.744793827529757,0.6909722222222222
85.15302207256319,7.5878930559709765,0.5034722222222222
85.15302207256319,8.430992284412197,0.5625
85.15302207256319,9.274091512853417,0.5034722222222222
85.15302207256319,10.117190741294635,0.625
85.15302207256319,10.960289969735856,0.6701388888888888
85.15302207256319,11.803389198177076,0.7118055555555556
85.15302207256319,12.646488426618294,0.8229166666666666
85.15302207256319,13.489587655059514,0.8541666666666666
85.15302207256319,14.332686883500735,0.8020833333333334
85.15302207256319,15.175786111941953,0.6770833333333334
85.15302207256319,16.018885340383175,0.6180555555555556
85.15302207256319,16.861984568824393,0.5034722222222222
85.15302207256319,17.705083797265612,0.4548611111111111
85.15302207256319,18.548183025706834,0.3993055555555556
85.15302207256319,19.391282254148052,0.3611111111111111
85.15302207256319,20.23438148258927,0.2604166666666667
85.15302207256319,21.077480711030493,0.2465277777777778
85.15302207256319,21.92057993947171,0.1909722222222222
85.15302207256319,22.76367916791293,0.1527777777777778
85.15302207256319,23.60677839635415,0.11805555555555555
85.15302207256319,24.44987762479537,0.1527777777777778
85.15302207256319,25.29297685323659,0.07291666666666667
85.15302207256319,26.13607608167781,0.11458333333333333
85.15302207256319,26.97917531011903,0.125
85.15302207256319,27.822274538560247,0.07291666666666667
85.15302207256319,28.66537376700147,0.05555555555555555
85.15302207256319,29.508472995442688,0.052083333333333336
85.15302207256319,30.351572223883906,0.05555555555555555
85.15302207256319,31.194671452325128,0.017361111111111112
85.15302207256319,32.03777068076635,0.017361111111111112
85.15302207256319,32.88086990920757,0.034722222222222224
85.15302207256319,33.72396913764879,0.003472222222222222
85.15302207256319,34.567068366090005,0.010416666666666666
85.15302207256319,35.410167594531224,0.006944444444444444
85.15302207256319,36.25326682297244,0.010416666666666666
85.15302207256319,37.09636605141367,0.0
85.15302207256319,37.939465279854886,0.003472222222222222
85.15302207256319,38.782564508296105,0.003472222222222222
85.15302207256319,39.62566373673732,0.003472222222222222
85.15302207256319,40.46876296517854,0.0
91.89781590009294,0.0,0.0
91.89781590009294,0.8430992284412197,0.35563380281690143
91.89781590009294,1.6861984568824393,0.11267605633802817
91.89781590009294,2.529297685323659,0.014084507042253521
91.89781590009294,3.3723969137648786,0.017605633802816902
91.89781590009294,4.215496142206098,0.6232394366197183
91.89781590009294,5.058595370647318,0.9471830985915493
91.89781590009294,5.901694599088538,1.0
91.89781590009294,6.744793827529757,0.6373239436619719
91.89781590009294,7.5878930559709765,0.5105633802816901
91.89781590009294,8.430992284412197,0.5598591549295775
91.89781590009294,9.274091512853417,0.5140845070422535
91.89781590009294,10.117190741294635,0.5809859154929577
91.89781590009294,10.960289969735856,0.6866197183098591
91.89781590009294,11.803389198177076,0.6901408450704225
91.89781590009294,12.646488426618294,0.7992957746478874
91.89781590009294,13.489587655059514,0.8098591549295775
91.89781590009294,14.332686883500735,0.795774647887324
91.89781590009294,15.175786111941953,0.75
91.89781590009294,16.018885340383175,0.5633802816901409
91.89781590009294,16.861984568824393,0.5035211267605634
91.89781590009294,17.705083797265612,0.4119718309859155
91.89781590009294,18.548183025706834,0.44366197183098594
91.89781590009294,19.391282254148052,0.3274647887323944
91.89781590009294,20.23438148258927,0.2852112676056338
91.89781590009294,21.077480711030493,0.25704225352112675
91.89781590009294,21.92057993947171,0.2323943661971831
91.89781590009294,22.76367916791293,0.15492957746478872
91.89781590009294,23.60677839635415,0.11971830985915492
91.89781590009294,24.44987762479537,0.16901408450704225
91.89781590009294,25.29297685323659,0.08098591549295775
91.89781590009294,26.13607608167781,0.11267605633802817
91.89781590009294,26.97917531011903,0.08098591549295775
91.89781590009294,27.822274538560247,0.10915492957746478
91.89781590009294,28.66537376700147,0.08098591549295775
91.89781590009294,29.508472995442688,0.05985915492957746
91.89781590009294,30.351572223883906,0.04225352112676056
91.89781590009294,31.194671452325128,0.03169014084507042
91.89781590009294,32.03777068076635,0.028169014084507043
91.89781590009294,32.88086990920757,0.02112676056338028
91.89781590009294,33.72396913764879,0.014084507042253521
91.89781590009294,34.567068366090005,0.01056338028169014
91.89781590009294,35.410167594531224,0.0
91.89781590009294,36.25326682297244,0.014084507042253521
91.89781590009294,37.09636605141367,0.0035211267605633804
91.89781590009294,37.939465279854886,0.0
91.89781590009294,38.782564508296105,0.007042253521126761
91.89781590009294,39.62566373673732,0.0
91.89781590009294,40.46876296517854,0.0
98.6426097276227,0.0,0.0
98.6426097276227,0.8430992284412197,0.3957597173144876
98.6426097276227,1.6861984568824393,0.11307420494699646
98.6426097276227,2.529297685323659,0.0353356890459364
98.6426097276227,3.3723969137648786,0.007067137809187279
98.6426097276227,4.215496142206098,0.5865724381625441
98.6426097276227,5.058595370647318,0.9151943462897526
98.6426097276227,5.901694599088538,1.0
98.6426097276227,6.744793827529757,0.6431095406360424
98.6426097276227,7.5878930559709765,0.5123674911660777
98.6426097276227,8.430992284412197,0.5265017667844523
98.6426097276227,9.274091512853417,0.49469964664310956
98.6426097276227,10.117190741294635,0.5300353356890459
98.6426097276227,10.960289969735856,0.6537102473498233
98.6426097276227,11.803389198177076,0.6996466431095406
98.6426097276227,12.646488426618294,0.8056537102473498
98.6426097276227,13.489587655059514,0.7597173144876325
98.6426097276227,14.332686883500735,0.7420494699646644
98.6426097276227,15.175786111941953,0.7314487632508834
98.6426097276227,16.018885340383175,0.5724381625441696
98.6426097276227,16.861984568824393,0.5123674911660777
98.6426097276227,17.705083797265612,0.43462897526501765
98.6426097276227,18.548183025706834,0.40636042402826855
98.6426097276227,19.391282254148052,0.34275618374558303
98.6426097276227,20.23438148258927,0.2579505300353357
98.6426097276227,21.077480711030493,0.2968197879858657
98.6426097276227,21.92057993947171,0.21908127208480566
98.6426097276227,22.76367916791293,0.15901060070671377
98.6426097276227,23.60677839635415,0.13780918727915195
98.6426097276227,24.44987762479537,0.1519434628975265
98.6426097276227,25.29297685323659,0.0989399293286219
98.6426097276227,26.13607608167781,0.10247349823321555
98.6426097276227,26.97917531011903,0.08833922261484099
98.6426097276227,27.822274538560247,0.0989399293286219
98.6426097276227,28.66537376700147,0.11307420494699646
98.6426097276227,29.508472995442688,0.045936395759717315
98.6426097276227,30.351572223883906,0.0353356890459364
98.6426097276227,31.194671452325128,0.024734982332155476
98.6426097276227,32.03777068076635,0.053003533568904596
98.6426097276227,32.88086990920757,0.02120141342756184
98.6426097276227,33.72396913764879,0.01060070671378092
98.6426097276227,34.567068366090005,0.007067137809187279
98.6426097276227,35.410167594531224,0.007067137809187279
98.6426097276227,36.25326682297244,0.007067137809187279
98.6426097276227,37.09636605141367,0.007067137809187279
98.6426097276227,37.939465279854886,0.0035335689045936395
98.6426097276227,38.782564508296105,0.0035335689045936395
98.6426097276227,39.62566373673732,0.0035335689045936395
98.6426097276227,40.46876296517854,0.0
105.38740355515246,0.0,0.0
105.38740355515246,0.8430992284412197,0.4291044776119403
105.38740355515246,1.6861984568824393,0.13805970149253732
105.38740355515246,2.529297685323659,0.026119402985074626
105.38740355515246,3.3723969137648786,0.018656716417910446
105.38740355515246,4.215496142206098,0.6044776119402985
105.38740355515246,5.058595370647318,0.9888059701492538
105.38740355515246,5.901694599088538,1.0
105.38740355515246,6.744793827529757,0.7014925373134329
105.38740355515246,7.5878930559709765,0.5373134328358209
105.38740355515246,8.430992284412197,0.5223880597014925
105.38740355515246,9.274091512853417,0.4925373134328358
105.38740355515246,10.117190741294635,0.585820895522388
105.38740355515246,10.960289969735856,0.664179104477612
105.38740355515246,11.803389198177076,0.7238805970149254
105.38740355515246,12.646488426618294,0.835820895522388
105.38740355515246,13.489587655059514,0.7574626865671642
105.38740355515246,14.332686883500735,0.7835820895522388
105.38740355515246,15.175786111941953,0.7164179104477612
105.38740355515246,16.018885340383175,0.5895522388059702
105.38740355515246,16.861984568824393,0.5783582089552238
105.38740355515246,17.705083797265612,0.43656716417910446
105.38740355515246,18.548183025706834,0.4552238805970149
105.38740355515246,19.391282254148052,0.3358208955223881
105.38740355515246,20.23438148258927,0.30597014925373134
105.38740355515246,21.077480711030493,0.3283582089552239
105.38740355515246,21.92057993947171,0.1791044776119403
105.38740355515246,22.76367916791293,0.17164179104477612
105.38740355515246,23.60677839635415,0.15671641791044777
105.38740355515246,24.44987762479537,0.15298507462686567
105.38740355515246,25.29297685323659,0.10074626865671642
105.38740355515246,26.13607608167781,0.10074626865671642
105.38740355515246,26.97917531011903,0.13059701492537312
105.38740355515246,27.822274538560247,0.08955223880597014
105.38740355515246,28.66537376700147,0.11567164179104478
105.38740355515246,29.508472995442688,0.041044776119402986
105.38740355515246,30.351572223883906,0.041044776119402986
105.38740355515246,31.194671452325128,0.022388059701492536
105.38740355515246,32.03777068076635,0.06716417910447761
105.38740355515246,32.88086990920757,0.018656716417910446
105.38740355515246,33.72396913764879,0.022388059701492536
105.38740355515246,34.567068366090005,0.007462686567164179
105.38740355515246,35.410167594531224,0.007462686567164179
105.38740355515246,36.25326682297244,0.011194029850746268
105.38740355515246,37.09636605141367,0.007462686567164179
105.38740355515246,37.939465279854886,0.007462686567164179
105.38740355515246,38.782564508296105,0.0
105.38740355515246,39.62566373673732,0.0037313432835820895
105.38740355515246,40.46876296517854,0.0
112.13219738268221,0.0,0.0
112.13219738268221,0.8430992284412197,0.44150943396226416
112.13219738268221,1.6861984568824393,0.1660377358490566
112.13219738268221,2.529297685323659,0.03018867924528302
112.13219738268221,3.3723969137648786,0.022641509433962263
112.13219738268221,4.215496142206098,0.6528301886792452
112.13219738268221,5.058595370647318,1.0
112.13219738268221,5.901694599088538,0.9773584905660377
112.13219738268221,6.744793827529757,0.6754716981132075
112.13219738268221,7.5878930559709765,0.5849056603773585
112.13219738268221,8.430992284412197,0.5018867924528302
112.13219738268221,9.274091512853417,0.4867924528301887
112.13219738268221,10.117190741294635,0.5886792452830188
112.13219738268221,10.960289969735856,0.6716981132075471
112.13219738268221,11.803389198177076,0.7056603773584905
112.13219738268221,12.646488426618294,0.7962264150943397
112.13219738268221,13.489587655059514,0.7584905660377359
112.13219738268221,14.332686883500735,0.8
112.13219738268221,15.175786111941953,0.7056603773584905
112.13219738268221,16.018885340383175,0.6226415094339622
112.13219738268221,16.861984568824393,0.5283018867924528
112.13219738268221,17.705083797265612,0.44528301886792454
112.13219738268221,18.548183025706834,0.47547169811320755
112.13219738268221,19.391282254148052,0.35471698113207545
112.13219738268221,20.23438148258927,0.3622641509433962
112.13219738268221,21.077480711030493,0.2981132075471698
112.13219738268221,21.92057993947171,0.1811320754716981
112.13219738268221,22.76367916791293,0.17735849056603772
112.13219738268221,23.60677839635415,0.12075471698113208
112.13219738268221,24.44987762479537,0.1320754716981132
112.13219738268221,25.29297685323659,0.12075471698113208
112.13219738268221,26.13607608167781,0.10943396226415095
112.13219738268221,26.97917531011903,0.10943396226415095
112.13219738268221,27.822274538560247,0.10566037735849057
112.13219738268221,28.66537376700147,0.12452830188679245
112.13219738268221,29.508472995442688,0.052830188679245285
112.13219738268221,30.351572223883906,0.033962264150943396
112.13219738268221,31.194671452325128,0.052830188679245285
112.13219738268221,32.03777068076635,0.04905660377358491
112.13219738268221,32.88086990920757,0.026415094339622643
112.13219738268221,33.72396913764879,0.007547169811320755
112.13219738268221,34.567068366090005,0.0037735849056603774
112.13219738268221,35.410167594531224,0.018867924528301886
112.13219738268221,36.25326682297244,0.0037735849056603774
112.13219738268221,37.09636605141367,0.01509433962264151
112.13219738268221,37.939465279854886,0.0037735849056603774
112.13219738268221,38.782564508296105,0.0
112.13219738268221,39.62566373673732,0.0037735849056603774
112.13219738268221,40.46876296517854,0.0
118.87699121021197,0.0,0.0
118.87699121021197,0.8430992284412197,0.4200743494423792
118.87699121021197,1.6861984568824393,0.17100371747211895
118.87699121021197,2.529297685323659,0.026022304832713755
118.87699121021197,3.3723969137648786,0.01858736059479554
118.87699121021197,4.215496142206098,0.6765799256505576
118.87699121021197,5.058595370647318,1.0
118.87699121021197,5.901694599088538,0.9107806691449815
118.87699121021197,6.744793827529757,0.6617100371747212
118.87699121021197,7.5878930559709765,0.6022304832713755
118.87699121021197,8.430992284412197,0.5018587360594795
118.87699121021197,9.274091512853417,0.4646840148698885
118.87699121021197,10.117190741294635,0.550185873605948
118.87699121021197,10.960289969735856,0.6654275092936803
118.87699121021197,11.803389198177076,0.6840148698884758
118.87699121021197,12.646488426618294,0.7843866171003717
118.87699121021197,13.489587655059514,0.7434944237918215
118.87699121021197,14.332686883500735,0.7100371747211895
118.87699121021197,15.175786111941953,0.6914498141263941
118.87699121021197,16.018885340383175,0.587360594795539
118.87699121021197,16.861984568824393,0.5464684014869888
118.87699121021197,17.705083797265612,0.43866171003717475
118.87699121021197,18.548183025706834,0.4758364312267658
118.87699121021197,19.391282254148052,0.3382899628252788
118.87699121021197,20.23438148258927,0.3382899628252788
118.87699121021197,21.077480711030493,0.2788104089219331
118.87699121021197,21.92057993947171,0.20446096654275092
118.87699121021197,22.76367916791293,0.1449814126394052
118.87699121021197,23.60677839635415,0.15613382899628253
118.87699121021197,24.44987762479537,0.13011152416356878
118.87699121021197,25.29297685323659,0.13382899628252787
118.87699121021197,26.13607608167781,0.11152416356877323
118.87699121021197,26.97917531011903,0.09665427509293681
118.87699121021197,27.822274538560247,0.10408921933085502
118.87699121021197,28.66537376700147,0.10037174721189591
118.87699121021197,29.508472995442688,0.07806691449814127
118.87699121021197,30.351572223883906,0.04460966542750929
118.87699121021197,31.194671452325128,0.040892193308550186
118.87699121021197,32.03777068076635,0.055762081784386616
118.87699121021197,32.88086990920757,0.01858736059479554
118.87699121021197,33.72396913764879,0.0037174721189591076
118.87699121021197,34.567068366090005,0.026022304832713755
118.87699121021197,35.410167594531224,0.0037174721189591076
118.87699121021197,36.25326682297244,0.007434944237918215
118.87699121021197,37.09636605141367,0.01486988847583643
118.87699121021197,37.939465279854886,0.0
118.87699121021197,38.782564508296105,0.0037174721189591076
118.87699121021197,39.62566373673732,0.0037174721189591076
118.87699121021197,40.46876296517854,0.0
125.62178503774173,0.0,0.0
125.62178503774173,0.8430992284412197,0.44787644787644787
125.62178503774173,1.6861984568824393,0.18146718146718147
125.62178503774173,2.529297685323659,0.03088803088803089
125.62178503774173,3.3723969137648786,0.023166023166023165
125.62178503774173,4.215496142206098,0.694980694980695
125.62178503774173,5.058595370647318,1.0
125.62178503774173,5.901694599088538,0.9498069498069498
125.62178503774173,6.744793827529757,0.722007722007722
125.62178503774173,7.5878930559709765,0.6023166023166023
125.62178503774173,8.430992284412197,0.5444015444015444
125.62178503774173,9.274091512853417,0.4517374517374517
125.62178503774173,10.117190741294635,0.5675675675675675
125.62178503774173,10.960289969735856,0.7027027027027027
125.62178503774173,11.803389198177076,0.752895752895753
125.62178503774173,12.646488426618294,0.7683397683397684
125.62178503774173,13.489587655059514,0.7644787644787645
125.62178503774173,14.332686883500735,0.722007722007722
125.62178503774173,15.175786111941953,0.6872586872586872
125.62178503774173,16.018885340383175,0.5791505791505791
125.62178503774173,16.861984568824393,0.5521235521235521
125.62178503774173,17.705083797265612,0.5212355212355212
125.62178503774173,18.548183025706834,0.4555984555984556
125.62178503774173,19.391282254148052,0.3281853281853282
125.62178503774173,20.23438148258927,0.3667953667953668
125.62178503774173,21.077480711030493,0.28185328185328185
125.62178503774173,21.92057993947171,0.18532818532818532
125.62178503774173,22.76367916791293,0.19305019305019305
125.62178503774173,23.60677839635415,0.1274131274131274
125.62178503774173,24.44987762479537,0.15057915057915058
125.62178503774173,25.29297685323659,0.15057915057915058
125.62178503774173,26.13607608167781,0.13127413127413126
125.62178503774173,26.97917531011903,0.0888030888030888
125.62178503774173,27.822274538560247,0.11196911196911197
125.62178503774173,28.66537376700147,0.11196911196911197
125.62178503774173,29.508472995442688,0.08494208494208494
125.62178503774173,30.351572223883906,0.04633204633204633
125.62178503774173,31.194671452325128,0.04247104247104247
125.62178503774173,32.03777068076635,0.04633204633204633
125.62178503774173,32.88086990920757,0.02702702702702703
125.62178503774173,33.72396913764879,0.007722007722007722
125.62178503774173,34.567068366090005,0.019305019305019305
125.62178503774173,35.410167594531224,0.011583011583011582
125.62178503774173,36.25326682297244,0.011583011583011582
125.62178503774173,37.09636605141367,0.007722007722007722
125.62178503774173,37.939465279854886,0.003861003861003861
125.62178503774173,38.782564508296105,0.003861003861003861
125.62178503774173,39.62566373673732,0.003861003861003861
125.62178503774173,40.46876296517854,0.0
132.3665788652715,0.0,0.0
132.3665788652715,0.8430992284412197,0.466403162055336
132.3665788652715,1.6861984568824393,0.18181818181818182
132.3665788652715,2.529297685323659,0.043478260869565216
132.3665788652715,3.3723969137648786,0.015810276679841896
132.3665788652715,4.215496142206098,0.6837944664031621
132.3665788652715,5.058595370647318,1.0
132.3665788652715,5.901694599088538,0.9367588932806324
132.3665788652715,6.744793827529757,0.7707509881422925
132.3665788652715,7.5878930559709765,0.616600790513834
132.3665788652715,8.430992284412197,0.5533596837944664
132.3665788652715,9.274091512853417,0.4782608695652174
132.3665788652715,10.117190741294635,0.5612648221343873
132.3665788652715,10.960289969735856,0.7233201581027668
132.3665788652715,11.803389198177076,0.758893280632411
132.3665788652715,12.646488426618294,0.8023715415019763
132.3665788652715,13.489587655059514,0.7154150197628458
132.3665788652715,14.332686883500735,0.7707509881422925
132.3665788652715,15.175786111941953,0.6679841897233202
132.3665788652715,16.018885340383175,0.5770750988142292
132.3665788652715,16.861984568824393,0.5849802371541502
132.3665788652715,17.705083797265612,0.5335968379446641
132.3665788652715,18.548183025706834,0.43478260869565216
132.3665788652715,19.391282254148052,0.3557312252964427
132.3665788652715,20.23438148258927,0.34782608695652173
132.3665788652715,21.077480711030493,0.3201581027667984
132.3665788652715,21.92057993947171,0.19367588932806323
132.3665788652715,22.76367916791293,0.16996047430830039
132.3665788652715,23.60677839635415,0.15810276679841898
132.3665788652715,24.44987762479537,0.14624505928853754
132.3665788652715,25.29297685323659,0.15019762845849802
132.3665788652715,26.13607608167781,0.1541501976284585
132.3665788652715,26.97917531011903,0.08300395256916997
132.3665788652715,27.822274538560247,0.1067193675889328
132.3665788652715,28.66537376700147,0.1225296442687747
132.3665788652715,29.508472995442688,0.07114624505928854
132.3665788652715,30.351572223883906,0.07114624505928854
132.3665788652715,31.194671452325128,0.039525691699604744
132.3665788652715,32.03777068076635,0.03557312252964427
132.3665788652715,32.88086990920757,0.043478260869565216
132.3665788652715,33.72396913764879,0.007905138339920948
132.3665788652715,34.567068366090005,0.023715415019762844
132.3665788652715,35.410167594531224,0.007905138339920948
132.3665788652715,36.25326682297244,0.007905138339920948
132.3665788652715,37.09636605141367,0.011857707509881422
132.3665788652715,37.939465279854886,0.0
132.3665788652715,38.782564508296105,0.003952569169960474
132.3665788652715,39.62566373673732,0.003952569169960474
132.3665788652715,40.46876296517854,0.0
139.11137269280124,0.0,0.0
139.11137269280124,0.8430992284412197,0.47843137254901963
139.11137269280124,1.6861984568824393,0.18823529411764706
139.11137269280124,2.529297685323659,0.03529411764705882
139.11137269280124,3.3723969137648786,0.011764705882352941
139.11137269280124,4.215496142206098,0.6784313725490196
139.11137269280124,5.058595370647318,1.0
139.11137269280124,5.901694599088538,0.9098039215686274
139.11137269280124,6.744793827529757,0.7843137254901961
139.11137269280124,7.5878930559709765,0.5882352941176471
139.11137269280124,8.430992284412197,0.5411764705882353
139.11137269280124,9.274091512853417,0.47058823529411764
139.11137269280124,10.117190741294635,0.5843137254901961
139.11137269280124,10.960289969735856,0.7137254901960784
139.11137269280124,11.803389198177076,0.7215686274509804
139.11137269280124,12.646488426618294,0.796078431372549
139.11137269280124,13.489587655059514,0.6862745098039216
139.11137269280124,14.332686883500735,0.788235294117647
139.11137269280124,15.175786111941953,0.6235294117647059
139.11137269280124,16.018885340383175,0.5882352941176471
139.11137269280124,16.861984568824393,0.5529411764705883
139.11137269280124,17.705083797265612,0.5254901960784314
139.11137269280124,18.548183025706834,0.42745098039215684
139.11137269280124,19.391282254148052,0.34509803921568627
139.11137269280124,20.23438148258927,0.35294117647058826
139.11137269280124,21.077480711030493,0.3254901960784314
139.11137269280124,21.92057993947171,0.17254901960784313
139.11137269280124,22.76367916791293,0.1843137254901961
139.11137269280124,23.60677839635415,0.14901960784313725
139.11137269280124,24.44987762479537,0.16862745098039217
139.11137269280124,25.29297685323659,0.1568627450980392
139.11137269280124,26.13607608167781,0.13725490196078433
139.11137269280124,26.97917531011903,0.09803921568627451
139.11137269280124,27.822274538560247,0.10588235294117647
139.11137269280124,28.66537376700147,0.09411764705882353
139.11137269280124,29.508472995442688,0.06666666666666667
139.11137269280124,30.351572223883906,0.06666666666666667
139.11137269280124,31.194671452325128,0.054901960784313725
139.11137269280124,32.03777068076635,0.0392156862745098
139.11137269280124,32.88086990920757,0.0392156862745098
139.11137269280124,33.72396913764879,0.00784313725490196
139.11137269280124,34.567068366090005,0.01568627450980392
139.11137269280124,35.410167594531224,0.011764705882352941
139.11137269280124,36.25326682297244,0.011764705882352941
139.11137269280124,37.09636605141367,0.00784313725490196
139.11137269280124,37.939465279854886,0.00392156862745098
139.11137269280124,38.782564508296105,0.00784313725490196
139.11137269280124,39.62566373673732,0.0
139.11137269280124,40.46876296517854,0.0
145.856166520331,0.0,0.0
145.856166520331,0.8430992284412197,0.4517374517374517
145.856166520331,1.6861984568824393,0.19305019305019305
145.856166520331,2.529297685323659,0.03861003861003861
145.856166520331,3.3723969137648786,0.019305019305019305
145.856166520331,4.215496142206098,0.6447876447876448
145.856166520331,5.058595370647318,1.0
145.856166520331,5.901694599088538,0.861003861003861
145.856166520331,6.744793827529757,0.7606177606177607
145.856166520331,7.5878930559709765,0.5868725868725869
145.856166520331,8.430992284412197,0.5135135135135135
145.856166520331,9.274091512853417,0.47876447876447875
145.856166520331,10.117190741294635,0.5637065637065637
145.856166520331,10.960289969735856,0.7104247104247104
145.856166520331,11.803389198177076,0.6602316602316602
145.856166520331,12.646488426618294,0.7683397683397684
145.856166520331,13.489587655059514,0.6795366795366795
145.856166520331,14.332686883500735,0.7915057915057915
145.856166520331,15.175786111941953,0.5984555984555985
145.856166520331,16.018885340383175,0.5482625482625483
145.856166520331,16.861984568824393,0.5405405405405406
145.856166520331,17.705083797265612,0.49034749034749037
145.856166520331,18.548183025706834,0.444015444015444
145.856166520331,19.391282254148052,0.32432432432432434
145.856166520331,20.23438148258927,0.3590733590733591
145.856166520331,21.077480711030493,0.2857142857142857
145.856166520331,21.92057993947171,0.20077220077220076
145.856166520331,22.76367916791293,0.18146718146718147
145.856166520331,23.60677839635415,0.15057915057915058
145.856166520331,24.44987762479537,0.17374517374517376
145.856166520331,25.29297685323659,0.15444015444015444
145.856166520331,26.13607608167781,0.11969111969111969
145.856166520331,26.97917531011903,0.10038610038610038
145.856166520331,27.822274538560247,0.11583011583011583
145.856166520331,28.66537376700147,0.10038610038610038
145.856166520331,29.508472995442688,0.05791505791505792
145.856166520331,30.351572223883906,0.07335907335907337
145.856166520331,31.194671452325128,0.05405405405405406
145.856166520331,32.03777068076635,0.03088803088803089
145.856166520331,32.88086990920757,0.04633204633204633
145.856166520331,33.72396913764879,0.003861003861003861
145.856166520331,34.567068366090005,0.023166023166023165
145.856166520331,35.410167594531224,0.011583011583011582
145.856166520331,36.25326682297244,0.003861003861003861
145.856166520331,37.09636605141367,0.015444015444015444
145.856166520331,37.939465279854886,0.003861003861003861
145.856166520331,38.782564508296105,0.007722007722007722
145.856166520331,39.62566373673732,0.0
145.856166520331,40.46876296517854,0.0
152.60096034786076,0.0,0.0
152.60096034786076,0.8430992284412197,0.48770491803278687
152.60096034786076,1.6861984568824393,0.19672131147540983
152.60096034786076,2.529297685323659,0.040983606557377046
152.60096034786076,3.3723969137648786,0.020491803278688523
152.60096034786076,4.215496142206098,0.7213114754098361
152.60096034786076,5.058595370647318,1.0
152.60096034786076,5.901694599088538,0.930327868852459
152.60096034786076,6.744793827529757,0.7868852459016393
152.60096034786076,7.5878930559709765,0.6598360655737705
152.60096034786076,8.430992284412197,0.5368852459016393
152.60096034786076,9.274091512853417,0.48360655737704916
152.60096034786076,10.117190741294635,0.6229508196721312
152.60096034786076,10.960289969735856,0.7418032786885246
152.60096034786076,11.803389198177076,0.7090163934426229
152.60096034786076,12.646488426618294,0.819672131147541
152.60096034786076,13.489587655059514,0.6762295081967213
152.60096034786076,14.332686883500735,0.8319672131147541
152.60096034786076,15.175786111941953,0.639344262295082
152.60096034786076,16.018885340383175,0.5819672131147541
152.60096034786076,16.861984568824393,0.5614754098360656
152.60096034786076,17.705083797265612,0.4959016393442623
152.60096034786076,18.548183025706834,0.47540983606557374
152.60096034786076,19.391282254148052,0.3524590163934426
152.60096034786076,20.23438148258927,0.36475409836065575
152.60096034786076,21.077480711030493,0.3155737704918033
152.60096034786076,21.92057993947171,0.20491803278688525
152.60096034786076,22.76367916791293,0.19672131147540983
152.60096034786076,23.60677839635415,0.13524590163934427
152.60096034786076,24.44987762479537,0.20901639344262296
152.60096034786076,25.29297685323659,0.1762295081967213
152.60096034786076,26.13607608167781,0.11885245901639344
152.60096034786076,26.97917531011903,0.11065573770491803
152.60096034786076,27.822274538560247,0.12704918032786885
152.60096034786076,28.66537376700147,0.09836065573770492
152.60096034786076,29.508472995442688,0.06147540983606557
152.60096034786076,30.351572223883906,0.07377049180327869
152.60096034786076,31.194671452325128,0.05737704918032787
152.60096034786076,32.03777068076635,0.028688524590163935
152.60096034786076,32.88086990920757,0.04918032786885246
152.60096034786076,33.72396913764879,0.012295081967213115
152.60096034786076,34.567068366090005,0.020491803278688523
152.60096034786076,35.410167594531224,0.01639344262295082
152.60096034786076,36.25326682297244,0.00819672131147541
152.60096034786076,37.09636605141367,0.01639344262295082
152.60096034786076,37.939465279854886,0.004098360655737705
152.60096034786076,38.782564508296105,0.00819672131147541
152.60096034786076,39.62566373673732,0.0
152.60096034786076,40.46876296517854,0.0
159.3457541753905,0.0,0.0
159.3457541753905,0.8430992284412197,0.4779116465863454
159.3457541753905,1.6861984568824393,0.20080321285140562
159.3457541753905,2.529297685323659,0.05220883534136546
159.3457541753905,3.3723969137648786,0.028112449799196786
159.3457541753905,4.215496142206098,0.678714859437751
159.3457541753905,5.058595370647318,1.0
159.3457541753905,5.901694599088538,0.9036144578313253
159.3457541753905,6.744793827529757,0.7670682730923695
159.3457541753905,7.5878930559709765,0.6385542168674698
159.3457541753905,8.430992284412197,0.5582329317269076
159.3457541753905,9.274091512853417,0.4819277108433735
159.3457541753905,10.117190741294635,0.5983935742971888
159.3457541753905,10.960289969735856,0.7389558232931727
159.3457541753905,11.803389198177076,0.6867469879518072
159.3457541753905,12.646488426618294,0.7670682730923695
159.3457541753905,13.489587655059514,0.6546184738955824
159.3457541753905,14.332686883500735,0.7911646586345381
159.3457541753905,15.175786111941953,0.6345381526104418
159.3457541753905,16.018885340383175,0.5662650602409639
159.3457541753905,16.861984568824393,0.5301204819277109
159.3457541753905,17.705083797265612,0.4939759036144578
159.3457541753905,18.548183025706834,0.46184738955823296
159.3457541753905,19.391282254148052,0.3373493975903614
159.3457541753905,20.23438148258927,0.3413654618473896
159.3457541753905,21.077480711030493,0.3132530120481928
159.3457541753905,21.92057993947171,0.20883534136546184
159.3457541753905,22.76367916791293,0.20080321285140562
159.3457541753905,23.60677839635415,0.12449799196787148
159.3457541753905,24.44987762479537,0.19678714859437751
159.3457541753905,25.29297685323659,0.1646586345381526
159.3457541753905,26.13607608167781,0.12449799196787148
159.3457541753905,26.97917531011903,0.10843373493975904
159.3457541753905,27.822274538560247,0.12449799196787148
159.3457541753905,28.66537376700147,0.0963855421686747
159.3457541753905,29.508472995442688,0.060240963855421686
159.3457541753905,30.351572223883906,0.07228915662650602
159.3457541753905,31.194671452325128,0.05622489959839357
159.3457541753905,32.03777068076635,0.04417670682730924
159.3457541753905,32.88086990920757,0.040160642570281124
159.3457541753905,33.72396913764879,0.012048192771084338
159.3457541753905,34.567068366090005,0.01606425702811245
159.3457541753905,35.410167594531224,0.012048192771084338
159.3457541753905,36.25326682297244,0.01606425702811245
159.3457541753905,37.09636605141367,0.012048192771084338
159.3457541753905,37.939465279854886,0.004016064257028112
159.3457541753905,38.782564508296105,0.008032128514056224
159.3457541753905,39.62566373673732,0.0
159.3457541753905,40.46876296517854,0.0
166.09054800292026,0.0,0.0
166.09054800292026,0.8430992284412197,0.5080645161290323
166.09054800292026,1.6861984568824393,0.18548387096774194
166.09054800292026,2.529297685323659,0.05241935483870968
166.09054800292026,3.3723969137648786,0.020161290322580645
166.09054800292026,4.215496142206098,0.6733870967741935
166.09054800292026,5.058595370647318,1.0
166.09054800292026,5.901694599088538,0.9032258064516129
166.09054800292026,6.744793827529757,0.7701612903225806
166.09054800292026,7.5878930559709765,0.6370967741935484
166.09054800292026,8.430992284412197,0.5524193548387096
166.09054800292026,9.274091512853417,0.4798387096774194
166.09054800292026,10.117190741294635,0.6129032258064516
166.09054800292026,10.960289969735856,0.7741935483870968
166.09054800292026,11.803389198177076,0.6370967741935484
166.09054800292026,12.646488426618294,0.782258064516129
166.09054800292026,13.489587655059514,0.6088709677419355
166.09054800292026,14.332686883500735,0.8548387096774194
166.09054800292026,15.175786111941953,0.6088709677419355
166.09054800292026,16.018885340383175,0.5362903225806451
166.09054800292026,16.861984568824393,0.532258064516129
166.09054800292026,17.705083797265612,0.4959677419354839
166.09054800292026,18.548183025706834,0.4637096774193548
166.09054800292026,19.391282254148052,0.3225806451612903
166.09054800292026,20.23438148258927,0.3467741935483871
166.09054800292026,21.077480711030493,0.29435483870967744
166.09054800292026,21.92057993947171,0.24193548387096775
166.09054800292026,22.76367916791293,0.2056451612903226
166.09054800292026,23.60677839635415,0.11693548387096774
166.09054800292026,24.44987762479537,0.1935483870967742
166.09054800292026,25.29297685323659,0.1693548387096774
166.09054800292026,26.13607608167781,0.125
166.09054800292026,26.97917531011903,0.11693548387096774
166.09054800292026,27.822274538560247,0.10483870967741936
166.09054800292026,28.66537376700147,0.11290322580645161
166.09054800292026,29.508472995442688,0.05241935483870968
166.09054800292026,30.351572223883906,0.07661290322580645
166.09054800292026,31.194671452325128,0.06048387096774194
166.09054800292026,32.03777068076635,0.036290322580645164
166.09054800292026,32.88086990920757,0.04032258064516129
166.09054800292026,33.72396913764879,0.016129032258064516
166.09054800292026,34.567068366090005,0.012096774193548387
166.09054800292026,35.410167594531224,0.016129032258064516
166.09054800292026,36.25326682297244,0.012096774193548387
166.09054800292026,37.09636605141367,0.024193548387096774
166.09054800292026,37.939465279854886,0.0
166.09054800292026,38.782564508296105,0.008064516129032258
166.09054800292026,39.62566373673732,0.0
166.09054800292026,40.46876296517854,0.0
172.83534183045003,0.0,0.0
172.83534183045003,0.8430992284412197,0.5145228215767634
172.83534183045003,1.6861984568824393,0.21161825726141079
172.83534183045003,2.529297685323659,0.04564315352697095
172.83534183045003,3.3723969137648786,0.02074688796680498
172.83534183045003,4.215496142206098,0.6887966804979253
172.83534183045003,5.058595370647318,1.0
172.83534183045003,5.901694599088538,0.9626556016597511
172.83534183045003,6.744793827529757,0.7842323651452282
172.83534183045003,7.5878930559709765,0.6639004149377593
172.83534183045003,8.430992284412197,0.5477178423236515
172.83534183045003,9.274091512853417,0.5062240663900415
172.83534183045003,10.117190741294635,0.6307053941908713
172.83534183045003,10.960289969735856,0.8257261410788381
172.83534183045003,11.803389198177076,0.6224066390041494
172.83534183045003,12.646488426618294,0.8132780082987552
172.83534183045003,13.489587655059514,0.6141078838174274
172.83534183045003,14.332686883500735,0.9004149377593361
172.83534183045003,15.175786111941953,0.6058091286307054
172.83534183045003,16.018885340383175,0.5684647302904564
172.83534183045003,16.861984568824393,0.5228215767634855
172.83534183045003,17.705083797265612,0.5228215767634855
172.83534183045003,18.548183025706834,0.4730290456431535
172.83534183045003,19.391282254148052,0.34024896265560167
172.83534183045003,20.23438148258927,0.3651452282157676
172.83534183045003,21.077480711030493,0.2987551867219917
172.83534183045003,21.92057993947171,0.2157676348547718
172.83534183045003,22.76367916791293,0.22821576763485477
172.83534183045003,23.60677839635415,0.11618257261410789
172.83534183045003,24.44987762479537,0.1950207468879668
172.83534183045003,25.29297685323659,0.17427385892116182
172.83534183045003,26.13607608167781,0.13692946058091288
172.83534183045003,26.97917531011903,0.11618257261410789
172.83534183045003,27.822274538560247,0.12448132780082988
172.83534183045003,28.66537376700147,0.08713692946058091
172.83534183045003,29.508472995442688,0.06639004149377593
172.83534183045003,30.351572223883906,0.08298755186721991
172.83534183045003,31.194671452325128,0.06224066390041494
172.83534183045003,32.03777068076635,0.03734439834024896
172.83534183045003,32.88086990920757,0.04149377593360996
172.83534183045003,33.72396913764879,0.016597510373443983
172.83534183045003,34.567068366090005,0.02074688796680498
172.83534183045003,35.410167594531224,0.012448132780082987
172.83534183045003,36.25326682297244,0.012448132780082987
172.83534183045003,37.09636605141367,0.024896265560165973
172.83534183045003,37.939465279854886,0.0
172.83534183045003,38.782564508296105,0.008298755186721992
172.83534183045003,39.62566373673732,0.0
172.83534183045003,40.46876296517854,0.0
179.58013565797978,0.0,0.0
179.58013565797978,0.8430992284412197,0.5247933884297521
179.58013565797978,1.6861984568824393,0.21487603305785125
179.58013565797978,2.529297685323659,0.045454545454545456
179.58013565797978,3.3723969137648786,0.02066115702479339
179.58013565797978,4.215496142206098,0.6570247933884298
179.58013565797978,5.058595370647318,1.0
179.58013565797978,5.901694599088538,0.9504132231404959
179.58013565797978,6.744793827529757,0.768595041322314
179.58013565797978,7.5878930559709765,0.6694214876033058
179.58013565797978,8.430992284412197,0.5867768595041323
179.58013565797978,9.274091512853417,0.47107438016528924
179.58013565797978,10.117190741294635,0.6074380165289256
179.58013565797978,10.960289969735856,0.8305785123966942
179.58013565797978,11.803389198177076,0.6487603305785123
179.58013565797978,12.646488426618294,0.7644628099173554
179.58013565797978,13.489587655059514,0.6033057851239669
179.58013565797978,14.332686883500735,0.9008264462809917
179.58013565797978,15.175786111941953,0.6157024793388429
179.58013565797978,16.018885340383175,0.5661157024793388
179.58013565797978,16.861984568824393,0.5082644628099173
179.58013565797978,17.705083797265612,0.5330578512396694
179.58013565797978,18.548183025706834,0.4297520661157025
179.58013565797978,19.391282254148052,0.371900826446281
179.58013565797978,20.23438148258927,0.32644628099173556
179.58013565797978,21.077480711030493,0.30578512396694213
179.58013565797978,21.92057993947171,0.21487603305785125
179.58013565797978,22.76367916791293,0.2231404958677686
179.58013565797978,23.60677839635415,0.1322314049586777
179.58013565797978,24.44987762479537,0.17768595041322313
179.58013565797978,25.29297685323659,0.15702479338842976
179.58013565797978,26.13607608167781,0.1487603305785124
179.58013565797978,26.97917531011903,0.11570247933884298
179.58013565797978,27.822274538560247,0.11570247933884298
179.58013565797978,28.66537376700147,0.10330578512396695
179.58013565797978,29.508472995442688,0.0743801652892562
179.58013565797978,30.351572223883906,0.0743801652892562
179.58013565797978,31.194671452325128,0.06611570247933884
179.58013565797978,32.03777068076635,0.03305785123966942
179.58013565797978,32.88086990920757,0.04132231404958678
179.58013565797978,33.72396913764879,0.01652892561983471
179.58013565797978,34.567068366090005,0.01652892561983471
179.58013565797978,35.410167594531224,0.01652892561983471
179.58013565797978,36.25326682297244,0.008264462809917356
179.58013565797978,37.09636605141367,0.02066115702479339
179.58013565797978,37.939465279854886,0.004132231404958678
179.58013565797978,38.782564508296105,0.0
179.58013565797978,39.62566373673732,0.004132231404958678
179.58013565797978,40.46876296517854,0.0
186.32492948550953,0.0,0.0
186.32492948550953,0.8430992284412197,0.5165289256198347
186.32492948550953,1.6861984568824393,0.2066115702479339
186.32492948550953,2.529297685323659,0.05371900826446281
186.32492948550953,3.3723969137648786,0.028925619834710745
186.32492948550953,4.215496142206098,0.6694214876033058
186.32492948550953,5.058595370647318,1.0
186.32492948550953,5.901694599088538,0.9669421487603306
186.32492948550953,6.744793827529757,0.768595041322314
186.32492948550953,7.5878930559709765,0.6652892561983471
186.32492948550953,8.430992284412197,0.5702479338842975
186.32492948550953,9.274091512853417,0.47520661157024796
186.32492948550953,10.117190741294635,0.6611570247933884
186.32492948550953,10.960289969735856,0.7933884297520661
186.32492948550953,11.803389198177076,0.640495867768595
186.32492948550953,12.646488426618294,0.7603305785123967
186.32492948550953,13.489587655059514,0.5991735537190083
186.32492948550953,14.332686883500735,0.8884297520661157
186.32492948550953,15.175786111941953,0.6363636363636364
186.32492948550953,16.018885340383175,0.5537190082644629
186.32492948550953,16.861984568824393,0.5082644628099173
186.32492948550953,17.705083797265612,0.5165289256198347
186.32492948550953,18.548183025706834,0.4380165289256198
186.32492948550953,19.391282254148052,0.34297520661157027
186.32492948550953,20.23438148258927,0.3512396694214876
186.32492948550953,21.077480711030493,0.32231404958677684
186.32492948550953,21.92057993947171,0.19421487603305784
186.32492948550953,22.76367916791293,0.23140495867768596
186.32492948550953,23.60677839635415,0.1446280991735537
186.32492948550953,24.44987762479537,0.18181818181818182
186.32492948550953,25.29297685323659,0.128099173553719
186.32492948550953,26.13607608167781,0.15289256198347106
186.32492948550953,26.97917531011903,0.11983471074380166
186.32492948550953,27.822274538560247,0.10330578512396695
186.32492948550953,28.66537376700147,0.11570247933884298
186.32492948550953,29.508472995442688,0.06198347107438017
186.32492948550953,30.351572223883906,0.08264462809917356
186.32492948550953,31.194671452325128,0.05785123966942149
186.32492948550953,32.03777068076635,0.045454545454545456
186.32492948550953,32.88086990920757,0.045454545454545456
186.32492948550953,33.72396913764879,0.024793388429752067
186.32492948550953,34.567068366090005,0.01652892561983471
186.32492948550953,35.410167594531224,0.012396694214876033
186.32492948550953,36.25326682297244,0.012396694214876033
186.32492948550953,37.09636605141367,0.01652892561983471
186.32492948550953,37.939465279854886,0.0
186.32492948550953,38.782564508296105,0.004132231404958678
186.32492948550953,39.62566373673732,0.004132231404958678
186.32492948550953,40.46876296517854,0.0
193.0697233130393,0.0,0.0
193.0697233130393,0.8430992284412197,0.5564853556485355
193.0697233130393,1.6861984568824393,0.20920502092050208
193.0697233130393,2.529297685323659,0.05439330543933055
193.0697233130393,3.3723969137648786,0.03765690376569038
193.0697233130393,4.215496142206098,0.694560669456067
193.0697233130393,5.058595370647318,1.0
193.0697233130393,5.901694599088538,0.9748953974895398
193.0697233130393,6.744793827529757,0.7698744769874477
193.0697233130393,7.5878930559709765,0.6903765690376569
193.0697233130393,8.430992284412197,0.5439330543933054
193.0697233130393,9.274091512853417,0.502092050209205
193.0697233130393,10.117190741294635,0.6485355648535565
193.0697233130393,10.960289969735856,0.8117154811715481
193.0697233130393,11.803389198177076,0.6736401673640168
193.0697233130393,12.646488426618294,0.7405857740585774
193.0697233130393,13.489587655059514,0.6150627615062761
193.0697233130393,14.332686883500735,0.891213389121339
193.0697233130393,15.175786111941953,0.6359832635983264
193.0697233130393,16.018885340383175,0.5439330543933054
193.0697233130393,16.861984568824393,0.5271966527196653
193.0697233130393,17.705083797265612,0.5104602510460251
193.0697233130393,18.548183025706834,0.4351464435146444
193.0697233130393,19.391282254148052,0.3598326359832636
193.0697233130393,20.23438148258927,0.3389121338912134
193.0697233130393,21.077480711030493,0.3305439330543933
193.0697233130393,21.92057993947171,0.18410041841004185
193.0697233130393,22.76367916791293,0.26359832635983266
193.0697233130393,23.60677839635415,0.13389121338912133
193.0697233130393,24.44987762479537,0.18828451882845187
193.0697233130393,25.29297685323659,0.12552301255230125
193.0697233130393,26.13607608167781,0.1506276150627615
193.0697233130393,26.97917531011903,0.11715481171548117
193.0697233130393,27.822274538560247,0.13389121338912133
193.0697233130393,28.66537376700147,0.09205020920502092
193.0697233130393,29.508472995442688,0.0794979079497908
193.0697233130393,30.351572223883906,0.0794979079497908
193.0697233130393,31.194671452325128,0.05439330543933055
193.0697233130393,32.03777068076635,0.05439330543933055
193.0697233130393,32.88086990920757,0.0502092050209205
193.0697233130393,33.72396913764879,0.02510460251046025
193.0697233130393,34.567068366090005,0.016736401673640166
193.0697233130393,35.410167594531224,0.012552301255230125
193.0697233130393,36.25326682297244,0.012552301255230125
193.0697233130393,37.09636605141367,0.012552301255230125
193.0697233130393,37.939465279854886,0.0041841004184100415
193.0697233130393,38.782564508296105,0.0
193.0697233130393,39.62566373673732,0.008368200836820083
193.0697233130393,40.46876296517854,0.0
