X_center,S
0.0,0.0
0.030303030303030304,0.0
0.06060606060606061,0.0
0.09090909090909091,0.0
0.12121212121212122,0.5113334939383604
0.15151515151515152,0.9744309770653438
0.18181818181818182,0.9764414540325531
0.21212121212121213,0.9509681940794412
0.2424242424242424,0.9561505137010795
0.2727272727272727,0.982676386168328
0.3030303030303031,1.0
0.33333333333333337,0.8422811038084664
0.36363636363636365,0.8441972435593404
0.3939393939393939,0.7425440573380915
0.4242424242424243,0.7640321114452676
0.4545454545454546,0.7527907058330576
0.48484848484848486,0.6658784535797103
0.5151515151515151,0.6999891719715783
0.5454545454545455,0.7473846099207515
0.5757575757575758,0.723362054813132
0.6060606060606061,0.6699822764786966
0.6363636363636365,0.6208770377808698
0.6666666666666667,0.7065336877636795
0.696969696969697,0.6133664484744252
0.7272727272727273,0.6563556822747729
0.7575757575757576,0.5766843926795369
0.787878787878788,0.5783609376814277
0.8181818181818182,0.6829312793146529
0.8484848484848485,0.6719905272606985
0.8787878787878789,0.525799194211024
0.9090909090909092,0.5273661541518394
0.9393939393939394,0.4955464248489622
0.9696969696969697,0.44907615439731535
1.0,0.4919672742139924
1.0303030303030303,0.48445219987603677
1.0606060606060606,0.4959854873914476
1.090909090909091,0.4141549982990428
1.1212121212121213,0.44508653955992655
1.1515151515151516,0.4211007181583125
1.1818181818181819,0.3876625867699763
1.2121212121212122,0.40131663773807985
1.2424242424242424,0.3658834263628107
1.2727272727272727,0.3801119271086069
1.3030303030303032,0.3536852520959109
1.3333333333333335,0.33987601382662275
1.3636363636363638,0.28605831264395576
1.393939393939394,0.35771808110550984
1.4242424242424243,0.35887345347712496
1.4545454545454546,0.3152854927448009
1.4848484848484849,0.31365438001113605
1.5151515151515151,0.3250992451259216
1.5454545454545454,0.29979469505339545
1.575757575757576,0.27039067414434764
1.6060606060606062,0.2985398418514411
1.6363636363636365,0.2557870240534009
1.6666666666666667,0.23435048226409685
1.696969696969697,0.22199450154921774
1.7272727272727273,0.20642020633496047
1.7575757575757576,0.21498343571786194
1.787878787878788,0.21886416311966292
1.8181818181818183,0.2047666898446342
1.8484848484848486,0.17966778693635696
1.878787878787879,0.1589498404126524
1.9090909090909092,0.16301335004103454
1.9393939393939394,0.17319557401202412
1.9696969696969697,0.1613305083856142
2.0,0.13974958638112317
2.0303030303030303,0.1107810156930451
2.0606060606060606,0.13049186922627548
2.090909090909091,0.1532662583164085
2.121212121212121,0.13995641226171465
2.1515151515151514,0.11540434559416705
2.181818181818182,0.13281125577578853
2.2121212121212124,0.12621816605669517
2.2424242424242427,0.14101690405525025
2.272727272727273,0.12837321046087605
2.303030303030303,0.11858175271636469
2.3333333333333335,0.10777925789017608
2.3636363636363638,0.14197858612083228
2.393939393939394,0.14020998626005954
2.4242424242424243,0.12242840932039767
2.4545454545454546,0.13342092763502256
2.484848484848485,0.12640040757161944
2.515151515151515,0.13218218174115198
2.5454545454545454,0.11817907140877357
2.5757575757575757,0.12926304490384533
2.606060606060606,0.08293840729909854
2.6363636363636367,0.07545985940108378
2.666666666666667,0.09498017186735358
2.6969696969696972,0.07601599592198627
2.7272727272727275,0.06463459637838029
2.757575757575758,0.07561133387413059
2.787878787878788,0.07741893808930364
2.8181818181818183,0.06894516170740485
2.8484848484848486,0.07101985692419711
2.878787878787879,0.03912005692622164
2.909090909090909,0.03276361960503152
2.9393939393939394,0.021702579055822086
2.9696969696969697,0.00928859648084053
3.0,0.007091230209893969
3.0303030303030303,0.003216607799759373
3.0606060606060606,0.0
3.090909090909091,0.0
3.121212121212121,0.0
3.151515151515152,0.0
3.181818181818182,0.0
3.2121212121212124,0.0
3.2424242424242427,0.0
