time,pressure,temp
0,67,11
50,69,11
100,71,11
150,73,11
200,72,12
250,74,12
300,75,12
350,80,12
400,79,12
450,79,13
500,81,13
550,84,13
600,86,13
650,86,13
700,87,13
750,88,13
800,94,13
850,94,13
900,92,13
950,96,13
1000,98,13
1050,99,13
1100,100,14
1150,103,14
1200,103,14
1250,108,14
1300,108,14
1350,110,15
1400,111,15
1450,114,15
1500,117,15
1550,117,15
1600,118,16
1650,122,16
1700,125,16
1750,126,16
1800,128,16
1850,127,16
1900,132,16
1950,133,16
2000,134,16
2050,136,16
2100,140,16
2150,142,16
2200,144,17
2250,146,17
2300,148,17
2350,149,17
2400,154,17
2450,155,17
2500,156,17
2550,159,17
2600,162,17
2650,165,18
2700,166,18
2750,166,18
2800,171,18
2850,171,18
2900,175,18
2950,178,18
3000,181,18
3050,182,18
3100,184,18
3150,186,18
3200,190,18
3250,192,18
3300,196,18
3350,195,18
3400,199,17
3450,201,17
3500,206,17
3550,207,17
3600,207,17
3650,211,17
3700,215,17
3750,219,16
3800,220,16
3850,221,16
3900,226,16
3950,231,16
4000,232,15
4050,231,15
4100,236,15
4150,242,15
4200,242,15
4250,245,15
4300,248,15
4350,254,15
4400,259,15
4450,258,15
4500,261,15
4550,266,15
4600,270,14
4650,269,14
4700,275,14
4750,278,14
4800,280,14
4850,286,13
4900,289,13
4950,291,13
5000,295,13
5050,303,12
5100,305,12
5150,304,11
5200,310,11
5250,315,11
5300,320,11
5350,323,11
5400,324,10
5450,329,10
5500,335,9
5550,337,9
5600,342,9
5650,348,8
5700,353,8
5750,355,7
5800,359,7
5850,365,6
5900,371,6
5950,374,6
6000,376,5
6050,384,5
6100,389,5
6150,396,4
6200,400,4
6250,406,3
6300,413,3
6350,415,2
6400,420,2
6450,426,2
6500,434,1
6550,442,1
6600,447,0
6650,454,0
6700,461,0
6750,466,0
6800,469,0
6850,475,-1
6900,489,-1
6950,495,-1
7000,497,-2
7050,500,-2
7100,515,-3
7150,526,-3
7200,530,-4
7250,537,-4
7300,545,-4
7350,551,-5
7400,565,-6
7450,573,-6
7500,579,-7
7550,587,-7
7600,600,-8
7650,610,-8
7700,612,-8
7750,622,-9
7800,634,-10
7850,639,-10
7900,654,-11
7950,666,-11
8000,664,-12
8050,687,-12
8100,700,-13
8150,700,-13
8200,726,-14
8250,736,-14
8300,742,-15
8350,762,-15
8400,769,-16
8450,781,-16
8500,803,-17
8550,808,-17
8600,818,-18
8650,846,-18
8700,853,-19
8750,866,-19
8800,894,-20
8850,903,-20
8900,915,-21
8950,941,-21
9000,950,-22
9050,973,-22
9100,997,-22
9150,1009,-23
9200,1044,-23
9250,1046,-24
9300,1069,-24
9350,1104,-25
9400,1107,-25
9450,1149,-26
9500,1159,-26
9550,1182,-27
9600,1214,-27
9650,1231,-28
9700,1263,-28
9750,1279,-29
9800,1313,-30
9850,1338,-31
9900,1352,-31
9950,1390,-32
10000,1405,-33
10050,1450,-34
10100,1466,-35
10150,1492,-35
10200,1528,-36
10250,1537,-37
10300,1584,-38
10350,1597,-39
10400,1638,-39
10450,1648,-40
10500,1686,-41
10550,1704,-42
10600,1734,-43
10650,1750,-44
10700,1783,-44
10750,1797,-45
10800,1822,-46
10850,1844,-47
10900,1855,-48
10950,1880,-49
11000,1887,-49
11050,1902,-50
11100,1912,-51
11150,1927,-52
11200,1935,-52
11250,1938,-53
11300,1953,-54
11350,1948,-54
11400,1961,-55
11450,1959,-56
11500,1960,-57
11550,1959,-58
11600,1960,-58
11650,1959,-59
11700,1954,-60
11750,1956,-61
11800,1951,-62
11850,1948,-62
11900,1946,-63
11950,1945,-64
12000,1943,-64
12050,1940,-65
12100,1941,-66
12150,1939,-66
12200,1940,-67
12250,1941,-68
12300,1941,-68
12350,1946,-69
12400,1944,-70
12450,1951,-70
12500,1953,-71
12550,1954,-72
12600,1960,-72
12650,1960,-73
12700,1967,-73
12750,1967,-74
12800,1973,-75
12850,1972,-76
12900,1977,-77
12950,1979,-78
13000,1981,-78
13050,1982,-79
13100,1984,-79
13150,1987,-80
13200,1987,-80
13250,1990,-81
13300,1990,-81
13350,1991,-81
13400,1992,-82
13450,1989,-83
13500,1992,-83
13550,1989,-83
13600,1992,-83
13650,1990,-84
13700,1994,-84
13750,1992,-85
13800,1997,-85
13850,1992,-85
13900,1994,-86
13950,1994,-86
14000,1997,-87
14050,1994,-87
14100,1995,-87
14150,1995,-87
14200,1997,-88
14250,1996,-88
14300,2001,-88
14350,1996,-89
14400,2003,-89
14450,1997,-90
14500,2003,-90
14550,1997,-91
14600,2005,-91
14650,2000,-92
14700,2004,-92
14750,2001,-92
14800,2001,-93
14850,2002,-93
14900,2000,-94
14950,2001,-94
15000,1998,-94
15050,1999,-95
15100,1998,-95
15150,1998,-95
15200,1998,-96
15250,1998,-96
15300,1998,-96
15350,1997,-96
15400,1996,-97
15450,1994,-97
15500,1994,-98
15550,1994,-98
15600,1992,-98
15650,1994,-98
15700,1991,-98
15750,1994,-99
15800,1991,-99
15850,1992,-99
15900,1990,-99
15950,1991,-100
16000,1988,-100
16050,1990,-100
16100,1986,-100
16150,1987,-100
16200,1982,-100
16250,1983,-101
16300,1981,-101
16350,1980,-102
16400,1978,-102
16450,1977,-102
16500,1975,-102
16550,1973,-103
16600,1970,-103
16650,1968,-103
16700,1967,-104
16750,1965,-104
16800,1962,-104
16850,1960,-104
16900,1957,-104
16950,1958,-104
17000,1956,-104
17050,1955,-105
17100,1953,-105
17150,1950,-106
17200,1950,-106
17250,1946,-106
17300,1948,-106
17350,1943,-106
17400,1944,-107
17450,1941,-107
17500,1939,-107
17550,1938,-107
17600,1936,-107
17650,1936,-108
17700,1932,-108
17750,1933,-108
17800,1928,-108
17850,1928,-109
17900,1926,-109
17950,1924,-109
18000,1921,-109
18050,1918,-109
18100,1918,-109
18150,1915,-109
18200,1914,-109
18250,1911,-110
18300,1908,-110
18350,1907,-110
18400,1905,-110
18450,1905,-111
18500,1901,-111
18550,1902,-111
18600,1898,-111
18650,1896,-112
18700,1896,-112
18750,1894,-112
18800,1894,-112
18850,1887,-112
18900,1892,-112
18950,1885,-113
19000,1888,-113
19050,1881,-113
19100,1885,-113
19150,1880,-114
19200,1879,-114
19250,1879,-115
19300,1875,-115
19350,1877,-115
19400,1873,-115
19450,1872,-116
19500,1872,-116
19550,1868,-116
19600,1868,-117
19650,1864,-117
19700,1863,-117
19750,1861,-117
19800,1860,-118
19850,1859,-118
19900,1856,-118
19950,1856,-118
20000,1852,-118
20050,1853,-119
20100,1850,-119
20150,1850,-119
20200,1847,-119
20250,1847,-119
20300,1845,-119
20350,1844,-119
20400,1842,-119
20450,1843,-119
20500,1840,-119
20550,1841,-120
20600,1838,-120
20650,1838,-120
20700,1836,-120
20750,1834,-120
20800,1833,-120
20850,1832,-120
20900,1831,-120
20950,1829,-120
21000,1829,-120
21050,1827,-120
21100,1828,-120
21150,1826,-121
21200,1825,-121
21250,1823,-121
21300,1823,-121
21350,1821,-121
21400,1822,-121
21450,1819,-122
21500,1821,-122
21550,1816,-122
21600,1820,-122
21650,1814,-122
21700,1818,-122
21750,1815,-122
21800,1817,-123
21850,1815,-123
21900,1819,-123
21950,1813,-123
22000,1819,-123
22050,1812,-123
22100,1818,-123
22150,1814,-123
22200,1815,-123
22250,1813,-123
22300,1817,-124
22350,1813,-124
22400,1816,-124
22450,1812,-124
22500,1818,-124
22550,1812,-124
22600,1817,-124
22650,1813,-124
22700,1816,-124
22750,1814,-124
22800,1816,-124
22850,1815,-124
22900,1816,-124
22950,1812,-124
23000,1814,-125
23050,1811,-125
23100,1814,-124
23150,1811,-124
23200,1812,-124
23250,1809,-124
23300,1811,-124
23350,1809,-124
23400,1811,-124
23450,1811,-124
23500,1812,-124
23550,1811,-125
23600,1813,-125
23650,1811,-125
23700,1814,-125
23750,1812,-125
23800,1814,-126
23850,1813,-126
23900,1816,-126
23950,1814,-126
24000,1816,-126
24050,1816,-126
24100,1816,-126
24150,1817,-126
24200,1819,-126
24250,1819,-126
24300,1820,-127
24350,1819,-127
24400,1822,-127
24450,1819,-127
24500,1822,-128
24550,1820,-128
24600,1822,-128
24650,1821,-128
24700,1822,-128
24750,1823,-128
24800,1823,-128
24850,1824,-128
24900,1823,-128
24950,1823,-128
25000,1825,-128
25050,1825,-128
25100,1828,-128
25150,1826,-129
25200,1828,-128
25250,1828,-129
25300,1828,-128
25350,1831,-129
25400,1830,-129
25450,1835,-129
25500,1832,-129
25550,1836,-129
25600,1834,-129
25650,1836,-129
25700,1837,-129
25750,1838,-130
25800,1839,-130
25850,1839,-130
25900,1840,-130
25950,1839,-130
26000,1841,-130
26050,1841,-131
26100,1842,-131
26150,1841,-131
26200,1845,-131
26250,1843,-131
26300,1845,-132
26350,1846,-132
26400,1847,-132
26450,1849,-132
26500,1850,-132
26550,1850,-132
26600,1852,-132
26650,1849,-132
26700,1853,-132
26750,1852,-132
26800,1854,-132
26850,1853,-132
26900,1855,-132
26950,1854,-133
27000,1858,-133
27050,1856,-133
27100,1859,-133
27150,1857,-133
27200,1858,-133
27250,1860,-133
27300,1860,-133
27350,1861,-133
27400,1861,-133
27450,1861,-133
27500,1863,-133
27550,1861,-134
27600,1863,-134
27650,1863,-134
27700,1864,-133
27750,1863,-134
27800,1865,-134
27850,1865,-134
27900,1865,-134
27950,1864,-134
28000,1865,-134
28050,1867,-134
28100,1869,-134
28150,1864,-134
28200,1869,-134
28250,1865,-134
28300,1869,-134
28350,1865,-135
28400,1869,-135
28450,1867,-135
28500,1869,-135
28550,1868,-135
28600,1871,-135
28650,1870,-136
28700,1871,-136
28750,1871,-136
28800,1872,-136
28850,1871,-136
28900,1875,-136
28950,1871,-136
29000,1875,-136
29050,1874,-136
29100,1872,-136
29150,1872,-136
29200,1871,-136
29250,1874,-136
29300,1871,-136
29350,1874,-136
29400,1870,-136
29450,1872,-136
29500,1870,-136
29550,1872,-136
29600,1870,-136
29650,1869,-136
29700,1870,-136
29750,1869,-136
29800,1870,-136
29850,1870,-136
29900,1868,-135
29950,1870,-135
30000,1868,-135
30050,1872,-135
30100,1866,-135
30150,1871,-135
30200,1868,-135
30250,1869,-135
30300,1868,-136
30350,1869,-136
30400,1865,-136
30450,1869,-136
30500,1863,-136
30550,1868,-136
30600,1863,-136
30650,1869,-136
30700,1862,-136
30750,1866,-136
30800,1863,-136
30850,1867,-136
30900,1864,-137
30950,1868,-137
31000,1863,-137
31050,1869,-137
31100,1863,-137
31150,1865,-137
31200,1863,-137
31250,1865,-138
31300,1861,-138
31350,1866,-138
31400,1860,-138
31450,1864,-138
31500,1858,-138
31550,1861,-138
31600,1857,-139
31650,1860,-139
31700,1855,-139
31750,1858,-138
31800,1855,-139
31850,1855,-139
31900,1852,-138
31950,1855,-138
32000,1851,-138
32050,1855,-138
32100,1852,-138
32150,1853,-138
32200,1851,-138
32250,1855,-138
32300,1850,-138
32350,1853,-138
32400,1852,-138
32450,1855,-138
32500,1852,-139
32550,1853,-138
32600,1855,-138
32650,1854,-139
32700,1853,-139
32750,1853,-139
32800,1852,-139
32850,1854,-138
32900,1853,-139
32950,1853,-139
33000,1851,-139
33050,1851,-139
33100,1850,-139
33150,1849,-139
33200,1850,-139
33250,1844,-139
33300,1846,-139
33350,1843,-140
33400,1845,-140
33450,1841,-140
33500,1843,-140
33550,1838,-140
33600,1839,-140
33650,1838,-140
33700,1839,-140
33750,1835,-140
33800,1838,-140
33850,1836,-141
33900,1839,-140
33950,1836,-140
34000,1839,-140
34050,1836,-140
34100,1839,-140
34150,1836,-140
34200,1840,-140
34250,1838,-140
34300,1839,-140
34350,1837,-140
34400,1838,-140
34450,1836,-140
34500,1837,-140
34550,1835,-140
34600,1836,-140
34650,1836,-140
34700,1835,-140
34750,1833,-139
34800,1833,-139
34850,1831,-139
34900,1832,-139
34950,1829,-139
35000,1831,-140
35050,1828,-140
35100,1831,-140
35150,1828,-140
35200,1830,-141
35250,1828,-141
35300,1828,-141
35350,1828,-141
35400,1828,-141
35450,1829,-141
35500,1828,-141
35550,1829,-141
35600,1828,-141
35650,1829,-141
35700,1828,-141
35750,1829,-141
35800,1830,-141
35850,1830,-141
35900,1831,-141
35950,1829,-141
36000,1830,-141
36050,1830,-141
36100,1830,-141
36150,1831,-141
36200,1830,-141
36250,1830,-141
36300,1829,-141
36350,1831,-141
36400,1831,-141
36450,1832,-141
36500,1831,-141
36550,1830,-141
36600,1832,-141
36650,1830,-141
36700,1832,-141
36750,1830,-141
36800,1832,-141
36850,1832,-142
36900,1831,-142
36950,1833,-141
37000,1832,-142
37050,1834,-141
37100,1834,-142
37150,1834,-141
37200,1836,-142
37250,1834,-142
37300,1836,-141
37350,1833,-141
37400,1837,-141
37450,1836,-141
37500,1836,-141
37550,1838,-142
37600,1838,-142
37650,1837,-142
37700,1838,-142
37750,1838,-142
37800,1838,-142
37850,1838,-142
37900,1839,-142
37950,1838,-142
38000,1840,-143
38050,1838,-142
38100,1841,-143
38150,1839,-143
38200,1843,-143
38250,1840,-143
38300,1843,-143
38350,1842,-143
38400,1844,-143
38450,1843,-143
38500,1844,-143
38550,1843,-143
38600,1845,-143
38650,1845,-143
38700,1847,-143
38750,1846,-143
38800,1847,-143
38850,1845,-143
38900,1850,-143
38950,1850,-143
39000,1851,-143
39050,1849,-143
39100,1852,-143
39150,1850,-143
39200,1853,-143
39250,1852,-143
39300,1853,-143
39350,1853,-143
39400,1855,-143
39450,1853,-143
39500,1855,-143
39550,1853,-143
39600,1858,-143
39650,1855,-144
39700,1860,-144
39750,1855,-144
39800,1860,-144
39850,1858,-144
39900,1861,-144
39950,1860,-144
40000,1862,-144
40050,1861,-145
40100,1863,-144
40150,1861,-145
40200,1864,-145
40250,1865,-145
40300,1868,-145
40350,1865,-145
40400,1869,-145
40450,1866,-145
40500,1869,-146
40550,1868,-146
40600,1870,-145
40650,1870,-145
40700,1870,-146
40750,1871,-146
40800,1871,-145
40850,1871,-146
40900,1870,-145
40950,1872,-146
41000,1871,-145
41050,1872,-145
41100,1872,-145
41150,1872,-145
41200,1872,-145
41250,1872,-145
41300,1873,-145
41350,1872,-145
41400,1872,-144
41450,1872,-144
41500,1872,-144
41550,1876,-144
41600,1874,-144
41650,1875,-144
41700,1877,-145
41750,1877,-144
41800,1877,-145
41850,1877,-145
41900,1877,-145
41950,1879,-144
42000,1882,-144
42050,1882,-144
42100,1884,-144
42150,1882,-145
42200,1885,-145
42250,1885,-145
42300,1883,-145
42350,1885,-145
42400,1883,-145
42450,1885,-145
42500,1884,-145
42550,1886,-144
42600,1884,-145
42650,1887,-144
42700,1882,-145
42750,1885,-145
42800,1882,-145
42850,1885,-145
42900,1881,-145
42950,1882,-145
43000,1880,-145
43050,1882,-145
43100,1882,-145
43150,1882,-145
43200,1882,-145
43250,1884,-144
43300,1882,-145
43350,1885,-145
43400,1884,-145
43450,1883,-145
43500,1884,-145
43550,1885,-145
43600,1885,-145
43650,1885,-144
43700,1886,-144
43750,1888,-144
43800,1888,-144
43850,1887,-144
43900,1887,-144
43950,1888,-144
44000,1890,-144
44050,1888,-143
44100,1891,-144
44150,1890,-144
44200,1891,-144
44250,1891,-144
44300,1892,-144
44350,1891,-144
44400,1892,-144
44450,1891,-145
44500,1893,-145
44550,1892,-145
44600,1893,-145
44650,1891,-145
44700,1894,-145
44750,1894,-145
44800,1894,-145
44850,1893,-145
44900,1893,-145
44950,1891,-145
45000,1893,-145
45050,1891,-145
45100,1891,-145
45150,1891,-145
45200,1891,-145
45250,1892,-145
45300,1891,-145
45350,1891,-145
45400,1892,-145
45450,1890,-145
45500,1892,-145
45550,1892,-145
45600,1892,-145
45650,1894,-145
45700,1893,-145
45750,1894,-145
45800,1893,-145
45850,1894,-145
45900,1893,-145
45950,1894,-145
46000,1893,-145
46050,1894,-145
46100,1894,-145
46150,1894,-146
46200,1893,-146
46250,1895,-146
46300,1894,-146
46350,1894,-146
46400,1894,-146
46450,1895,-146
46500,1892,-146
46550,1894,-146
46600,1891,-146
46650,1893,-146
46700,1891,-147
46750,1894,-147
46800,1891,-147
46850,1893,-147
46900,1894,-147
46950,1893,-148
47000,1893,-147
47050,1893,-148
47100,1894,-147
47150,1894,-147
47200,1896,-147
47250,1895,-147
47300,1897,-147
47350,1897,-147
47400,1897,-147
47450,1896,-147
47500,1897,-148
47550,1898,-148
47600,1899,-148
47650,1897,-148
47700,1899,-148
47750,1897,-148
47800,1898,-148
47850,1896,-148
47900,1899,-148
47950,1895,-148
48000,1896,-148
48050,1895,-148
48100,1899,-148
48150,1896,-148
48200,1899,-148
48250,1896,-148
48300,1897,-147
48350,1897,-147
48400,1898,-147
48450,1897,-147
48500,1900,-148
48550,1897,-147
48600,1899,-148
48650,1897,-148
48700,1900,-148
48750,1899,-148
48800,1901,-148
48850,1899,-148
48900,1901,-148
48950,1899,-148
49000,1902,-148
49050,1901,-148
49100,1902,-148
49150,1901,-148
49200,1900,-148
49250,1901,-148
49300,1901,-148
49350,1902,-148
49400,1899,-148
49450,1901,-148
49500,1901,-148
49550,1901,-148
49600,1901,-148
49650,1899,-148
49700,1900,-148
49750,1899,-148
49800,1899,-148
49850,1899,-148
49900,1899,-148
49950,1899,-148
50000,1898,-148
52500,1911,-148
55000,1931,-149
57500,1952,-149
60000,1961,-149
62500,1968,-149
65000,1975,-149
67500,1994,-151
70000,2007,-151
72500,2017,-150
75000,2025,-153
77500,2030,-151
80000,2040,-150
82500,2053,-151
85000,2060,-151
87500,2064,-151
90000,2070,-151
92500,2078,-150
95000,2085,-152
97500,2089,-152
100000,2093,-151
102500,2096,-153
105000,2102,-152
107500,2108,-151
110000,2112,-152
112500,2115,-151
115000,2112,-152
117500,2122,-152
120000,2123,-151
122500,2124,-153
125000,2124,-152
127500,2125,-151
130000,2127,-153
132500,2127,-153
135000,2128,-152
137500,2127,-153
140000,2126,-153
142500,2125,-152
145000,2127,-152
147500,2126,-152
150000,2120,-154
152500,2119,-152
155000,2120,-152
157500,2116,-154
160000,2115,-153
162500,2116,-152
165000,2110,-152
167500,2108,-152
170000,2110,-153
172500,2107,-153
175000,2102,-151
177500,2098,-153
180000,2097,-153
182500,2095,-152
185000,2096,-154
187500,2089,-153
190000,2087,-153
192500,2083,-153
195000,2082,-152
197500,2078,-153
200000,2075,-154
202500,2069,-152
205000,2066,-155
207500,2063,-153
210000,2058,-152
212500,2053,-154
215000,2051,-153
217500,2049,-153
220000,2045,-155
222500,2042,-154
225000,2036,-154
227500,2031,-153
230000,2031,-153
232500,2027,-155
235000,2019,-154
237500,2007,-153
240000,1820,-155
242500,1633,-154
245000,1449,-153
247500,1287,-154
250000,1138,-154
252500,1003,-156
255000,880,-157
257500,771,-156
260000,677,-159
262500,593,-158
265000,527,-157
267500,459,-158
270000,393,-158
272500,347,-159
275000,303,-159
277500,264,-158
280000,229,-160
282500,200,-159
285000,175,-158
287500,155,-160
290000,134,-159
292500,119,-158
295000,106,-160
297500,94,-158
300000,85,-158
302500,77,-160
305000,69,-158
307500,63,-158
310000,58,-158
312500,52,-155
315000,48,-158
317500,45,-158
320000,42,-157
322500,38,-157
325000,36,-155
327500,35,-155
330000,33,-154
332500,31,-154
335000,29,-155
337500,28,-154
340000,27,-153
342500,25,-155
345000,23,-153
347500,23,-151
350000,22,-152
352500,20,-151
355000,21,-151
357500,20,-150
360000,19,-150
362500,19,-151
365000,18,-151
367500,18,-150
370000,17,-151
372500,16,-151
375000,17,-150
377500,17,-150
380000,16,-150
382500,16,-149
385000,15,-150
387500,14,-149
390000,14,-150
392500,12,-150
395000,13,-147
397500,12,-150
400000,12,-149
402500,12,-149
405000,9,-151
407500,10,-148
410000,10,-148
412500,9,-147
415000,9,-147
417500,9,-150
420000,8,-150
422500,7,-149
425000,6,-151
427500,6,-150
430000,6,-149
432500,6,-150
435000,5,-150
437500,5,-152
440000,4,-152
442500,6,-150
445000,4,-152
447500,4,-151
450000,4,-151
452500,2,-153
455000,3,-153
457500,2,-153
460000,1,-153
462500,1,-151
465000,1,-153
467500,0,-153
470000,0,-153
472500,0,-155
475000,0,-154
477500,-1,-153
480000,0,-156
482500,0,-155
485000,-1,-155
487500,-1,-157
490000,-1,-153
492500,-1,-153
495000,-2,-153
497500,-3,-150
