diameter,diff_normed,cumulative
0.0419,0.0012,0
0.046,0.0016,0.005
0.0505,0.0025,0.0113
0.0554,0.0049,0.0212
0.0609,0.0103,0.0408
0.0668,0.0193,0.082
0.0733,0.0296,0.1592
0.0805,0.0391,0.2777
0.0884,0.0481,0.4343
0.097,0.0576,0.6271
0.1065,0.0672,0.8581
0.1169,0.0763,1.1276
0.1284,0.0852,1.4334
0.1409,0.0937,1.775
0.1547,0.1015,2.1508
0.1698,0.1088,2.5577
0.1864,0.1165,2.994
0.2046,0.1245,3.4611
0.2246,0.1323,3.9602
0.2466,0.1399,4.4907
0.2707,0.1476,5.0517
0.2972,0.1549,5.6433
0.3262,0.1615,6.2642
0.3581,0.1676,6.9117
0.3931,0.1733,7.5835
0.4315,0.1789,8.2782
0.4737,0.1841,8.9954
0.52,0.189,9.7337
0.5709,0.1933,10.4913
0.6267,0.1976,11.2661
0.688,0.2015,12.0582
0.7552,0.2051,12.8661
0.8291,0.2081,13.6883
0.9101,0.2112,14.5225
0.9991,0.2141,15.369
1.0968,0.217,16.2274
1.204,0.2198,17.0972
1.3217,0.2232,17.9782
1.4509,0.2273,18.8729
1.5927,0.2323,19.784
1.7484,0.2384,20.7152
1.9194,0.2464,21.671
2.107,0.2568,22.6588
2.313,0.2699,23.6883
2.5391,0.2861,24.7701
2.7873,0.3061,25.917
3.0598,0.3307,27.1443
3.359,0.3603,28.4702
3.6874,0.3948,29.9146
4.0479,0.4343,31.4973
4.4436,0.4788,33.2382
4.878,0.5284,35.1577
5.3549,0.5819,37.2759
5.8784,0.6382,39.6089
6.4531,0.6958,42.1673
7.0839,0.7542,44.957
7.7765,0.8122,47.9806
8.5367,0.8672,51.2368
9.3713,0.916,54.7133
10.2875,0.9555,58.3856
11.2932,0.9843,62.2162
12.3972,1,66.1625
13.6092,0.9991,70.1715
14.9396,0.9777,74.177
16.4002,0.9348,78.0968
18.0035,0.8762,81.8446
19.7636,0.8076,85.3572
21.6957,0.7332,88.5949
23.8167,0.6488,91.5343
26.1452,0.5448,94.1353
28.7012,0.4199,96.3195
31.5071,0.2829,98.0028
34.5873,0.1491,99.137
37.9686,0.0551,99.7348
41.6805,0.0103,99.9555
45.7553,0.0008,99.9968
50.2284,0,100
