diameter,diff_percent,diff_normed,cumulative 
0.0419097,0.00103646,0.000396937736008027,0
0.0460069,0.00136705,0.000523545271414019,0.00103646
0.0505046,0.00219562,0.000840866441477669,0.00240351
0.055442,0.00437279,0.00167466700368421,0.00459913
0.0608622,0.00910446,0.00348677589099014,0.00897192
0.0668123,0.0171001,0.00654890201214795,0.0180764
0.073344,0.0268989,0.0103015924079138,0.0351765
0.0805142,0.0367273,0.0140656188484723,0.0620754
0.0883855,0.0466806,0.0178774788023622,0.0988026
0.0970261,0.0577946,0.0221338572424305,0.145483
0.106512,0.0700647,0.0268329924860406,0.203278
0.116925,0.0825594,0.0316181437992601,0.273342
0.128355,0.0952619,0.0364828772107202,0.355902
0.140904,0.108792,0.0416645603069924,0.451164
0.154679,0.123446,0.0472766684283493,0.559956
0.169801,0.139251,0.0533295801833682,0.683402
0.186401,0.156502,0.0599362730454897,0.822653
0.204624,0.176032,0.0674157647617516,0.979155
0.224629,0.198469,0.0760085633095123,1.15519
0.246589,0.22398,0.085778625427974,1.35366
0.270696,0.251906,0.0964735709307046,1.57764
0.297159,0.282075,0.108027528206071,1.82954
0.32621,0.313707,0.120141777154806,2.11162
0.358101,0.34716,0.132953422642984,2.42532
0.39311,0.382484,0.146481613394916,2.77248
0.431542,0.420887,0.16118898258998,3.15497
0.473731,0.462399,0.177087019462763,3.57585
0.520044,0.507133,0.194219000130211,4.03825
0.570885,0.554793,0.212471564144397,4.54539
0.626696,0.605723,0.231976454728586,5.10018
0.687963,0.660023,0.252771969331403,5.7059
0.75522,0.717623,0.274831299738811,6.36592
0.829052,0.77821,0.298034574936618,7.08355
0.910102,0.841418,0.322241626262858,7.86176
0.999074,0.906983,0.347351348453166,8.70317
1.09675,0.974191,0.373090297724366,9.61016
1.20397,1.04207,0.399086222875832,10.5843
1.32167,1.10901,0.424722534984719,11.6264
1.45088,1.17371,0.44950098424443,12.7354
1.59272,1.23477,0.472885406374227,13.9091
1.74843,1.29097,0.4944085725009,15.1439
1.91936,1.34062,0.513423255742702,16.4349
2.10701,1.38242,0.529431589267523,17.7755
2.31299,1.41551,0.542104215017196,19.1579
2.53911,1.43991,0.551448792481445,20.5734
2.78734,1.45635,0.557744893035226,22.0133
3.05984,1.46611,0.561482724020926,23.4697
3.35898,1.47133,0.563481850839097,24.9358
3.68736,1.4748,0.564810772306349,26.4071
4.04785,1.47992,0.566771601675896,27.8819
4.44358,1.48961,0.570482624447559,29.3618
4.87799,1.50608,0.576790214235928,30.8515
5.35487,1.53049,0.586138621445039,32.3575
5.87838,1.5635,0.598780609235813,33.888
6.45306,1.60509,0.614708518118523,35.4515
7.08392,1.65422,0.633524054627481,37.0566
7.77647,1.70865,0.654369355913509,38.7108
8.53671,1.76545,0.676122306731926,40.4195
9.37129,1.8224,0.697932703723278,42.1849
10.2875,1.87799,0.719222255413344,44.0073
11.2932,1.93068,0.739401181093316,45.8853
12.3972,1.97709,0.757175026999701,47.816
13.6092,2.01264,0.770789769985524,49.7931
14.9396,2.03376,0.778878191134907,51.8057
16.4002,2.04333,0.782543256968221,53.8395
18.0035,2.05291,0.786212152546397,55.8828
19.7636,2.0805,0.796778418621751,57.9357
21.6957,2.14267,0.820587942431275,60.0162
23.8167,2.24431,0.859513469212681,62.1589
26.1452,2.37431,0.909300152423846,64.4032
28.7012,2.50435,0.95910215461446,66.7775
31.5071,2.59615,0.994259212451267,69.2819
34.5873,2.61114,1,71.878
37.9686,2.52015,0.965153151497047,74.4892
41.6805,2.31431,0.886321683249462,77.0093
45.7553,2.01331,0.771046362891304,79.3236
50.2284,1.66831,0.638920165138599,81.3369
55.1389,1.34944,0.516801090711337,83.0052
60.5294,1.11487,0.426966765474084,84.3547
66.4469,0.99302,0.380301324325773,85.4695
72.9429,0.981158,0.375758480969998,86.4626
80.074,1.04142,0.398837289459776,87.4437
87.9022,1.10735,0.424086797337561,88.4851
96.4959,1.12156,0.429528864787028,89.5925
105.93,1.0785,0.413037983409545,90.714
116.286,1.02051,0.390829292952504,91.7925
127.654,0.99654,0.381649394517337,92.813
140.134,1.02539,0.392698208445353,93.8096
153.833,1.08311,0.41480349579111,94.835
168.872,1.10947,0.42489870324839,95.9181
185.382,1.03879,0.397830066560966,97.0276
203.505,0.851794,0.326215369532082,98.0663
223.4,0.586685,0.224685386459554,98.9181
245.24,0.320757,0.122841747282796,99.5048
269.215,0.131313,0.0502895287115972,99.8256
295.535,0.0363638,0.0139264076227242,99.9569
324.427,0.00619269,0.00237164227119189,99.9933
356.144,0.000537568,0.000205874828618917,99.9995
390.961,5.17E-06,1.97997809385939E-06,100
429.182,0,0,100
471.14,0,0,100
