diameter,diff_percent,stabw,cumulative
0.24659,0,0,0
0.2707,0,0,0
0.29716,0.006545883,9.25E-05,0.006545883
0.32621,0.025163667,0.000328233,0.03170955
0.3581,0.053343333,0.000684687,0.085052883
0.39311,0.094917667,0.001210617,0.17997055
0.43154,0.157021667,0.001995315,0.336992217
0.47373,0.251325,0.003192297,0.588317217
0.52004,0.361625,0.004606386,0.949942217
0.57088,0.456076667,0.00585209,1.406018884
0.6267,0.543558333,0.007013671,1.949577217
0.68796,0.627775,0.008144378,2.577352217
0.75522,0.714265,0.009310563,3.291617217
0.82905,0.792516667,0.010415725,4.084133884
0.9101,0.86263,0.011435701,4.946763884
0.99908,0.926146667,0.012385986,5.872910551
1.0967,0.985115,0.013284369,6.858025551
1.204,1.039216667,0.014179964,7.897242218
1.3217,1.085183333,0.015002824,8.982425551
1.4509,1.12455,0.01580725,10.106975551
1.5927,1.15835,0.016620845,11.265325551
1.7484,1.1905,0.017488949,12.455825551
1.9194,1.2181,0.018419102,13.673925551
2.107,1.2418,0.019409877,14.915725551
2.313,1.262083333,0.020428854,16.177808884
2.5391,1.282833333,0.021533437,17.460642217
2.7873,1.3038,0.022690747,18.764442217
3.0598,1.325366667,0.023915383,20.089808884
3.359,1.347966667,0.025082176,21.437775551
3.6874,1.373683333,0.026153165,22.811458884
4.0478,1.4043,0.027135033,24.215758884
4.4436,1.4407,0.027927645,25.656458884
4.878,1.483316667,0.02856498,27.139775551
5.3549,1.53245,0.02892097,28.672225551
5.8784,1.589916667,0.029020764,30.262142218
6.4531,1.657083333,0.028870944,31.919225551
7.0839,1.734966667,0.028486761,33.654192218
7.7765,1.823516667,0.027853032,35.477708885
8.5367,1.924566667,0.026950799,37.402275552
9.3713,2.041633333,0.025768629,39.443908885
10.287,2.17875,0.024474119,41.622658885
11.293,2.3367,0.023023828,43.959358885
12.397,2.512833333,0.021381586,46.472192218
13.609,2.7028,0.01949641,49.174992218
14.94,2.900916667,0.017529824,52.075908885
16.4,3.097383333,0.015839341,55.173292218
18.004,3.272283333,0.014808378,58.445575551
19.764,3.3951,0.01456537,61.840675551
21.696,3.43505,0.015392287,65.275725551
23.817,3.378316667,0.018635219,68.654042218
26.145,3.242583333,0.024787189,71.896625551
28.701,3.0732,0.032013018,74.969825551
31.507,2.920983333,0.037580643,77.890808884
34.587,2.81615,0.039771504,80.706958884
37.969,2.751116667,0.038239221,83.458075551
41.681,2.68445,0.034009398,86.142525551
45.755,2.5623,0.029725298,88.704825551
50.228,2.34925,0.029042139,91.054075551
55.139,2.05125,0.031038135,93.105325551
60.529,1.710866667,0.030399708,94.816192218
66.447,1.381533333,0.022483154,96.197725551
72.943,1.09895,0.008769027,97.296675551
80.074,0.866695,0.015359243,98.163370551
87.902,0.668223333,0.032608197,98.831593884
96.496,0.48528,0.046042864,99.316873884
105.93,0.314013333,0.053951456,99.630887217
116.29,0.16843,0.054895585,99.799317217
127.65,0.071630333,0.045042314,99.87094755
140.13,0.0263165,0.032758634,99.89726405
153.83,0.013142658,0.026158716,99.910406708
168.87,0.01167438,0.025951045,99.922081088
185.38,0.013454,0.030084059,99.935535088
203.51,0.0155515,0.034774211,99.951086588
223.4,0.0160245,0.035831871,99.967111088
245.24,0.014115167,0.031562472,99.981226255
269.22,0.010319833,0.023075849,99.991546088
295.53,0.0057525,0.012862981,99.997298588
324.43,0.002229167,0.004984568,99.999527755
356.14,0.00045265,0.001012156,99.999980405
390.96,4.07E-05,9.10E-05,1.00E+02
429.18,1.10E-07,2.46E-07,1.00E+02
471.14,0,0,100.000021218378
517.2,0,0,100.000021218378
