size;area
1.8212;0.034012660680835
2.7318;0.10605258058265
3.6424;0.072039919901815
4.553;0.111139461275111
5.4636;0.104447387119695
6.3742;0.136851624572056
7.2848;0.070434726438861
8.1954;0.091589690588463
9.106;0.055167624830437
10.0166;0.162292487565403
10.9272;0.055167624830437
11.8378;0.131493443575996
12.7484;0.229781667850914
13.659;0.216391060009043
14.5696;0.151847425876881
15.4802;0.117834765196047
16.3908;0.38564692203346
17.3014;0.426887797945869
18.212;0.560525805826497
19.1226;0.620247400038757
20.0332;0.675146954331116
20.9438;0.430101414637297
21.8544;0.579003294360829
22.765;0.62480136942058
23.6756;0.278790129836574
24.5862;0.291376526064208
25.4968;0.480450229313352
26.4074;0.685055874943479
27.318;0.373060525805826
28.2286;0.583825334280731
29.1392;0.410015502874491
30.0498;0.21987274723855
30.9604;0.476968542083845
33.6922;0.272899037529875
34.6028;0.303426781215684
37.3346;0.347616433046961
44.6194;1.00
46.4406;0.534012660680835
49.1724;0.610606549964473
51.9042;0.664168981331955
