size;diameter;area
1.8212;0.449842761070843;0.040894809926078
2.7318;0.627272304776724;0.085537175752342
3.6424;0.603761341083684;0.109774856739895
4.553;0.532915177042256;0.121117186497465
5.4636;0.481503985623869;0.131319474217557
6.3742;0.433385602869718;0.137895419604063
7.2848;0.416300177463969;0.151382179264582
8.1954;0.478212898239647;0.19563267957139
9.106;0.470219273860814;0.213736166419663
10.0166;0.477586352315036;0.238793132967016
10.9272;0.616927411900586;0.336506145845082
11.8378;0.69278938589893;0.40937595689523
12.7484;0.719749794737358;0.458022199367655
13.659;0.82993753474834;0.565866390924036
14.5696;0.887774264454019;0.645654017753849
15.4802;0.876646189172116;0.677408143254306
16.3908;0.956425796479294;0.782530718285559
17.3014;0.854701590290604;0.738151893507974
18.212;0.805641667369522;0.732402453983972
19.1226;0.862381941707131;0.823183319875491
20.0332;1.000000000000000;1.000000000000000
20.9438;0.778682979811107;0.814078080572233
21.8544;0.733542411478872;0.800228008407495
22.765;0.721002886586581;0.819321770711411
23.6756;0.713165898688901;0.842832717292001
24.5862;0.664419248730126;0.815424667026442
25.4968;0.649530176620542;0.826674336232649
26.4074;0.627272304776724;0.826859547936848
27.318;0.573668202622198;0.782274178742532
28.2286;0.544199888805311;0.766828200883262
29.1392;0.566771033611435;0.824394470954746
30.0498;0.506896308370757;0.760344916048118
30.9604;0.335737387751027;0.518865830475388
31.871;0.367555248785207;0.584746388508516
32.7816;0.378056778142498;0.618637833007745
33.6922;0.272569853846114;0.45841406488711
34.6028;0.345454013422542;0.59669423910645
35.5134;0.268965493499586;0.476802534895121
36.424;0.275862662510349;0.501567407378559
37.3346;0.231348640102726;0.431148451502157
38.2452;0.276489208434961;0.52784274530787
39.1558;0.235892819336171;0.461064462971936
40.0664;0.255172876758072;0.510344888698487
40.977;0.268025674612669;0.548233098939699
41.8876;0.165829837700508;0.346736986580411
42.7982;0.191535433409701;0.409190635792506
43.7088;0.203135139415075;0.443203184459808
44.6194;0.115203549967898;0.256590194544492
45.53;0.172413733748965;0.391849547270611
46.4406;0.191848706372006;0.444742093522393
47.3512;0.089654590739858;0.21191227419734
48.2618;0.041536207985707;0.100064096596273
49.1724;0.126959892454425;0.31162728009775
50.083;0.163793563445521;0.409482729856422
50.9936;0.114107094599828;0.290453086028484
51.9042;0.089341317777552;0.231476231365192
52.8148;0.036363761547637;0.09586778794321
53.7254;0.092475768680622;0.248005145231466
54.636;0.094043854772163;0.256483312184775
55.5466;0.105171930054065;0.291614460778495
56.4572;0.106896652626759;0.301253893083289
57.3678;0.049373195883387;0.141386435961221
58.2784;0.090282857944482;0.262638948435114
59.189;0.030564769184957;0.090303560123406
60.0996;0.062069357256831;0.186206902587505
61.0102;0.042006117429165;0.127928229315939
61.9208;0.042632663353776;0.131775447273138
62.8314;0.021629604639194;0.067839885630405
63.742;0.043887476483012;0.139640982481905
64.6526;0.044514022407623;0.143659190334947
65.5632;0.022571144806124;0.073867197409968
66.4738;0.011441348244208;0.037966648984218
67.3844;0.04639538146147;0.156055903084284
68.295;0.047021927386081;0.160302097465116
69.2056;0.047648473310693;0.164605288477896
70.1162;0.036207125066485;0.126724189140862
71.0268;0.024450782579958;0.086691330199649
71.9374;0.024764055542264;0.08892842065396
72.848;0.012539524892291;0.045597086761017
73.7586;0.012696161373444;0.046744130304147
74.6692;0.012852797854597;0.047905395655631
75.5798;0.026018868671499;0.098161875029469
76.4904;0.013166070816902;0.050270701182193
83.7752;0.028840046612263;0.120604216809937
84.6858;0.072884159576428;0.308100599821177
85.5964;0.073667341982192;0.314762094854867
86.507;0.059561452278372;0.257195824783383
88.3282;0.030408132703804;0.134069534359397
89.2388;0.061442811332219;0.27369618563442
90.1494;0.015517339314208;0.069827547445867
92.8812;0.015987248757666;0.074123736952995
93.7918;0.032287770477638;0.151168414545147
94.7024;0.032601043439944;0.154118017598066
