bin_left,bin_right,bin_center,count,count_per_um2
1.5379003343614466,2.5850449302137095,2.061472632287578,11500.872740862676,386.1078133021916
2.5850449302137095,3.632189526065972,3.108617228139841,83557.0077366952,2805.1795955156117
3.632189526065972,4.6793341219182345,4.155761823992103,92279.86064803258,3098.0236030305146
4.6793341219182345,5.726478717770497,5.202906419844366,158480.6875680437,5320.520721015759
5.726478717770497,6.77362331362276,6.250051015696629,237751.99051828234,7981.820444034549
6.77362331362276,7.820767909475022,7.297195611548892,318203.2845237275,10682.734879458876
7.820767909475022,8.867912505327286,8.344340207401155,475822.0952484119,15974.320632596682
8.867912505327286,9.91505710117955,9.391484803253418,710223.6474539796,23843.660011961256
9.91505710117955,10.962201697031812,10.43862939910568,859417.7000824697,28852.4094100315
10.962201697031812,12.009346292884075,11.485773994957944,939940.2772686491,31555.71696758305
12.009346292884075,13.056490888736338,12.532918590810207,965414.14351848,32410.926743022832
13.056490888736338,14.103635484588597,13.580063186662468,835813.2478048587,28059.95968395787
14.103635484588597,15.15078008044086,14.627207782514729,1145464.7814317066,38455.594800372884
15.15078008044086,16.197924676293123,15.674352378366992,1113377.0104658967,37378.34272042151
16.197924676293123,17.245069272145386,16.721496974219257,926178.4142256454,31093.703086878213
17.245069272145386,18.29221386799765,17.768641570071516,1288985.724291321,43273.88630391298
18.29221386799765,19.339358463849912,18.815786165923782,659503.5827281065,22140.883733751303
19.339358463849912,20.386503059702175,19.862930761776042,902924.560438646,30313.02366898964
20.386503059702175,21.433647655554438,20.91007535762831,881864.8772972841,29606.00704601131
21.433647655554438,22.4807922514067,21.957219953480568,520266.2320357114,17466.401177760643
22.4807922514067,23.527936847258964,23.004364549332834,601770.4268517457,20202.663646222172
23.527936847258964,24.575081443111227,24.051509145185094,585560.0099942051,19658.446807499677
24.575081443111227,25.62222603896349,25.09865374103736,258598.33168845624,8681.67474082799
25.62222603896349,26.66937063481575,26.14579833688962,377300.1381054986,12666.737087258793
26.66937063481575,27.716515230668012,27.19294293274188,599004.0448797792,20109.790547108612
27.716515230668012,28.763659826520275,28.240087528594145,649749.8355488367,21813.430497832112
28.763659826520275,29.810804422372538,29.287232124446405,755837.6409513708,25375.015038843943
29.810804422372538,30.8579490182248,30.33437672029867,114417.12845112756,3841.2169463990695
30.8579490182248,31.905093614077064,31.38152131615093,636452.0549728833,21366.996814437698
31.905093614077064,32.95223820992933,32.4286659120032,295017.05102862045,9904.325613029736
32.95223820992933,33.99938280578159,33.475810507855456,466560.08021605015,15663.375850274975
33.99938280578159,35.04652740163385,34.52295510370772,0.0,0.0
35.04652740163385,36.09367199748611,35.57009969955998,563952.6339415498,18933.043013642633
36.09367199748611,37.14081659333838,36.61724429541225,212035.6083225347,7118.468912427328
37.14081659333838,38.18796118919064,37.66438889126451,216715.47669463977,7275.581662425468
38.18796118919064,39.235105785042904,38.71153348711677,489258.5302936435,16425.409230026216
39.235105785042904,40.282250380895164,39.758678082969034,0.0,0.0
40.282250380895164,41.32939497674743,40.8058226788213,0.0,0.0
41.32939497674743,42.37653957259969,41.85296727467356,0.0,0.0
42.37653957259969,43.423684168451956,42.90011187052582,0.0,0.0
43.423684168451956,44.470828764304215,43.947256466378086,0.0,0.0
44.470828764304215,45.51797336015648,44.99440106223035,0.0,0.0
45.51797336015648,46.56511795600874,46.04154565808261,0.0,0.0
46.56511795600874,47.61226255186101,47.08869025393487,0.0,0.0
47.61226255186101,48.65940714771327,48.13583484978714,920435.6023889519,30900.90515141429
48.65940714771327,49.706551743565534,49.182979445639404,0.0,0.0
49.706551743565534,50.75369633941779,50.23012404149166,517068.92374336347,17359.06100097343
50.75369633941779,51.80084093527005,51.27726863734392,552475.6427452639,18547.736952621555
51.80084093527005,52.84798553112232,52.32441323319618,0.0,0.0
52.84798553112232,53.895130126974585,53.371557829048456,655748.3157901056,22014.811744392973
