element,c_analy,c_analy_alt,EDX-Spot,EDX_1,EDX_2,EDX-Unused,EDX_mean_area,EDX_mean_count,stab_ca,stabw_edx_area
Ca,65.6,64.81,64.64,63.87,63.92,63.95,64.21,64.09,0,0.44
Si,22.5,22.44,23.21,23.68,20.24,21.87,22.04,22.67,0,1.89
Al,4.6,4.67,5.06,5.87,7.4,6.49,6.17,6.05,0,1.32
Fe,2.4,2.59,2.69,1.92,3.98,3.42,3.1,2.66,0,0.97
Mg,1.3,1.36,2.01,2.08,2.58,2.29,2.26,2.19,0,0.33
K,1.2,1.26,1.05,1.21,0.82,0.85,0.98,1.07,0,0.18
S,0.8,1.01,0.69,0.53,0.4,0.44,0.54,0.54,0,0.16
Na,0.4,0.41,0.09,0.08,0.1,0.1,0.09,0.09,0,0.01
Ti,0.2,0.24,0.37,0.42,0.38,0.37,0.38,0.4,0,0.02
P,0.1,0.15,0.05,0.08,0.05,0.05,0.05,0.06,0,0.01
Mn,0,0.04,0.03,0.04,0.04,0.04,0.04,0.04,0,0.01
Cr,0,0.01,0.02,0.03,0.03,0.02,0.03,0.03,0,0.01
