oxide,alite,belite,C4AF,sd_alite,sd_belite,sd_C4AF
Al,-11.3915,-21.6921,62.9448,6.7565,9.2169,40.2906
Mg,-21.3299,-31.3172,3.4270,12.0312,14.7023,16.8463
K,-15.6810,32.4247,15.1384,14.5984,26.1866,22.0887
Na,-13.5068,10.2878,33.3701,4.8171,6.5784,14.2318
Ti,-6.6797,-4.0794,26.7417,3.5488,5.6665,19.1318
Mn,-6.5829,-15.3242,39.4525,4.9431,3.3113,25.8716
V,-12.5663,36.7088,-0.5329,5.5062,23.9478,5.8342
Zn,-0.6266,0.4786,1.4702,7.6489,24.4791,7.9634
Ba,-21.1791,51.4244,11.3989,8.7760,13.4165,10.7784
Cr,-0.4490,1.5966,-0.3950,4.0698,14.7985,0.9336
Rb,-12.2874,35.7878,-0.2896,4.3528,13.8096,6.3769