diameter,i_noPUS,i_PUS,normed_i_noPUS,normed_i_PUS
0,0,0,0,0
0.1,0,138,0,0.375
0.15,29,124,0.197278911564626,0.33695652173913
0.225,80,225,0.54421768707483,0.611413043478261
0.3375,66,322,0.448979591836735,0.875
0.50625,109,368,0.741496598639456,1
0.759375,147,196,1,0.532608695652174
1.1390625,118,107,0.802721088435374,0.290760869565217
1.70859375,75,47,0.510204081632653,0.127717391304348
2.562890625,20,21,0.136054421768708,0.0570652173913043
3.8443359375,11,19,0.0748299319727891,0.0516304347826087
5.76650390625,6,3,0.0408163265306122,0.00815217391304348
8.649755859375,2,7,0.0136054421768707,0.0190217391304348
12.9746337890625,2,2,0.0136054421768707,0.00543478260869565
