Temp./°C,DSC_mean/(mW/mg),DSC_std/(mW/mg),pore radius in nm,DSC_corr/(mW/mg)
-59.9501,-0.03834384,0.0,1.6487304775137988,7.42794692470336e-05
-59.5969044022011,-0.0385836951084325,0.0,1.6551234749302104,-3.5410265000333785e-05
-59.2437088044022,-0.0388531148105298,0.0,1.6615926991254568,-0.0001746645929124
-58.8905132066033,-0.038836377939464,0.0,1.6681395216088668,-2.7762347661317025e-05
-58.5373176088044,-0.0387756079926938,0.0,1.674765346990775,0.000163172973294
-58.1841220110055,-0.0388890582775609,0.0,1.6814716139871924,0.0001798880626122
-57.830926413206605,-0.038968950313134,0.0,1.688259796461285,0.0002301614012243
-57.4777308154077,-0.0390809554559118,0.0,1.6951314045032602,0.0002483216326317
-57.1245352176088,-0.0392335608056663,0.0,1.7020879855503015,0.0002258816570625
-56.77133961980991,-0.0394609916231759,0.0,1.70913112554832,0.000128616213738
-56.418144022011006,-0.0396752437351879,0.0,1.7162624501573398,4.452947591134654e-05
-56.064948424212105,-0.0397575560333457,0.0,1.7234836260024404,9.23825519387883e-05
-55.7117528264132,-0.0398332890500459,0.0,1.730796361972292,0.0001468149094237
-55.35855722861431,-0.0397912637039869,0.0,1.7382024105673892,0.0003190056296679
-55.00536163081541,-0.0398101774799798,0.0,1.7457035693002374,0.0004302572278602
-54.652166033016506,-0.0398688467975582,0.0,1.7533016821498255,0.0005017532844671
-54.298970435217605,-0.0399839743790973,0.0,1.760998641072868,0.0005167910771132
-53.94577483741871,-0.0400627231837774,0.0,1.768796387574409,0.0005682076466184
-53.59257923961981,-0.0403585331931205,0.0,1.7766969143405378,0.0004025630114605
-53.23938364182091,-0.0404442195249688,0.0,1.784702266936089,0.0004470420537973
-52.886188044022006,-0.0405588414125784,0.0,1.792814545570372,0.000462585540373
-52.53299244622311,-0.040725559521807,0.0,1.8010359069341288,0.0004260328053296
-52.17979684842421,-0.0409651367283552,0.0,1.8093685661111,0.0003166209729667
-51.82660125062531,-0.0412325759714497,0.0,1.817814798567748,0.0001793471040573
-51.473405652826415,-0.0417560104863715,0.0,1.8263769422249012,-0.0002139220366791
-51.12021005502751,-0.0422976437800424,0.0,1.83505739961528,-0.0006253899561648
-50.76701445722861,-0.0428049565523146,0.0,1.8438586401310773,-0.0010025373542518
-50.41381885942971,-0.0433020572971566,0.0,1.8527832023660256,-0.0013694727249085
-50.060623261630816,-0.0438855541448731,0.0,1.861833696556603,-0.0018228041984398
-49.70742766383192,-0.0443464203565273,0.0,1.8710128071273169,-0.0021535050359088
-49.35423206603301,-0.0448643883366105,0.0,1.8803232953452784,-0.0025413076418068
-49.00103646823412,-0.0452618692744616,0.0,1.88976800208958,-0.0028086232054726
-48.64784087043522,-0.0459978457754212,0.0,1.899349850741309,-0.003414434332247
-48.29464527263632,-0.0467325596993321,0.0,1.9090718502003767,-0.0040189828819727
-47.941449674837415,-0.0474960626676181,0.0,1.9189370980357052,-0.0046523204760735
-47.58825407703852,-0.0482245578548359,0.0,1.9289487837756896,-0.0052506502891061
-47.23505847923962,-0.0493584576471192,0.0,1.93911019234629,-0.0062543847072042
-46.88186288144072,-0.0506333850270704,0.0,1.949424707664531,-0.0073991467129701
-46.52866728364182,-0.051631523921882,0.0,1.9598958163956728,-0.0082671202335964
-46.17547168584292,-0.0529653977096928,0.0,1.970527111882809,-0.0094708286472221
-45.82227608804402,-0.0546065677404293,0.0,1.981322298258199,-0.0109818333037733
-45.46908049024512,-0.05672279494262,0.0,1.992285194746224,-0.0129678951317788
-45.11588489244622,-0.0578906305253144,0.0,2.003419740168451,-0.0140055653402879
-44.76268929464732,-0.0596984518616018,0.0,2.014729997661985,-0.0156832213023902
-44.40949369684842,-0.0615698944761724,0.0,2.0262201596229725,-0.0174244985427756
-44.05629809904953,-0.0631385505468671,0.0,2.037894552887892,-0.0188629892392851
-43.70310250125063,-0.0646021001952854,0.0,2.049757644166095,-0.0201963735135181
-43.349906903451725,-0.0655955105372782,0.0,2.061814045737908,-0.0210596184813256
-42.99671130565282,-0.0660204936744406,0.0,2.074068521433586,-0.0213544362443029
-42.64351570785392,-0.0662037927191034,0.0,2.0865259929093822,-0.0214075699147805
-42.29032011005503,-0.0660309359294302,0.0,2.099191546238117,-0.021104547750922
-41.937124512256126,-0.0653092169147628,0.0,2.1120704388327862,-0.0202526633620694
-41.58392891445723,-0.0641670068932067,0.0,2.125168106722993,-0.018980287966328
-41.23073331665833,-0.0628584532993377,0.0,2.138490172205392,-0.0175415689982739
-40.87753771885943,-0.0611904365530889,0.0,2.152042451890726,-0.0157433868778398
-40.52434212106053,-0.059411216238916,0.0,2.165830965171695,-0.0138340011894817
-40.171146523261626,-0.0576177325856956,0.0,2.1798619431375204,-0.0119103521620761
-39.817950925462725,-0.055814933183931,0.0,2.1941418379629605,-0.0099773873861262
-39.46475532766383,-0.0542175634030256,0.0,2.208677332801501,-0.0082498522310356
-39.11155972986493,-0.0529472822662928,0.0,2.2234753522145803,-0.0068494057201176
-38.75836413206604,-0.0521121704341933,0.0,2.2385430731710487,-0.0058841285138329
-38.40516853426713,-0.0517453579223095,0.0,2.253887936653578,-0.0053871506277638
-38.05197293646823,-0.0514373584753425,0.0,2.269517659911441,-0.0049489858066117
-37.69877733866933,-0.0512897606129507,0.0,2.2854402494020696,-0.0046712225700345
-37.34558174087043,-0.0512614051921826,0.0,2.301664014466968,-0.0045127017750813
-36.992386143071535,-0.0512237915878338,0.0,2.318197581791093,-0.0043449227965472
-36.63919054527263,-0.0512251309763588,0.0,2.335049910698533,-0.004216096810887
-36.28599494747374,-0.0512095485294343,0.0,2.352230309341494,-0.0040703489897773
-35.93279934967484,-0.0512937702279143,0.0,2.3697484518440453,-0.004024405314072
-35.579603751875936,-0.0513187233318562,0.0,2.3876143964669723,-0.0039191930438287
-35.226408154077035,-0.051220415379592,0.0,2.405838604865402,-0.0036907197173793
-34.87321255627813,-0.0511785225177567,0.0,2.4244319625166746,-0.0035186614813588
-34.52001695847924,-0.0510404578726721,0.0,2.4434058004022776,-0.0032504314620889
-34.16682136068034,-0.0510949716207236,0.0,2.4627719180345866,-0.0031747798359552
-33.81362576288144,-0.051068270000835,0.0,2.482542607926738,-0.0030179128418814
-33.46043016508254,-0.050833581339764,0.0,2.502730681612278,-0.0026530588066252
-33.10723456728364,-0.0507362566536531,0.0,2.523349497330305,-0.0024255687463291
-32.75403896948474,-0.0506479923827717,0.0,2.544412989501836,-0.0022071391012625
-32.40084337168584,-0.0504609699791903,0.0,2.5659357001340664,-0.0018899513234958
-32.04764777388694,-0.0503161946662681,0.0,2.587932812301263,-0.0016150106363884
-31.69445217608804,-0.0500981101842337,0.0,2.610420185864277,-0.0012667607801688
-31.341256578289144,-0.0501003048560156,0.0,2.633414395605264,-0.0011387900777655
-30.988060980490243,-0.0499877674451425,0.0,2.6569327719703257,-0.0008960872927072
-30.634865382691345,-0.0498194214208032,0.0,2.680993444630524,-0.0005975758941827
-30.281669784892443,-0.0496994223571112,0.0,2.705615389091388,-0.0003474114563054
-29.928474187093546,-0.0497126288700926,0.0,2.7308184766027432,-0.0002304525951016
-29.575278589294644,-0.0498430277801996,0.0,2.75662352764476,-0.0002306861310234
-29.222082991495743,-0.0499418415339885,0.0,2.783052369292783,-0.0001993345106271
-28.868887393696845,-0.0499121911478444,0.0,2.810127896793136,-3.951875029778451e-05
-28.515691795897947,-0.0499338198691646,0.0,2.837874139714995,6.901790256724771e-05
-28.16249619809905,-0.0500693550665092,0.0,2.866316333080062,6.364807940789641e-05
-27.809300600300148,-0.0502046793155171,0.0,2.895480993912591,5.848920458521867e-05
-27.456105002501246,-0.0503176049604404,0.0,2.9253960036978506,7.572893384712176e-05
-27.102909404702352,-0.0504157316059437,0.0,2.95609069728801,0.000107767662529
-26.74971380690345,-0.0505810637614035,0.0,2.987595958851352,7.260088125443653e-05
-26.39651820910455,-0.0506930853998619,0.0,3.019944325524506,9.074461698127534e-05
-26.043322611305648,-0.0507651820875442,0.0,3.0531700994989843,0.0001488133034842
-25.690127013506757,-0.0510410229657533,0.0,3.087309469353706,3.1377994603246084e-06
-25.33693141570785,-0.0510938303572463,0.0,3.1224006415357493,8.049578215257175e-05
-24.98373581790895,-0.0512322192048844,0.0,3.158483982993567,7.227230869966822e-05
-24.630540220110056,-0.0513664297361169,0.0,3.1956021760821547,6.822715165242382e-05
-24.277344622311155,-0.0515536672901237,0.0,3.233800386989916,1.115497183082348e-05
-23.924149024512253,-0.0517132357368445,0.0,3.273126449084575,-1.824810070470001e-05
-23.570953426713352,-0.05184637896709,0.0,3.313631062743029,-2.1225956764993337e-05
-23.217757828914458,-0.0519936055351573,0.0,3.3553680134204256,-3.828715064706223e-05
-22.86456223111556,-0.0521456268750927,0.0,3.3983944099307064,-6.014311639725156e-05
-22.51136663331665,-0.0522844136398775,0.0,3.4427709451583843,-6.876450699687398e-05
-22.158171035517757,-0.0523457803442664,0.0,3.4885621817044026,3.4162799478210104e-08
-21.80497543771886,-0.0524060441611489,0.0,3.535836865293231,6.993572010219329e-05
-21.45177983991996,-0.0527883107679754,0.0,3.584668269140753,-0.000182165512539
-21.098584242121056,-0.0529166397767139,0.0,3.635134572910977,-0.0001803291470923
-20.74538864432216,-0.0530203611898557,0.0,3.68731928038377,-0.0001538851860489
-20.39219304652326,-0.0532122514178727,0.0,3.7413116805269664,-0.0002156100398807
-20.03899744872436,-0.0533927909530777,0.0,3.797207357327986,-0.0002659842009004
-19.685801850925458,-0.0535066975491628,0.0,3.855108754508761,-0.0002497254228003
-19.332606253126563,-0.0537351788627896,0.0,3.915125802142753,-0.0003480413622419
-18.979410655327666,-0.053966953366452,0.0,3.977376613237811,-0.000449650491719
-18.62621505752876,-0.054140630401665,0.0,4.041988259571836,-0.0004931621527469
-18.27301945972986,-0.0543573842538065,0.0,4.109097637504298,-0.0005797506307031
-17.919823861930965,-0.0546850870729279,0.0,4.17885243617743,-0.0007772880756393
-17.566628264132063,-0.0549691143758248,0.0,4.251412222517662,-0.0009311500043509
-17.213432666333162,-0.0552507430458555,0.0,4.326949659813328,-0.0010826133001965
-16.860237068534268,-0.0555700970629538,0.0,4.405651879456167,-0.0012718019431095
-16.507041470735366,-0.0557847808707206,0.0,4.48772202878697,-0.0013563203766911
-16.153845872936465,-0.0559855900423255,0.0,4.573381021998337,-0.0014269641741107
-15.800650275137563,-0.0563192952156,0.0,4.662869525867471,-0.0016305039732
-15.44745467733867,-0.056802908390008,0.0,4.756450217903571,-0.0019839517734228
-15.094259079539768,-0.0569944778226296,0.0,4.854410361530102,-0.0020453558318592
-14.741063481740866,-0.0572166932350269,0.0,4.957064751474953,-0.0021374058700713
-14.387867883941972,-0.0577006995983455,0.0,5.064759092983956,-0.0024912468592046
-14.03467228614307,-0.0581330937667224,0.0,5.177873891280738,-0.0027934756533963
-13.68147668834417,-0.0582556386060131,0.0,5.296828943479115,-0.0027858551185018
-13.328281090545268,-0.0587125880464135,0.0,5.4220885447017775,-0.003112639184717
-12.975085492746372,-0.0592814134202153,0.0,5.554167544495433,-0.0035512991843336
-12.621889894947472,-0.0596156784411317,0.0,5.693638420098034,-0.0037553988310648
-12.26869429714857,-0.0596246102346921,0.0,5.841139571472596,-0.0036341652504399
-11.91549869934967,-0.0601927857375285,0.0,5.997385091614302,-0.0040721753790911
-11.562303101550777,-0.0606983833750939,0.0,6.163176327588769,-0.0044476076424713
-11.2974064032016,-0.0610610793935009,0.0,6.294322706641148,-0.0047126796302393
-11.032509704852425,-0.0611662162231711,0.0,6.431766880799229,-0.0047201924292707
-10.767613006503248,-0.0616614804954739,0.0,6.575973650886382,-0.0051178326709345
-10.502716308154078,-0.0622283779966889,0.0,6.727454710053593,-0.0055871061415106
-10.237819609804902,-0.0626296578345447,0.0,6.886774710316701,-0.0058907619487274
-9.972922911455726,-0.0629248846948001,0.0,7.0545582959149,-0.006088364778344
-9.70802621310655,-0.0632442039207759,0.0,7.231498288157766,-0.0063100599736809
-9.443129514757372,-0.0637750047681653,0.0,7.418365247870012,-0.0067432367904313
-9.178232816408205,-0.0643703669477965,0.0,7.616018693749791,-0.0072409749394236
-8.913336118059028,-0.0650265710494974,0.0,7.825420321126919,-0.0077995550104856
-8.648439419709852,-0.0656072732667632,0.0,8.047649650018549,-0.0082826331971124
-8.383542721360676,-0.065941853869425,0.0,8.28392263979587,-0.0085195897691354
-8.1186460230115,-0.0667935386100487,0.0,8.535613948027697,-0.0092736504791202
-7.853749324662331,-0.0671864176948367,0.0,8.804283693894249,-0.0095689055332692
-7.588852626313155,-0.0679374979406369,0.0,9.091709826827698,-0.0102223617484306
-7.323955927963979,-0.0690404316437848,0.0,9.39992751950897,-0.0112276714209395
-7.059059229614803,-0.0697548728967402,0.0,9.731277430382022,-0.011844488643256
-6.794162531265627,-0.0709897393696182,0.0,10.088465256372544,-0.012981731085495
-6.529265832916458,-0.0721439459918446,0.0,10.474635782169331,-0.0140383136770825
-6.264369134567282,-0.073199288193686,0.0,10.89346571710563,-0.014996031848285
-5.999472436218106,-0.0748717414710438,0.0,11.34928112638619,-0.0165708610950039
-5.73457573786893,-0.0767130909946853,0.0,11.847207409249863,-0.0183145865880065
-5.469679039519754,-0.0787792802118833,0.0,12.393362857810049,-0.0202831517745656
-5.29308124062031,-0.0807043260953428,0.0,12.78783627723446,-0.0221431149709324
-5.11648344172086,-0.0822823596460146,0.0,13.209540562697322,-0.0236560658345117
-4.939885642821409,-0.0844011155817497,0.0,13.661396173103276,-0.0257097390831541
-4.763287843921958,-0.0867464686590204,0.0,14.146756668719926,-0.0279900094733322
-4.586690045022507,-0.0892481840561565,0.0,14.669492088021103,-0.0304266421833757
-4.410092246123057,-0.0923068561963359,0.0,15.234092356991368,-0.0334202316364625
-4.233494447223606,-0.0957297406392084,0.0,15.845796580390376,-0.0367780333922424
-4.056896648324162,-0.0997200348327994,0.0,16.510756101517675,-0.0407032448987408
-3.880298849424712,-0.1040232556130103,0.0,17.236242088438086,-0.044941382991859
-3.703701050525261,-0.1094242962247577,0.0,18.030912508267495,-0.0502773409165139
-3.615402151075536,-0.1117775682189406,0.0,18.457360049493115,-0.0525980715671505
-3.5271032516258103,-0.1139706186223475,0.0,18.905159303938863,-0.054758580627011
-3.438804352176085,-0.1171356608744025,0.0,19.375955028839208,-0.0578910815355197
-3.35050545272636,-0.1195791850340647,0.0,19.87156536452641,-0.0603020643516356
-3.2622065532766342,-0.1227334136805246,0.0,20.39400529943268,-0.0634237516545492
-3.173907653826909,-0.12520121673694,0.0,20.945514051905317,-0.0658590133674184
-3.0856087543771835,-0.1280781112980293,0.0,21.528587153429747,-0.0687033665849613
-2.997309854927458,-0.130433174337242,0.0,22.14601420276422,-0.0710258882806278
-2.909010955477733,-0.1326005367854299,0.0,22.8009234959136,-0.0731607093852693
-2.8207120560280146,-0.1339216712323006,0.0,23.496835038619665,-0.0744493024885936
-2.732413156578289,-0.1367503772698067,0.0,24.237723837556143,-0.0772454671825535
-2.7029801900950474,-0.1367212973067936,0.0,24.49544356668998,-0.077205540105025
-2.6735472236118056,-0.1369438282235995,0.0,24.758837746667748,-0.0774172239073154
-2.644114257128564,-0.1377124544856014,0.0,25.028095872993728,-0.0781750030548019
-2.614681290645322,-0.1380014642378835,0.0,25.30341597363057,-0.0784531656925685
-2.5852483241620803,-0.1380282539525223,0.0,25.58500509470809,-0.078469108292692
-2.5558153576788385,-0.1384371934381567,0.0,25.873079819792824,-0.0788672006638109
-2.5263823911955967,-0.1388753522456391,0.0,26.16786682545522,-0.0792945123567778
-2.496949424712355,-0.1394804016146423,0.0,26.469603476129635,-0.0798887146112656
-2.467516458229113,-0.1398629387245642,0.0,26.77853846154784,-0.0802604046066721
-2.438083491745872,-0.1397466812105809,0.0,27.094932480343765,-0.0801332999781733
-2.4086505252626296,-0.1393585125891263,0.0,27.41905897377896,-0.0797342842422033
-2.379217558779388,-0.1393055298238248,0.0,27.75120491392881,-0.0796704543623863
-2.349784592296146,-0.1400487069311147,0.0,28.09167165110493,-0.0804027843551609
-2.320351625812904,-0.1402369201759832,0.0,28.440775825773272,-0.0805801504855139
-2.2909186593296624,-0.1399584064129329,0.0,28.798850350768397,-0.0802907896079481
-2.2614856928464206,-0.1400670397315268,0.0,29.166245470208157,-0.0803885758120267
-2.232052726363179,-0.1400693706061531,0.0,29.543329902188656,-0.0803800595721375
-2.202619759879937,-0.1397592629622574,0.0,29.930492073096225,-0.0800591048137263
-2.1731867933966957,-0.1395015397158536,0.0,30.328141452222184,-0.0797905344528071
-2.143753826913453,-0.1394696763828815,0.0,30.73670999632031,-0.0797478240053196
-2.114320860430212,-0.1392989321979601,0.0,31.1566537148204,-0.0795662327058827
-2.08488789394697,-0.1388331130706757,0.0,31.58845436762122,-0.079089566464083
-2.055454927463728,-0.1386119816335111,0.0,32.0326213087522,-0.0788575879124028
-2.0260219609804864,-0.1378411876785404,0.0,32.48969349073747,-0.0780759468429167
-1.9965889944972448,-0.1368068933219137,0.0,32.960241646245464,-0.0770308053717746
-1.9671560280140028,-0.136112291211555,0.0,33.44487066559199,-0.0763253561469005
-1.937723061530761,-0.1356249631499273,0.0,33.94422219092136,-0.0758271809707574
-1.9082900950475192,-0.1341049418205941,0.0,34.45897745045919,-0.0742963125269087
-1.8788571285642772,-0.132118333562428,0.0,34.98986035916279,-0.0722988571542272
-1.849424162081036,-0.1302554520833308,0.0,35.5376409154464,-0.0704251285606145
-1.8199911955977937,-0.1275679950378305,0.0,36.10313892749822,-0.0677268244005988
-1.790558229114552,-0.124486215490416,0.0,36.6872281071138,-0.0646341977386688
-1.7611252626313103,-0.1204554311098344,0.0,37.29084057404076,-0.0605925662435718
-1.7316922961480683,-0.1152074710674353,0.0,37.91497181967621,-0.0553337590866573
-1.7022593296648267,-0.1094204109997042,0.0,38.56068618571382,-0.0495358519044107
-1.672826363181585,-0.1019682081237648,0.0,39.22912292116363,-0.0420728019139559
-1.6433933966983432,-0.0942734441885249,0.0,39.921502890254494,-0.0343671908642006
-1.6139604302151014,-0.0853372300334391,0.0,40.63913601430803,-0.0254201295945994
-1.5845274637318667,-0.0756578513282713,0.0,41.383429543019545,-0.0157299037749161
-1.555094497248625,-0.0658178450054061,0.0,42.15589726503335,-0.0058790503375355
-1.5256615307653831,-0.0567136710529018,0.0,42.95816978465519,0.0032359707294841
-1.4962285642821411,-0.0475899500456448,0.0,43.79200601151288,0.0123705388512566
-1.4667955977988996,-0.0387225122507704,0.0,44.65930603353664,0.0212488237606465
-1.4373626313156578,-0.0304576828758024,0.0,45.56212557154471,0.0295245002501298
-1.407929664832416,-0.0227928765286961,0.0,46.50269224687981,0.0372001537117516
-1.3784966983491742,-0.0154224903658923,0.0,47.48342393307571,0.0445813869890708
-1.3490637318659324,-0.0085886011849392,0.0,48.50694950982997,0.0514261232845393
-1.3196307653826906,-0.0023538369974073,0.0,49.57613239434882,0.0576717345865867
-1.2901977988994489,0.0037719450639229,0.0,50.69409729358098,0.0638083637624325
-1.260764832416207,0.0092971968783865,0.0,51.86426070368924,0.0693444626914115
-1.2313318659329653,0.0139408341443531,0.0,53.09036578376076,0.0739989470718935
-1.2018988994497235,0.0176968499126849,0.0,54.37652235359269,0.0777658099547408
-1.1724659329664815,0.0206912431449252,0.0,55.72725291597772,0.0807710503014964
-1.14303296648324,0.021756446153585,0.0,57.14754578940068,0.0818471004246718
-1.1136,0.02385729,0.0,58.64291666666667,0.0839587913856021
