Feret diameter [nm],Normalized Frequency
0.6070952626421856,0.0
1.821285787926557,0.12941176470588237
3.0354763132109284,0.023529411764705882
4.249666838495299,0.0
5.46385736377967,0.0
6.678047889064041,0.21176470588235294
7.892238414348413,0.4294117647058823
9.106428939632785,0.5
10.320619464917154,0.6176470588235294
11.534809990201527,0.6588235294117647
12.749000515485896,0.6529411764705882
13.963191040770269,0.8117647058823529
15.177381566054642,0.8647058823529412
16.39157209133901,1.0
17.60576261662338,0.7705882352941177
18.819953141907753,0.9705882352941176
20.034143667192126,0.8294117647058824
21.2483341924765,0.7588235294117647
22.462524717760868,0.7823529411764706
23.676715243045237,0.6941176470588235
24.89090576832961,0.5058823529411764
26.105096293613983,0.4
27.31928681889835,0.2411764705882353
28.533477344182725,0.21176470588235294
29.747667869467094,0.15294117647058825
30.961858394751467,0.11176470588235295
32.17604892003584,0.06470588235294118
33.390239445320205,0.03529411764705882
34.604429970604585,0.041176470588235294
35.81862049588895,0.023529411764705882
37.032811021173316,0.0
38.247001546457696,0.011764705882352941
39.46119207174206,0.0058823529411764705
40.67538259702644,0.0058823529411764705

