time,,C3S,,C3S,C3S,,C3S,C3S,,C3S,C3S,,C3S,beta-C2S,,beta-C2S,beta-C2S,,beta-C2S
,,5°C min,,5°C max,20°C min,,20°C max,60°C min,,60°C max,90°C min,,90°C max,20°C min,,20°C max,60°C min,,60°C max
[min],[d],[nm],,[nm],[nm],,[nm],[nm],,[nm],[nm],,[nm],[nm],,[nm],[nm],,[nm]
5,0.0035,,,,,,,,,,0,0,0,,,,,,
10,0.0069,,,,,,,,,,200,200,200,,,,,,
30,0.0208,,,,,,,0,0,0,300,300,300,,,,,,
60,0.0417,,,,,,,120,150,180,400,425,450,,,,,,
90,0.0625,,,,,,,300,325,350,500,550,600,,,,,,
130,0.0903,,,,0,0,0,350,375,400,700,725,750,,,,,,
180,0.1250,,,,100,100,100,550,600,650,750,775,800,,,,0,0,0
300,0.2083,0,0,0,170,170,170,670,705,740,850,875,900,,,,100,150,200
600,0.4167,100,150,200,250,290,329,750,775,800,1000,1050,1100,,,,350,375,400
1440,1,300,350,400,400,425,450,800,850,900,1050,1100,1150,0,0,0,700,725,750
12960,9,450,500,550,600,675,750,1300,1325,1350,1600,1650,1700,250,300,350,2000,2050,2100
30240,21,750,800,850,800,850,900,2100,2125,2150,2350,2400,2450,500,550,600,2500,2550,2600
40320,28,850,900,950,900,950,1000,2500,2525,2550,2700,2750,2800,550,625,700,2700,2750,2800
80640,56,,,,1000,1050,1100,,,,,,,,,,,,
115200,80,,,,1050,1125,1200,,,,,,,,,,,,
144000,100,,,,1100,1175,1250,,,,,,,,,,,,
216000,150,,,,1200,1250,1300,,,,,,,,,,,,
864000,600,,,,1300,1350,1400,,,,,,,,,,,,
1440000,1000,,,,1400,1450,1500,,,,,,,,,,,,
