Temp./°C,DSC/(mW/mg),pore radius in nm
-1.12062,0.02177274,58.27912530563439
-1.12022,0.02051006,58.29973165985253
-1.12279,0.0185657,58.16759171349941
-1.13219,0.01800851,57.689388088571704
-1.14882,0.01743207,56.86254365348793
-1.17079,0.01552458,55.806208030475155
-1.19725,0.01236074,54.58545207767802
-1.22667,0.007741098,53.28996543487654
-1.25777,0.001959904,51.98639568442561
-1.28969,-0.004396632,50.71383301413518
-1.32195,-0.0112339,49.49015583040206
-1.35347,-0.01873615,48.35088912203448
-1.3838,-0.02629477,47.30363202774968
-1.41298,-0.03416235,46.338517601098395
-1.44011,-0.0422039,45.476291880481355
-1.46605,-0.04946464,44.68172879506156
-1.49019,-0.05742056,43.96715069890417
-1.51262,-0.0647412,43.3236327696315
-1.5341,-0.07187466,42.72500945179584
-1.55403,-0.07871911,42.18438324871463
-1.57335,-0.08488823,41.673378142180695
-1.59206,-0.09069609,41.19032837958368
-1.61055,-0.09614632,40.72398466362423
-1.62883,-0.10123,40.273345346045936
-1.64732,-0.10552,39.827703421314624
-1.66609,-0.10956,39.385430138828035
-1.68535,-0.11316,38.94185154418964
-1.70519,-0.11643,38.49539247825756
-1.72582,-0.11921,38.04204227555597
-1.74715,-0.12153,37.58456657985863
-1.76927,-0.12391,37.12179819925733
-1.79176,-0.12539,36.66300352725811
-1.81593,-0.12681,36.182606212794546
-1.84114,-0.12864,35.69497691647566
-1.86766,-0.1297,35.19621676322243
-1.89522,-0.13058,34.692687603549984
-1.92387,-0.13135,34.18453736479076
-1.9532,-0.13236,33.67976858488634
-1.98323,-0.1329,33.17842161524382
-2.01399,-0.133,32.68038783707963
-2.04546,-0.13323,32.18636013415075
-2.07713,-0.13363,31.704305508080864
-2.10927,-0.13408,31.22989655188762
-2.14146,-0.13442,30.769023096392182
-2.17406,-0.13468,30.316189157612946
-2.20635,-0.13497,29.880852765880302
-2.23909,-0.135,29.452269136122265
-2.27162,-0.13508,29.038669935992818
-2.3044,-0.13484,28.63370421801771
-2.3372,-0.13485,28.239861372582578
-2.36989,-0.1352,27.858186371519356
-2.40242,-0.13474,27.4886903205934
-2.43547,-0.13429,27.123396264376076
-2.46809,-0.13467,26.772448046870252
-2.50066,-0.1344,26.43117265042029
-2.53343,-0.13428,26.096657535436147
-2.56612,-0.13374,25.771471482237775
-2.59908,-0.13338,25.451881281068687
-2.63179,-0.13331,25.142629275132133
-2.66469,-0.13283,24.839239573834107
-2.69768,-0.13229,24.542450401826756
-2.73082,-0.13159,24.25153155462462
-2.76424,-0.13091,23.965218939021213
-2.79762,-0.13077,23.686077237080088
-2.83116,-0.12984,23.412227214286723
-2.86504,-0.12901,23.14211068606372
-2.89882,-0.12859,22.879077486701483
-2.93276,-0.12768,22.620900857894952
-2.96712,-0.12673,22.36554584917361
-3.00154,-0.12604,22.115606588617844
-3.03612,-0.12509,21.870212112828217
-3.07088,-0.12413,21.629110092221126
-3.10585,-0.12313,21.391997198834456
-3.14085,-0.12253,21.159967683907222
-3.17595,-0.1215,20.93241124702845
-3.21132,-0.12034,20.70813634268774
-3.24678,-0.11949,20.488195874065998
-3.28236,-0.1182,20.27228737859345
-3.31819,-0.11753,20.059540984693463
-3.35371,-0.11663,19.85312227354184
-3.38969,-0.11513,19.64844080137122
-3.42561,-0.11447,19.448389542300497
-3.4615,-0.11359,19.252652029466994
-3.49757,-0.1123,19.059980186243592
-3.53371,-0.11134,18.87087924589171
-3.56981,-0.11058,18.685810085130584
-3.60585,-0.10933,18.50474492838027
-3.64211,-0.10847,18.326190779520662
-3.67812,-0.10773,18.152351853664374
-3.71425,-0.10657,17.98132126270445
-3.75041,-0.10551,17.813448049679902
-3.78664,-0.10403,17.648465341305222
-3.82271,-0.10327,17.487317819034143
-3.85878,-0.10251,17.32918295419796
-3.89464,-0.10161,17.174872337366228
-3.93065,-0.10081,17.02274954524061
-3.9666,-0.10008,16.873635355216056
-4.00234,-0.09917574,16.72804754218782
-4.03822,-0.09840299,16.584481628044042
-4.07414,-0.09782822,16.443288595875448
-4.1097,-0.09710837,16.305941796238166
-4.14531,-0.0963879,16.170763272228132
-4.18099,-0.09578788,16.037628480335997
-4.21635,-0.09515185,15.907910752190876
-4.25185,-0.0944849,15.779849830073967
-4.28716,-0.09377494,15.654578135642243
-4.32259,-0.09322999,15.530937771104824
-4.35793,-0.09273709,15.409614220512951
-4.39305,-0.09210201,15.290979729345217
-4.42824,-0.09148459,15.173996170035952
-4.46364,-0.09083442,15.058175569714404
-4.49864,-0.0902215,14.945455693276191
-4.53377,-0.08965506,14.834067211173043
-4.56889,-0.08909376,14.72442262781551
-4.60402,-0.08859283,14.616420302257593
-4.63899,-0.08812541,14.510534469787606
-4.67397,-0.087712,14.406203484404053
-4.70885,-0.08737405,14.303714176497447
-4.74364,-0.08703113,14.202990699125566
-4.77831,-0.086555,14.104073762480876
-4.81307,-0.08605701,14.006330657979213
-4.84786,-0.08566874,13.909906680473448
-4.88255,-0.08528285,13.815128058084403
-4.91722,-0.08486458,13.721740210932193
-4.95192,-0.08445971,13.629580930225044
-4.98656,-0.08403149,13.538860296476932
-5.0212,-0.08360793,13.449391380546484
-5.05589,-0.08323338,13.361021956569468
-5.09041,-0.08290519,13.274281187566423
-5.12499,-0.0825472,13.188561206948696
-5.15944,-0.0821229,13.104306048718467
-5.19405,-0.08182973,13.020785032874155
-5.22856,-0.08158819,12.93860627017764
-5.26286,-0.08119039,12.857995500545332
-5.29729,-0.08077939,12.778129062218605
-5.33171,-0.08048156,12.699316860819511
-5.36617,-0.08015243,12.621425877301688
-5.40041,-0.07982827,12.545016711694112
-5.43492,-0.07961073,12.468979193805982
-5.4691,-0.07937106,12.394614653233623
-5.50334,-0.07913254,12.32104572859391
-5.53758,-0.07880275,12.248386587642978
-5.5717,-0.07841962,12.176870434517294
-5.60616,-0.07827859,12.105525207985503
-5.64027,-0.07828657,12.035763163820173
-5.67415,-0.07804428,11.967301798507266
-5.70821,-0.07760121,11.899295873837858
-5.74239,-0.07722761,11.83186135041333
-5.77663,-0.07692525,11.765108566759512
-5.81078,-0.07675648,11.699314825204189
-5.84502,-0.07668331,11.634119541079416
-5.87889,-0.07651743,11.570375921304873
-5.91298,-0.07633731,11.506955646729738
-5.94698,-0.07617442,11.44442702010096
-5.98094,-0.07596986,11.382681618608446
-6.01491,-0.07573421,11.32161556864525
-6.04887,-0.07550821,11.261253077020998
-6.08284,-0.07527941,11.20154710628588
-6.11687,-0.07510685,11.142400590498083
-6.15083,-0.07497844,11.084028188065677
-6.18468,-0.07478163,11.026482792965846
-6.21855,-0.07449057,10.96953043715979
-6.25246,-0.0742352,10.913128944447466
-6.28648,-0.07408813,10.857155928277828
-6.32036,-0.07394768,10.80201210057655
-6.35426,-0.07382377,10.747424279145015
-6.38817,-0.07369389,10.693399972135996
-6.42198,-0.07348368,10.64010299004357
-6.45583,-0.07327663,10.58730219042323
-6.48976,-0.07313363,10.534929365646803
-6.52361,-0.07303247,10.483222893459297
-6.55748,-0.07283052,10.43202016628339
-6.59117,-0.07257776,10.381611595513393
-6.6252,-0.07244607,10.331214755780957
-6.65895,-0.07229088,10.281741340601748
-6.69286,-0.07213271,10.2325358964628
-6.72661,-0.07201749,10.184055222467187
-6.76048,-0.07192195,10.13588881262869
-6.79427,-0.07184603,10.08831469753189
-6.82802,-0.07183976,10.041266926576078
-6.86168,-0.07185559,9.994805586969957
-6.89531,-0.07175769,9.948838659900716
-6.92885,-0.07163984,9.903439171002404
-6.96251,-0.0715008,9.858317000621902
-6.99611,-0.0713773,9.81370828932078
-7.02965,-0.07124035,9.769604532231334
-7.06346,-0.0711287,9.725569650001558
-7.09712,-0.07096041,9.682146899023829
-7.13075,-0.07076055,9.639172246958596
-7.16441,-0.07063872,9.596563248055318
-7.19817,-0.0705784,9.554227935711438
-7.23195,-0.07047953,9.512263151708737
-7.26552,-0.07034542,9.47094583732479
-7.29912,-0.07017343,9.429972161027631
-7.3329,-0.07008178,9.389157495670199
-7.36659,-0.06999591,9.348824395005016
-7.40031,-0.06988469,9.308823103356481
-7.43401,-0.06981826,9.26920809899368
-7.46758,-0.06971151,9.2301013983111
-7.50127,-0.06962892,9.191206808980347
-7.53499,-0.06956171,9.152625856172339
-7.5685,-0.069435,9.114625751469909
-7.60234,-0.06935668,9.076591391597852
-7.63573,-0.06922439,9.039393234176694
-7.66954,-0.0690909,9.002057202909171
-7.70311,-0.06899033,8.96531046551328
-7.73677,-0.06889062,8.928785384598482
-7.77043,-0.06882208,8.892576742857218
-7.80412,-0.0687792,8.856648590744376
-7.83785,-0.06869372,8.820987196744005
-7.87129,-0.06858543,8.785934109910828
-7.90483,-0.06845051,8.75107410279538
-7.93831,-0.06832765,8.71657023976136
-7.97206,-0.06828973,8.682081444444723
-8.00572,-0.06823239,8.647974248412385
-8.03932,-0.06814902,8.614212694606012
-8.07304,-0.06809822,8.580613102375313
-8.10661,-0.06802935,8.547440631780733
-8.13982,-0.06789668,8.51489313031492
-8.17351,-0.06782442,8.482145455257289
-8.20717,-0.06778988,8.44969543703859
-8.2408,-0.06773327,8.417539073876323
-8.2744,-0.06765637,8.385672435463599
-8.30803,-0.0675925,8.354035445225884
-8.34145,-0.06750461,8.322848725341517
-8.37502,-0.06742137,8.291772604722139
-8.40852,-0.06734436,8.26100864361386
-8.44209,-0.06727068,8.230425321217849
-8.47563,-0.0671731,8.200111271964444
-8.50914,-0.06707273,8.170062991089582
-8.54277,-0.06699649,8.140144110165672
-8.57628,-0.06690032,8.110565373332028
-8.60985,-0.06680647,8.081164538290446
-8.64333,-0.06672275,8.052069989228688
-8.67699,-0.06664069,8.023045353284953
-8.71077,-0.06659162,7.994142756610495
-8.74422,-0.06654546,7.965742559084744
-8.77779,-0.0664803,7.937458095944424
-8.81139,-0.06642275,7.909364163883338
-8.84483,-0.06636381,7.881615938350427
-8.8784,-0.06632144,7.853970084699947
-8.91206,-0.06628506,7.826459224915451
-8.94542,-0.06620133,7.799397837105468
-8.9789,-0.06612032,7.772441278998542
-9.01253,-0.06604635,7.745565573706829
-9.04601,-0.06597154,7.719008236780636
-9.07948,-0.06589676,7.692654601364836
-9.1129,-0.06582237,7.666533485498579
-9.14653,-0.06573835,7.640440921311142
-9.18016,-0.06567487,7.614539528722811
-9.21361,-0.06561049,7.588964336454442
-9.24724,-0.06554284,7.56343804205363
-9.28087,-0.06547186,7.538096740930538
-9.31435,-0.06539493,7.513050239683929
-9.3477,-0.06529549,7.488279362837918
-9.38146,-0.06521804,7.463383332658243
-9.41484,-0.06514152,7.438943072850947
-9.44844,-0.06507282,7.414516131763551
-9.48192,-0.06500471,7.390348621376261
-9.51552,-0.06493323,7.366265469464622
-9.54912,-0.06485609,7.342351797862002
-9.58269,-0.06477699,7.318626951304906
-9.61629,-0.06472639,7.295046769596175
-9.64992,-0.06466909,7.27160996153336
-9.6833,-0.06459004,7.248508359753391
-9.71684,-0.06451175,7.2254558889515526
-9.75035,-0.06445789,7.202582420118254
-9.78395,-0.06441273,7.179804833426172
-9.81752,-0.0643701,7.157203285554805
-9.85094,-0.06432407,7.134855739655302
-9.88454,-0.06428496,7.112540168788836
-9.91798,-0.064233,7.090480985039293
-9.95158,-0.06419078,7.068465570291352
-9.98491,-0.06413872,7.046773451137768
-10.01839,-0.06407238,7.025129017736383
-10.05196,-0.06403168,7.003571164230658
-10.0854,-0.06397776,6.982239474884487
-10.11879,-0.06391071,6.96108035644578
-10.15221,-0.06385183,6.9400415968542815
-10.18587,-0.06380899,6.918991298730497
-10.21925,-0.0637438,6.898253051838442
-10.25282,-0.06370573,6.877532951909816
-10.28636,-0.06366661,6.856966429329715
-10.31975,-0.06359355,6.836624675985368
-10.35338,-0.06354305,6.816269334265718
-10.38683,-0.06349931,6.79615369655612
-10.4203,-0.06344676,6.776155293033791
-10.45366,-0.06339172,6.756350043908068
-10.48723,-0.06335211,6.736547315163299
-10.52083,-0.06330768,6.716853432666435
-10.55412,-0.06323522,6.697464914175697
-10.58766,-0.06316433,6.678054093161284
-10.62135,-0.06311233,6.658679875910313
-10.6548,-0.06305462,6.639564890941172
-10.68825,-0.06298381,6.620569550674807
-10.72176,-0.06293225,6.60165898136127
-10.7552,-0.06288766,6.582905385301994
-10.78871,-0.06283808,6.56422915251221
-10.82231,-0.06280246,6.545618883584004
-10.85585,-0.06276263,6.5271567403750055
-10.88939,-0.06272332,6.508808326269883
-10.92302,-0.06270421,6.4905238111804255
-10.95641,-0.06268706,6.472480830856093
-10.98998,-0.06266783,6.454451109101201
-11.0233,-0.06262036,6.436664247548375
-11.05672,-0.06256588,6.4189316904109
-11.09013,-0.06251321,6.401311265061817
-11.12355,-0.06246689,6.383791460460015
-11.15706,-0.06244583,6.3663298575072655
-11.19048,-0.06240959,6.349019309270022
-11.22389,-0.06235572,6.331816981456519
-11.25722,-0.06228444,6.314757586686589
-11.29073,-0.06221268,6.297707597294418
-11.32427,-0.06215664,6.280743385666361
-11.35774,-0.06211903,6.263914458334141
-11.39122,-0.06208574,6.24717944171037
-11.42458,-0.06203893,6.230601965236359
-11.45799,-0.06198214,6.214096390379115
-11.49147,-0.06192538,6.1976525109494265
-11.52492,-0.06187864,6.1813187770500795
-11.55864,-0.06185847,6.1649488867202376
-11.59212,-0.06183608,6.1487897295749185
-11.62575,-0.06180942,6.132651871922242
-11.65901,-0.06177412,6.116783131672415
-11.69249,-0.06174067,6.10090060372085
-11.72585,-0.0616851,6.0851652119036155
-11.75938,-0.061636,6.069439596305248
-11.79292,-0.06160899,6.053798753828569
-11.82637,-0.06156324,6.0382882406013
-11.85976,-0.06149621,6.022892807274347
-11.8933,-0.06145338,6.007515239672758
-11.92671,-0.06141626,5.992283261687423
-11.96016,-0.06136648,5.977118299420744
-11.99352,-0.06131456,5.9620783889967255
-12.02721,-0.06127636,5.946974377266216
-12.06059,-0.06124281,5.932092567610706
-12.09404,-0.06120005,5.9172619571292975
-12.12746,-0.06115627,5.902526349293257
-12.16106,-0.06112262,5.887793021332022
-12.19447,-0.06108385,5.873223510328862
-12.22783,-0.06104531,5.858755241118007
-12.26137,-0.06101195,5.8442882728439
-12.29469,-0.06097012,5.829994355286714
-12.32817,-0.06093135,5.815709622758285
-12.36156,-0.06089663,5.8015403557479805
-12.39497,-0.06086978,5.787439009533706
-12.42842,-0.06084644,5.773396731040632
-12.46199,-0.06080561,5.759379866297437
-12.49547,-0.06076045,5.74547559235467
-12.52895,-0.06072015,5.731645628723876
-12.56233,-0.06068184,5.717930360052634
-12.59575,-0.06063916,5.704271480459679
-12.62917,-0.06060037,5.690684890614348
-12.66264,-0.06056451,5.67714985184764
-12.69606,-0.06052082,5.663706236422954
-12.72932,-0.06046303,5.650397067557419
-12.76286,-0.06041209,5.637046100952295
-12.7964,-0.06037775,5.623765121440406
-12.82991,-0.06035365,5.610565366397738
-12.86339,-0.06032455,5.597446108685191
-12.89668,-0.06028223,5.584468840042554
-12.93022,-0.0602383,5.571461692067111
-12.96355,-0.06019747,5.5586026589938715
-12.99703,-0.06015631,5.5457521526071725
-13.03041,-0.06011232,5.533005768813108
-13.06383,-0.06006976,5.520309365630141
-13.09728,-0.06003245,5.507666446773682
-13.13072,-0.06000482,5.495091693372489
-13.16402,-0.05996837,5.4826330710527635
-13.1974,-0.05992254,5.4702076166517655
-13.23079,-0.05988427,5.457841164435382
-13.26433,-0.05985805,5.445481837378896
-13.29768,-0.0598249,5.433254342110804
-13.33116,-0.05979727,5.421040719637301
-13.3647,-0.05978416,5.408866566402539
-13.39821,-0.05975996,5.396764172228977
-13.43175,-0.05972822,5.384711411394644
-13.46507,-0.05969521,5.372797163327038
-13.49846,-0.05966387,5.360916889778538
-13.53194,-0.05963307,5.349063460228171
-13.56535,-0.05960201,5.337293140243341
-13.59883,-0.05956943,5.32555617652401
-13.63237,-0.05953377,5.313855983955835
-13.66576,-0.05948631,5.302265164908501
-13.69908,-0.05943606,5.2907549704067725
-13.73256,-0.05938649,5.279245763353665
-13.76607,-0.05934019,5.267782300976242
-13.79952,-0.05929122,5.256394889097592
-13.83293,-0.05923885,5.245076068482962
-13.86644,-0.05919436,5.233778157912197
-13.89983,-0.05914759,5.222574887606539
-13.9333,-0.05911332,5.211398663633167
-13.96687,-0.05909214,5.200242853266337
-14.00026,-0.05906128,5.1891999291441735
-14.03368,-0.05901955,5.178199702430154
-14.06737,-0.0590013,5.167163506753573
-14.10078,-0.05899776,5.156271114080214
-14.13426,-0.05900002,5.14540755582535
-14.16771,-0.05899816,5.134605006737152
-14.2011,-0.05899937,5.123872587334784
-14.23454,-0.05899562,5.113174559908504
-14.26784,-0.05897591,5.102571153026667
-14.30125,-0.05894344,5.091982344200682
-14.33482,-0.05893514,5.08139253928546
-14.36818,-0.05895278,5.070918000748877
-14.40151,-0.05894621,5.060501343261922
-14.43471,-0.05892458,5.050173138220304
-14.46803,-0.0588854,5.039855260184006
-14.50136,-0.05884733,5.029581721990214
-14.53468,-0.05880053,5.019358362206805
-14.56813,-0.05875737,5.00914215482701
-14.60149,-0.05872728,4.999000054104068
-14.63512,-0.05870397,4.988822667665178
-14.66832,-0.05865725,4.978821187429781
-14.70161,-0.05859639,4.968837950401351
-14.735,-0.05853591,4.958870037326095
-14.76833,-0.05847317,4.948964987916711
-14.80177,-0.05843017,4.939072077190769
-14.83531,-0.0584046,4.929194381512756
-14.86879,-0.05836437,4.919378799485365
-14.90233,-0.05832553,4.909589849372549
-14.93572,-0.05828912,4.899888348201493
-14.96928,-0.05825943,4.890181064152719
-15.0027,-0.05822129,4.880557432995395
-15.03624,-0.05818085,4.870942256840807
-15.06981,-0.05814748,4.8613613376678275
-15.10335,-0.05813177,4.851831514200492
-15.13673,-0.05810436,4.842389082714695
-15.17009,-0.05805183,4.832993825349751
-15.20372,-0.05801606,4.823564259273389
-15.23723,-0.05798487,4.814209741534387
-15.27068,-0.05794771,4.804912918088782
-15.30403,-0.05790858,4.795684345887979
-15.33757,-0.05788591,4.786443673932703
-15.37099,-0.05787233,4.777276174143631
-15.40456,-0.05784694,4.76810757334192
-15.43779,-0.05780231,4.759071104089381
-15.47121,-0.05776875,4.750022118502691
-15.50484,-0.05775373,4.740955649977685
-15.53825,-0.05773652,4.731987353788233
-15.57161,-0.05771633,4.723070877064093
-15.605,-0.05769391,4.714184556231977
-15.63835,-0.05765819,4.705346759728488
-15.67165,-0.0576275,4.696559743230611
-15.70494,-0.05759685,4.687812611827871
-15.73833,-0.05756523,4.6790763759560265
-15.77184,-0.05755157,4.670345933004647
-15.80528,-0.05753461,4.661670631586407
-15.83861,-0.05750617,4.653060319055776
-15.87199,-0.05747245,4.644473333211526
-15.90535,-0.05744278,4.635927502381275
-15.93871,-0.05741886,4.627417444699101
-15.97218,-0.05740512,4.618915051045005
-16.00566,-0.05739207,4.610445692336337
-16.03896,-0.05736411,4.6020569413478185
-16.07253,-0.0573421,4.593635357967912
-16.10585,-0.05731436,4.58531120679753
-16.13915,-0.05727988,4.577026392344083
-16.17259,-0.05725269,4.568741079814674
-16.20601,-0.05723731,4.5604948843052675
-16.23943,-0.0572177,4.552282629378002
-16.27278,-0.0571947,4.544121201171527
-16.30611,-0.05716003,4.535998021600492
-16.33943,-0.05711371,4.527910404463314
-16.37276,-0.05707692,4.519853292908465
-16.40617,-0.05705388,4.511809697205381
-16.43965,-0.05702801,4.503782045238189
-16.4731,-0.05700292,4.495794173531394
-16.50658,-0.05698108,4.487831555658411
-16.53993,-0.05695967,4.47993190418581
-16.57335,-0.0569327,4.472047564312586
-16.60677,-0.05690199,4.464194957839483
-16.64018,-0.05687173,4.456376229103291
-16.67375,-0.05684934,4.448551615563386
-16.7072,-0.05682991,4.4407862478452405
-16.74062,-0.05679275,4.4330588353358475
-16.774,-0.05674593,4.425371408131633
-16.80745,-0.05671526,4.417698490847809
-16.84084,-0.05668907,4.41006973523886
-16.87431,-0.05665363,4.402453001041228
-16.90761,-0.05661061,4.394904880110199
-16.94109,-0.05656529,4.38734587325845
-16.9745,-0.05651849,4.379832395652302
-17.00795,-0.056481,4.372339494177723
-17.0414,-0.05645695,4.364876007839732
-17.07484,-0.05643587,4.357443981905541
-17.10844,-0.05641081,4.350005658026097
-17.14183,-0.05637547,4.3426427108424255
-17.17523,-0.05635434,4.33530619968408
-17.20854,-0.05633475,4.328017821384034
-17.24204,-0.05631902,4.320716272552436
-17.27553,-0.05631882,4.313445208338036
-17.30907,-0.05631639,4.306191488046441
-17.34248,-0.05630736,4.298993777129915
-17.37581,-0.05629268,4.291840881086983
-17.40913,-0.05626815,4.28471750742283
-17.4426,-0.05624935,4.277589464873357
-17.4762,-0.05624242,4.270461198658748
-17.50937,-0.05621905,4.263450992240155
-17.54271,-0.05618742,4.2564315718609045
-17.5761,-0.05616196,4.249428314586285
-17.60938,-0.05612794,4.242474556174039
-17.64281,-0.0560968,4.235515867370334
-17.67618,-0.05606961,4.228595918348875
-17.70953,-0.05603491,4.221706171761758
-17.74289,-0.05599906,4.214840271229772
-17.77637,-0.05597251,4.207975582191415
-17.8098,-0.0559474,4.201146896652405
-17.84311,-0.05590977,4.194368173485452
-17.87662,-0.05587036,4.187574239425574
-17.90996,-0.05583219,4.180840001876051
-17.94341,-0.05580152,4.1741086950585204
-17.97682,-0.05577608,4.167410443003824
-18.01021,-0.05574956,4.160741029671503
-18.04367,-0.05571918,4.154082395654543
-18.07707,-0.05569476,4.147460285322787
-18.11055,-0.0556615,4.140846826849543
-18.14397,-0.05562518,4.134269561733182
-18.17745,-0.05560684,4.12770473856344
-18.21095,-0.05558856,4.1211601536438245
-18.24449,-0.05557259,4.11463183130907
-18.27789,-0.05555266,4.108154568169521
-18.31128,-0.05552273,4.10170286293476
-18.34461,-0.05548202,4.095286173976989
-18.37808,-0.05543931,4.088865953353125
-18.41145,-0.05539962,4.082488152752771
-18.44489,-0.05537124,4.076120123242806
-18.47847,-0.05536363,4.06974862637437
-18.51173,-0.0553451,4.063460632798772
-18.54504,-0.05531246,4.057185791996135
-18.57854,-0.0552849,4.0508978531143995
-18.61186,-0.05525541,4.0446661537320825
-18.64531,-0.05523366,4.038432544162581
-18.67871,-0.05521847,4.032230528767779
-18.7123,-0.05521088,4.026015561956575
-18.74574,-0.05521025,4.0198504726940625
-18.77916,-0.05518658,4.0137110073081015
-18.81255,-0.05515472,4.007598836946612
-18.84584,-0.05513237,4.001526533176553
-18.87923,-0.05511814,3.995457500120503
-18.91266,-0.05510398,3.9894026646701204
-18.94606,-0.05508316,3.983374601368306
-18.97946,-0.05506355,3.9773677544039714
-19.01274,-0.0550392,3.9714034799823694
-19.04619,-0.05501462,3.9654297421164024
-19.07948,-0.0549769,3.9595053743603073
-19.11305,-0.05495634,3.953552075676043
-19.14655,-0.0549426,3.947632001587753
-19.17995,-0.05492344,3.941750187044283
-19.21324,-0.05489973,3.9359080925445165
-19.24664,-0.05487811,3.930067003903019
-19.28005,-0.0548594,3.924244413266563
-19.31339,-0.05482843,3.9184541036037692
-19.3468,-0.05480409,3.9126716562945805
-19.38016,-0.05479445,3.9069177550649736
-19.41364,-0.05478136,3.9011630379465156
-19.4471,-0.054775,3.8954315553475842
-19.48047,-0.05476792,3.8897350987938175
-19.51392,-0.05475568,3.8840445384628
-19.54721,-0.05473512,3.8784005338869334
-19.5806,-0.05471199,3.8727588531505672
-19.61391,-0.05468941,3.8671498288714488
-19.6474,-0.05467246,3.8615296680476803
-19.68094,-0.05466574,3.855920286327787
-19.7143,-0.05464979,3.8503599417681578
-19.74754,-0.05461975,3.8448382836545716
-19.78102,-0.05459883,3.8392955166113776
-19.81424,-0.05457154,3.833814307286073
-19.84769,-0.05454579,3.828313687890127
-19.88106,-0.0545187,3.8228446672360525
-19.91448,-0.05448907,3.817385821773905
-19.94789,-0.0544603,3.811946892628744
-19.98132,-0.054429,3.806522912400182
-20.01466,-0.05440952,3.8011315805514556
-20.04805,-0.05439775,3.795750135299942
-20.08144,-0.05437888,3.7903865858225303
-20.11484,-0.0543573,3.7850392446571783
-20.1483,-0.05433288,3.7797000739516484
-20.1817,-0.05431392,3.774388133804387
-20.215,-0.05430289,3.769109572099926
-20.24849,-0.05428859,3.763818403248835
-20.28192,-0.05428124,3.7585541408308485
-20.31534,-0.0542778,3.7533087706137334
-20.34885,-0.05426895,3.7480665737867254
-20.38211,-0.05424083,3.7428805310146984
-20.41544,-0.05420558,3.7377005247009127
-20.44882,-0.05417918,3.7325296716387544
-20.48229,-0.0541622,3.727361798900416
-20.5157,-0.05415126,3.7222200071165013
-20.54906,-0.05412559,3.7171025925273464
-20.58228,-0.05410172,3.7120231383500757
-20.61565,-0.05409048,3.706937229725961
-20.649,-0.05406924,3.7018707927744683
-20.68236,-0.05404771,3.6968191831106316
-20.71579,-0.05403252,3.6917732946703943
-20.74924,-0.05402219,3.6867406613447047
-20.78267,-0.05401336,3.681727222729322
-20.81615,-0.05400455,3.676722424655856
-20.84946,-0.0539972,3.6717589904007104
-20.88283,-0.05398115,3.666802492765588
-20.91626,-0.05396938,3.6618529412045935
-20.9496,-0.05395721,3.6569324473975637
-20.98291,-0.05393987,3.6520319965152592
-21.01625,-0.05393146,3.6471426872063284
-21.04965,-0.05391857,3.642260108837914
-21.08299,-0.05390483,3.6374017300202675
-21.11639,-0.0538969,3.6325499907891454
-21.14977,-0.05387826,3.6277164668930206
-21.1832,-0.05385774,3.622890970202802
-21.21652,-0.05384252,3.6180964833064047
-21.25003,-0.05383547,3.6132898212378994
-21.2833,-0.05382322,3.6085325583908507
-21.31673,-0.05380383,3.6037673742642515
-21.35014,-0.05378874,3.599019950220467
-21.38342,-0.05376507,3.5943057471629887
-21.41686,-0.05374835,3.5895836364434377
-21.45024,-0.05373686,3.5848846819429525
-21.48352,-0.0537234,3.5802143410390848
-21.517,-0.05371824,3.575530510758935
-21.5504,-0.05371615,3.570872373598634
-21.58371,-0.05370092,3.5662411466796025
-21.61702,-0.05368553,3.5616241924187513
-21.65036,-0.05367159,3.5570173059477996
-21.68378,-0.05365598,3.5524135828716212
-21.71721,-0.05364401,3.5478226576986636
-21.75061,-0.05362888,3.5432499456337085
-21.784,-0.0536118,3.538692618435549
-21.81738,-0.05359773,3.5341505992011872
-21.85069,-0.05358292,3.529631938396453
-21.88409,-0.05356151,3.5251148802623273
-21.9174,-0.05353508,3.5206237053665124
-21.95087,-0.05351294,3.5161246866297327
-21.98416,-0.05349461,3.511663452231061
-22.01755,-0.05347763,3.5072023681108933
-22.05106,-0.05345856,3.5027388343236106
-22.0844,-0.05343562,3.4983113872235605
-22.11786,-0.05342219,3.4938814243330953
-22.1512,-0.05340268,3.489480660189967
-22.18459,-0.05337524,3.485086553323726
-22.21787,-0.05335032,3.480720064524637
-22.25133,-0.05332951,3.476343126455812
-22.28467,-0.05331208,3.471994958866342
-22.31816,-0.05330196,3.4676403072654733
-22.35149,-0.05328514,3.4633194162894734
-22.38483,-0.05325831,3.459010101930638
-22.41837,-0.05324003,3.454687869813907
-22.45175,-0.05322291,3.4503990780228713
-22.48509,-0.05320006,3.4461281364673213
-22.51856,-0.05318329,3.4418532623755693
-22.55196,-0.05317331,3.437599978006346
-22.58533,-0.05315032,3.4333630768290746
-22.61874,-0.05312021,3.4291336210593517
-22.65218,-0.05311016,3.424912860484068
-22.68547,-0.05309856,3.4207233925503857
-22.71884,-0.05308061,3.416536178783776
-22.75226,-0.05305807,3.4123550012174615
-22.78571,-0.05303675,3.4081823520092196
-22.81911,-0.05302048,3.4040281457076986
-22.85242,-0.05300467,3.3998972275146353
-22.8859,-0.05298417,3.395757344041528
-22.91917,-0.05296284,3.3916554089873236
-22.95262,-0.0529611,3.387543269570097
-22.98621,-0.05296582,3.3834259627837735
-23.01939,-0.05294551,3.3793707087807277
-23.05277,-0.0529239,3.375302790076854
-23.08612,-0.05291161,3.371250275057047
-23.1196,-0.05290581,3.3671937230747937
-23.153,-0.05290136,3.3631585539670885
-23.18633,-0.05288469,3.359143430633481
-23.21965,-0.05286631,3.355141033564244
-23.25316,-0.05286942,3.351127382256863
-23.28648,-0.05285832,3.347147941638238
-23.31969,-0.05283408,3.343192954108738
-23.35309,-0.05282585,3.339226684777046
-23.38648,-0.05282408,3.3352729269218795
-23.41983,-0.05281418,3.3313351591365095
-23.4532,-0.05279928,3.3274062388074976
-23.4866,-0.05278952,3.323484965895447
-23.51996,-0.05277112,3.319579506087595
-23.55344,-0.05276104,3.3156711206515905
-23.58684,-0.05275529,3.311783129914817
-23.62009,-0.05273218,3.307923521883278
-23.65361,-0.05272444,3.30404355614217
-23.68701,-0.05272296,3.300188402841895
-23.72023,-0.0527003,3.2963647949450743
-23.75357,-0.05267484,3.292538127952977
-23.78696,-0.05265597,3.288716473227348
-23.82031,-0.05264275,3.28491009143038
-23.85364,-0.05262653,3.2811166262255993
-23.8871,-0.05261638,3.2773190131912204
-23.9205,-0.05260845,3.2735388056269725
-23.95381,-0.05259594,3.2697792835461246
-23.98731,-0.05258185,3.2660088480117193
-24.02066,-0.05256075,3.2622657412410816
-24.05396,-0.05253935,3.258538602375659
-24.08742,-0.05252182,3.254803935000095
-24.12071,-0.05250683,3.2510985248775843
-24.15411,-0.05249462,3.247391135504475
-24.18745,-0.05247413,3.243700617468977
-24.22087,-0.05246092,3.240011440546933
-24.25426,-0.05245958,3.2363357282390806
-24.28763,-0.05244809,3.2326723150838514
-24.32098,-0.05243811,3.2290211414178214
-24.35436,-0.05243803,3.2253766964108275
-24.38777,-0.05243521,3.2217389658833095
-24.42102,-0.05241201,3.218128538447616
-24.45447,-0.05238909,3.214506300893047
-24.48787,-0.0523817,3.210899351393159
-24.52121,-0.05237117,3.207308680933771
-24.5547,-0.05236428,3.2037116723071346
-24.5881,-0.05235467,3.200134089254558
-24.62132,-0.05233166,3.1965854145919064
-24.65465,-0.05231446,3.193034599963901
-24.68799,-0.05230172,3.189492311848798
-24.72122,-0.05227775,3.1859712182489375
-24.75458,-0.05224769,3.1824458585037596
-24.78806,-0.05223257,3.178917357792421
-24.82163,-0.05222898,3.175388928930131
-24.855,-0.05221995,3.1718909676121503
-24.88834,-0.05219879,3.1684055184074147
-24.92175,-0.05217145,3.1649221061923822
-24.95512,-0.05214839,3.16145217494446
-24.98851,-0.05212902,3.1579894399465993
-25.02196,-0.0521103,3.154529749068418
-25.05536,-0.05209383,3.1510844466014456
-25.08868,-0.05208172,3.147656536732901
-25.12236,-0.05208047,3.1442008314505485
-25.15573,-0.05207887,3.1407860594782977
-25.18921,-0.05207724,3.1373691235255095
-25.2225,-0.05207679,3.1339805729011796
-25.25597,-0.05207474,3.1305827057919373
-25.28944,-0.05207526,3.127193832682732
-25.32286,-0.05207153,3.1238189604175832
-25.35622,-0.05206873,3.120459019522626
-25.3896,-0.05206754,3.1171059016290132
-25.42287,-0.05205337,3.113772595304936
-25.45622,-0.05204129,3.1104400181959457
-25.48955,-0.05204605,3.107118152340861
-25.52283,-0.05204134,3.1038099262503414
-25.55612,-0.05203106,3.10050932614184
-25.58934,-0.05202093,3.0972242269632586
-25.6227,-0.05201437,3.093933855526545
-25.65605,-0.05201732,3.0906530233609617
-25.68942,-0.05201972,3.0873787496954
-25.72279,-0.0520226,3.08411297141562
-25.75609,-0.05202493,3.0808624795145536
-25.78955,-0.05202972,3.077604824434703
-25.82288,-0.05202444,3.0743682191916624
-25.85611,-0.05199892,3.071149631557106
-25.88951,-0.05198656,3.06792290390973
-25.92276,-0.0519834,3.064718926534057
-25.95613,-0.05196178,3.061511639061755
-25.98944,-0.05192753,3.058318332368839
-26.02272,-0.05189046,3.055136065714883
-26.05606,-0.0518627,3.05195621287332
-26.08936,-0.05182986,3.048788287639099
-26.12271,-0.05178929,3.045623700603804
-26.15608,-0.05175555,3.042465292964389
-26.18959,-0.05173016,3.0393017340095816
-26.22313,-0.05170678,3.0361434390173865
-26.25642,-0.05167018,3.0330166641149097
-26.28986,-0.05164205,3.029883772678896
-26.32335,-0.05162323,3.0267541745256588
-26.357,-0.05161481,3.0236176347839283
-26.39037,-0.05159996,3.02051509319498
-26.4238,-0.0515795,3.0174148305694106
-26.45728,-0.05156967,3.014317783233953
-26.49068,-0.05156771,3.0112359365633496
-26.52405,-0.05156139,3.008164609100043
-26.55748,-0.05155494,3.0050954985186844
-26.5909,-0.05155226,3.002035019499152
-26.62425,-0.05154515,2.9989886100077934
-26.65765,-0.05153485,2.995945272745347
-26.69103,-0.0515299,2.9929113676017747
-26.7244,-0.05152518,2.9898859469249075
-26.75781,-0.0515192,2.9868644593858766
-26.79118,-0.05151449,2.983854111688996
-26.82443,-0.05150669,2.9808620388205824
-26.8578,-0.05149588,2.9778666160296074
-26.89108,-0.05148402,2.9748866761766357
-26.92444,-0.05148285,2.9719069663101627
-26.95772,-0.05147847,2.968941750266714
-26.99112,-0.05148028,2.965973194146816
-27.02445,-0.05148697,2.963018174282918
-27.05768,-0.05148159,2.960079267697748
-27.0911,-0.05147222,2.9571308289438227
-27.12434,-0.05146015,2.9542054774420317
-27.15765,-0.05144375,2.9512811491421385
-27.19095,-0.05142869,2.948364860367144
-27.22432,-0.05141533,2.9454495980064883
-27.25772,-0.05139724,2.9425388623846747
-27.29096,-0.05138562,2.9396491438923364
-27.3243,-0.05137626,2.9367577943442282
-27.35759,-0.05135559,2.93387781233654
-27.39085,-0.0513307,2.9310074167103246
-27.42421,-0.05131808,2.9281353847567533
-27.45764,-0.05131809,2.925264327159945
-27.4911,-0.05131514,2.922397685068986
-27.52449,-0.05130315,2.919543987917669
-27.55785,-0.05128912,2.9166997606852494
-27.59132,-0.05128288,2.9138530668340623
-27.6248,-0.05128399,2.9110124236193564
-27.65799,-0.0512692,2.908203173838735
-27.69132,-0.05125658,2.9053888510912445
-27.72472,-0.05125311,2.902575405630787
-27.75812,-0.05124431,2.899768730735367
-27.79138,-0.05123265,2.896980524176921
-27.82465,-0.05121478,2.894198148044989
-27.85808,-0.0511998,2.8914090849046308
-27.89148,-0.05119243,2.8886292014622383
-27.9249,-0.05117874,2.885854309236559
-27.95821,-0.05117471,2.8830951516567045
-27.99158,-0.05117099,2.8803376086666064
-28.02492,-0.05116238,2.8775891028413283
-28.05826,-0.05115227,2.8748471287955844
-28.09164,-0.05113674,2.872108385270493
-28.12509,-0.05112354,2.869370419792434
-28.15845,-0.05111041,2.8666462997785747
-28.19183,-0.05109831,2.8639269994179166
-28.22524,-0.05108681,2.861211695631286
-28.25864,-0.05107316,2.858503622254999
-28.29215,-0.05107249,2.8557930556709192
-28.32541,-0.05106024,2.8531090529669294
-28.35872,-0.05103994,2.8504273253517787
-28.39212,-0.05103015,2.8477446699999858
-28.42537,-0.05101686,2.8450803243722067
-28.45882,-0.05100962,2.8424062346927945
-28.4922,-0.051011,2.839744000112311
-28.52553,-0.05100908,2.8370919698950376
-28.55893,-0.05100618,2.834440579531516
-28.59233,-0.05100173,2.831795383587137
-28.62573,-0.05100419,2.829156360379281
-28.65906,-0.05100517,2.826528999904393
-28.69244,-0.0510041,2.823903815778651
-28.72577,-0.05101353,2.8212886512702706
-28.75916,-0.05102754,2.818674856984696
-28.79248,-0.05104426,2.8160725856195783
-28.82585,-0.05105983,2.8134724388005905
-28.85916,-0.05106563,2.810882964022515
-28.89249,-0.0510606,2.8082979106335246
-28.92584,-0.05105318,2.8057172687119887
-28.95926,-0.05104625,2.8031371727039986
-28.99263,-0.05104957,2.8005668716497953
-29.02594,-0.0510513,2.7980070860754207
-29.05925,-0.05105135,2.7954531689565285
-29.0925,-0.05104742,2.792909684626622
-29.12581,-0.051034,2.7903674335580706
-29.15898,-0.05101423,2.7878416391794225
-29.19229,-0.05098801,2.785310960531017
-29.22553,-0.05096737,2.7827913505760202
-29.25897,-0.05096013,2.7802623571506446
-29.29239,-0.0509577,2.777740645266569
-29.32588,-0.05095634,2.7752194171155304
-29.35919,-0.05094774,2.772717445542605
-29.39244,-0.05094003,2.770225636252043
-29.42587,-0.0509275,2.767726014557938
-29.45917,-0.05090846,2.7652417532469515
-29.49258,-0.05089937,2.7627549234417605
-29.52591,-0.05088997,2.7602796560715657
-29.5593,-0.05088804,2.757805529900911
-29.59277,-0.05089559,2.755331079179137
-29.62618,-0.0508899,2.7528666402485906
-29.65952,-0.05088064,2.7504128994670176
-29.6929,-0.0508864,2.7479617349602092
-29.72636,-0.05089734,2.7455102205584536
-29.75967,-0.05089263,2.7430751718685054
-29.79303,-0.05088131,2.740641925309376
-29.82654,-0.05087624,2.7382032176712414
-29.85988,-0.05086692,2.7357823139275843
-29.89331,-0.05086796,2.733360297002908
-29.92668,-0.05087459,2.730948023636434
-29.95999,-0.05085742,2.728545446777519
-29.99339,-0.05084318,2.7261417365626226
-30.0268,-0.05083902,2.7237426565601393
-30.06003,-0.05081801,2.721361791721432
-30.09329,-0.05079342,2.718984042622126
-30.12665,-0.05077834,2.7166044183472104
-30.15996,-0.05077246,2.7142336130419267
-30.19341,-0.05077758,2.7118581074479495
-30.22687,-0.05078612,2.709487151663404
-30.26015,-0.05078302,2.7071341516813368
-30.29332,-0.05077017,2.7047940734128844
-30.32681,-0.05077369,2.7024366130166673
-30.36017,-0.05079351,2.700093474443654
-30.39352,-0.05080554,2.6977561796067056
-30.42697,-0.05081706,2.6954170231212635
-30.4604,-0.05083857,2.6930843981037675
-30.49379,-0.05086387,2.6907596694277753
-30.52708,-0.05088266,2.68844696577596
-30.56035,-0.05088713,2.68614068556152
-30.59367,-0.05089634,2.68383596672122
-30.62697,-0.05091015,2.6815376414970205
-30.66026,-0.0509216,2.6792449966177716
-30.69363,-0.05093857,2.6769518333282836
-30.72679,-0.05094317,2.6746780350306687
-30.76009,-0.05094294,2.672399570352362
-30.79349,-0.05095609,2.670119213509089
-30.82671,-0.05095975,2.667856047563947
-30.85996,-0.05095946,2.6655957169095488
-30.89317,-0.05096696,2.6633429622146254
-30.92654,-0.05097354,2.661084227333546
-30.95982,-0.05097155,2.6588364338035557
-30.99318,-0.05097535,2.6565880816360243
-31.02644,-0.05098129,2.654351282325655
-31.05975,-0.05097233,2.652115921731501
-31.09311,-0.05096859,2.649882006013551
-31.1265,-0.05097136,2.647650876262991
-31.15978,-0.05097528,2.64543185478203
-31.1931,-0.05098364,2.6432149097075954
-31.22649,-0.050985,2.640998053255425
-31.25969,-0.05097749,2.638798506958962
-31.29305,-0.05098524,2.6365930613986173
-31.32643,-0.05100428,2.6343909950798734
-31.35988,-0.05102136,2.6321890134783676
-31.39308,-0.05103189,2.630008129180061
-31.42654,-0.05104833,2.627814827849327
-31.4599,-0.05107742,2.625632726105296
-31.49324,-0.05110538,2.623456551310694
-31.52663,-0.05112794,2.6212817259567545
-31.55988,-0.05114588,2.6191205923469925
-31.59316,-0.0511618,2.6169620639404223
-31.62662,-0.05118567,2.614796440466923
-31.65988,-0.05120722,2.612648298098413
-31.69307,-0.05122488,2.610509171247847
-31.72641,-0.05124484,2.6083648827585595
-31.75964,-0.05126258,2.6062321487271265
-31.79292,-0.05128271,2.6041006739865353
-31.82617,-0.05130543,2.601975572304176
-31.85933,-0.05131901,2.599860640509389
-31.89264,-0.05133108,2.597740569611045
-31.9259,-0.05134549,2.595628095057618
-31.95914,-0.05135796,2.5935212837391743
-31.99248,-0.05138268,2.5914125319450068
-32.02579,-0.05140479,2.5893100622966676
-32.05907,-0.05141949,2.5872138493100394
-32.09232,-0.05143211,2.5851238676418533
-32.12564,-0.05144184,2.5830338259408996
-32.15886,-0.05145184,2.5809543684073377
-32.19214,-0.05146832,2.578875458419353
-32.22534,-0.05148169,2.5768058242364544
-32.25865,-0.05149968,2.574733614084904
-32.29198,-0.05151566,2.572664438662479
-32.32527,-0.05152412,2.5706020057991776
-32.35858,-0.05153991,2.5685425812875593
-32.39179,-0.05155563,2.5664935559288327
-32.42511,-0.0515718,2.5644419618005925
-32.45841,-0.051576,2.5623958074348065
-32.49168,-0.05158541,2.5603556849014883
-32.5251,-0.05160548,2.5583105663011025
-32.55843,-0.05162219,2.5562751367311014
-32.59166,-0.05163029,2.554249958424947
-32.625,-0.05164067,2.5522222222222224
-32.65825,-0.05164239,2.5502040831949047
-32.69157,-0.05164594,2.548185813651654
-32.72498,-0.05166828,2.546166219200134
-32.75819,-0.05168054,2.5441627971508805
-32.79143,-0.05167738,2.5421616288158218
-32.82474,-0.05168197,2.5401603120085645
-32.85819,-0.05170658,2.5381546670708275
-32.89139,-0.05171837,2.536168045801652
-32.92473,-0.05172002,2.5341770790527365
-32.95799,-0.05172456,2.532194903269283
-32.9913,-0.05173212,2.5302137533228457
-33.02458,-0.0517316,2.5282383788075427
-33.05797,-0.051741,2.526260472134254
-33.09123,-0.05175235,2.5242942344542647
-33.1245,-0.0517561,2.5223313559449956
-33.15779,-0.05176715,2.5203712400615363
-33.19119,-0.05178128,2.518408598787811
-33.22446,-0.05179387,2.516457519550355
-33.25771,-0.05180077,2.514511513270156
-33.29109,-0.05180933,2.5125618085800134
-33.32451,-0.05182037,2.510613680441213
-33.35785,-0.05183062,2.5086741051956287
-33.39114,-0.0518421,2.506741303231935
-33.42462,-0.0518563,2.5048013530146345
-33.45789,-0.05186557,2.50287741695606
-33.49121,-0.05187205,2.500954420577817
-33.52449,-0.05187411,2.499037548371355
-33.55777,-0.0518712,2.4971244781759934
-33.59108,-0.05187027,2.495213479292717
-33.62431,-0.05186851,2.493310842661158
-33.65762,-0.0518735,2.491407396007204
-33.69087,-0.05187938,2.4895111316508007
-33.72429,-0.05188599,2.487608940025127
-33.75757,-0.05189282,2.485718459592915
-33.79089,-0.0518967,2.4838294374608068
-33.82425,-0.05190577,2.481941876020902
-33.85764,-0.05191943,2.4800563417887362
-33.8909,-0.05192803,2.4781818423234556
-33.9243,-0.0519369,2.476303151428327
-33.95767,-0.05194672,2.4744298386785664
-33.99104,-0.05195479,2.4725602041008456
-34.02429,-0.05195929,2.470700940416391
-34.05759,-0.05195505,2.468842519391419
-34.0909,-0.05195634,2.4669871725299126
-34.12419,-0.05195966,2.465136558552745
-34.15752,-0.05196665,2.4632873346776933
-34.19081,-0.05196936,2.4614439289387997
-34.22409,-0.05196156,2.4596046615118183
-34.2574,-0.05195639,2.4577673145072305
-34.29079,-0.05196122,2.455929137240641
-34.3241,-0.05196754,2.4540989275756684
-34.35751,-0.05196987,2.4522667882509532
-34.39078,-0.05196498,2.4504458636878836
-34.42419,-0.05196016,2.44862081867431
-34.45757,-0.05196444,2.4468009467876
-34.49091,-0.05197204,2.444986771876996
-34.52416,-0.05197528,2.4431809839833902
-34.5575,-0.0519663,2.4413737972943648
-34.59084,-0.05195838,2.439570094279295
-34.62421,-0.05196122,2.4377682465534956
-34.65749,-0.05196218,2.4359747142681134
-34.69077,-0.0519572,2.4341846231721003
-34.72411,-0.05194905,2.4323947453224863
-34.75751,-0.05195047,2.430605089374929
-34.79089,-0.05195325,2.4288199382079623
-34.82428,-0.05194815,2.4270376760122536
-34.85761,-0.05194175,2.4252620216933978
-34.89087,-0.05193943,2.423493478379874
-34.92426,-0.05194556,2.4217214108473595
-34.95766,-0.05195904,2.419952199317689
-34.99103,-0.05196553,2.4181879498831558
-35.02438,-0.05196762,2.416428116643321
-35.05771,-0.05197322,2.4146726839830666
-35.09108,-0.05197423,2.412918485267481
-35.12451,-0.05198659,2.411164474607617
-35.15776,-0.05198722,2.4094232169512506
-35.19115,-0.05199343,2.407677938913619
-35.2245,-0.05201357,2.405938054479127
-35.25783,-0.05202502,2.404202501969066
-35.29102,-0.05202314,2.4024774971083294
-35.3243,-0.05202315,2.4007510693771708
-35.35756,-0.05202803,2.399028926204184
-35.39089,-0.0520439,2.3973064056880173
-35.42412,-0.05204859,2.395592280062285
-35.45741,-0.05204584,2.393878281013757
-35.49075,-0.05205395,2.39216493029874
-35.52391,-0.05205774,2.3904640198671823
-35.55742,-0.05206145,2.3887483793818562
-35.59064,-0.05205948,2.387050775147623
-35.6239,-0.05205308,2.3853542986590464
-35.65723,-0.05205541,2.3836574265583725
-35.69054,-0.0520569,2.3819647391157432
-35.72386,-0.05205741,2.3802747015580064
-35.75714,-0.05205955,2.3785898368829272
-35.79048,-0.05204996,2.376905076433733
-35.82388,-0.0520509,2.3752204283846416
-35.85724,-0.05205158,2.3735409306460844
-35.89052,-0.05203989,2.3718685714222025
-35.92392,-0.0520322,2.3701932973907076
-35.95729,-0.05203318,2.3685226361608454
-35.99069,-0.05203439,2.3668535751884723
-36.02406,-0.05202891,2.3651891041709345
-36.05733,-0.05201503,2.3635326880831165
-36.09078,-0.05200627,2.3618703890578145
-36.12404,-0.05199391,2.36022058440861
-36.15741,-0.0519869,2.358568373674995
-36.19077,-0.05198164,2.356919703559775
-36.22414,-0.05197506,2.3552735772333038
-36.25746,-0.05197826,2.3536329406417327
-36.29094,-0.05198574,2.351987460231121
-36.32431,-0.05198995,2.3503504044536565
-36.35762,-0.05198539,2.348719289106383
-36.39098,-0.05198421,2.3470887181383957
-36.42445,-0.05199683,2.3454557721530453
-36.45781,-0.05200812,2.3438311763652284
-36.49124,-0.05201818,2.342206151394143
-36.52449,-0.05202213,2.34059282689505
-36.55782,-0.05201989,2.338978566008586
-36.59126,-0.05202483,2.3373619328768673
-36.6245,-0.05202214,2.3357578943057242
-36.65778,-0.05202556,2.334154839709333
-36.6911,-0.05203763,2.3325527716530714
-36.72447,-0.05204062,2.330951213182927
-36.75778,-0.05203801,2.3293554344141567
-36.79106,-0.05203006,2.327763978531741
-36.82437,-0.05203058,2.3261739684888023
-36.85764,-0.05203271,2.324588736555026
-36.89096,-0.05203225,2.3230039879688684
-36.92433,-0.0520339,2.3214197278596527
-36.95772,-0.05203714,2.319837381743246
-36.99114,-0.05203786,2.3182564743881913
-37.02446,-0.05202846,2.3166831386602262
-37.0576,-0.05201077,2.315121108760416
-37.091,-0.05200309,2.313549648162627
-37.12434,-0.0520043,2.3119838305542944
-37.15784,-0.05201387,2.310413328654195
-37.19115,-0.05201689,2.308854539319166
-37.22441,-0.05200879,2.3073008732710605
-37.25775,-0.05200554,2.3057462541350455
-37.29106,-0.05200807,2.30419580993407
-37.32442,-0.05199966,2.3026458120447684
-37.35777,-0.05199442,2.3010990457942215
-37.3913,-0.0520048,2.29954671273799
-37.42467,-0.05200792,2.2980045488711056
-37.45804,-0.05200706,2.2964651327191707
-37.49147,-0.05201352,2.2949256964317484
-37.52475,-0.0520164,2.293395892044584
-37.55806,-0.05201796,2.2918674233972682
-37.59137,-0.05202555,2.2903416635254317
-37.62473,-0.05202807,2.288816321073932
-37.65794,-0.05202069,2.2873005214836497
-37.69128,-0.05201703,2.285781475184711
-37.72467,-0.05202886,2.2842628417955675
-37.75789,-0.05203336,2.2827546057261143
-37.79118,-0.0520415,2.281245851545255
-37.82448,-0.05205338,2.2797393011087
-37.85779,-0.05206013,2.278234949795009
-37.89107,-0.05206727,2.276734594721131
-37.92439,-0.05208076,2.2752350743149723
-37.95764,-0.05208996,2.273741328491445
-37.991,-0.05209441,2.2722452686162513
-38.02431,-0.0521166,2.2707540702250744
-38.05777,-0.05213899,2.2692587847369934
-38.09108,-0.05215408,2.2677728119024194
-38.12441,-0.05216682,2.2662885458424142
-38.1577,-0.05217914,2.2648086493682795
-38.19104,-0.05219979,2.263329115939236
-38.22443,-0.05222722,2.2618499504112948
-38.25769,-0.05224804,2.2603791107095073
-38.29097,-0.05226183,2.258909944041637
-38.3242,-0.05226799,2.2574455305003105
-38.35758,-0.05227908,2.2559770611180374
-38.3909,-0.05229628,2.254513778004683
-38.42409,-0.0523134,2.253058726960092
-38.45746,-0.0523352,2.2515983166855014
-38.49071,-0.05235649,2.2501456767100425
-38.52405,-0.05239253,2.248691622505941
-38.55727,-0.05243922,2.2472453028961854
-38.59045,-0.05247828,2.24580321037977
-38.62376,-0.05251563,2.244357959970754
-38.65706,-0.05255431,2.2429156330046824
-38.69038,-0.05260828,2.2414749247745824
-38.72376,-0.05269014,2.2400341082580826
-38.75708,-0.0527653,2.238598356738949
-38.79033,-0.05283688,2.237168080292176
-38.8235,-0.05292862,2.2357436861694593
-38.85686,-0.05301839,2.234313585812132
-38.89009,-0.05309941,2.2328914975511758
-38.92319,-0.05317261,2.2314773866170783
-38.9563,-0.05324622,2.2300652526035583
-38.98933,-0.05333069,2.2286589202738285
-39.02255,-0.05342504,2.227246899549107
-39.05582,-0.05352889,2.2258351610592224
-39.08894,-0.05363503,2.2244321744206927
-39.12174,-0.05371189,2.2230450843955305
-39.15494,-0.05379685,2.2216434452459892
-39.1881,-0.05389297,2.2202458654540536
-39.2209,-0.05397448,2.218865783294111
-39.25404,-0.05407792,2.21747373773502
-39.28714,-0.0541982,2.2160857165983576
-39.32034,-0.05432044,2.214695849527242
-39.35346,-0.05443816,2.213311668148112
-39.3864,-0.05455179,2.211937318465257
-39.41946,-0.05467149,2.2105602715004213
-39.45253,-0.05479082,2.2091851168987136
-39.4854,-0.0549092,2.2078205615240063
-39.51859,-0.05505587,2.2064450249869743
-39.55167,-0.05520095,2.205076344437542
-39.58476,-0.05533956,2.2037095387214674
-39.61778,-0.05548222,2.202347900361908
-39.65077,-0.05562607,2.200989763881004
-39.68364,-0.05576608,2.1996388133749827
-39.71674,-0.05592153,2.1982806695614996
-39.74973,-0.0560791,2.19692928983417
-39.78278,-0.05622242,2.195577699698211
-39.8158,-0.05637842,2.1942295772030196
-39.84871,-0.0565482,2.1928881687763546
-39.88158,-0.05670412,2.191550600552937
-39.9146,-0.0568945,2.190209146527837
-39.9475,-0.05705412,2.188874773139746
-39.98039,-0.05720402,2.1875430004559737
-40.0132,-0.05738914,2.1862166485059933
-40.0461,-0.05756753,2.1848888406111957
-40.07892,-0.05774988,2.183566433426849
-40.11198,-0.05795069,2.182236543795644
-40.14482,-0.05814099,2.180917672566473
-40.17748,-0.05830472,2.1796081685561166
-40.21018,-0.05844676,2.1782991918961816
-40.24312,-0.05861719,2.176982758792062
-40.27617,-0.0588314,2.1756640936812017
-40.30872,-0.05903703,2.1743674916990665
-40.34152,-0.05922401,2.173063047698748
-40.37424,-0.05938957,2.1717638969798565
-40.40706,-0.05955903,2.17046288940596
-40.43984,-0.05974597,2.1691655753336314
-40.47275,-0.05994401,2.1678652303092822
-40.50569,-0.06016201,2.1665658158150127
-40.53865,-0.06037209,2.1652677259849553
-40.57121,-0.06055453,2.163987460566249
-40.60388,-0.06072192,2.1627049336171815
-40.6367,-0.06090865,2.161418594521701
-40.66963,-0.06110599,2.160130030688747
-40.70224,-0.06128537,2.158856043303759
-40.73523,-0.06146907,2.1575692858491284
-40.76785,-0.06167405,2.156299007673939
-40.80071,-0.06186866,2.155021437126952
-40.83347,-0.06204557,2.1537498013271956
-40.86626,-0.06221122,2.152479042613638
-40.89905,-0.06238189,2.1512103215111353
-40.93199,-0.0625731,2.149937843237038
-40.96469,-0.0627404,2.1486766603140413
-40.99773,-0.06290311,2.1474044075123184
-41.03029,-0.0630649,2.1461526423527593
-41.06305,-0.06321761,2.1448951916625774
-41.0959,-0.06336901,2.1436362994848635
-41.12875,-0.063534,2.1423794182901257
-41.16182,-0.06371101,2.1411161459818833
-41.19449,-0.06386965,2.139870145254863
-41.22742,-0.06403412,2.138616226773346
-41.26036,-0.06421772,2.1373639299317797
-41.29326,-0.0643945,2.136115148089543
-41.32599,-0.0645439,2.134874791868265
-41.35896,-0.06468201,2.1336273252518922
-41.39188,-0.06483624,2.1323837332346343
-41.42473,-0.0649814,2.1311447558016674
-41.45766,-0.0651392,2.12990473171906
-41.49049,-0.06528655,2.1286704326702335
-41.52339,-0.06542291,2.1274354598697265
-41.55614,-0.06554635,2.1262080597476087
-41.58907,-0.06566142,2.124975862648528
-41.62192,-0.06579452,2.1237486016983356
-41.65511,-0.0659299,2.12251060434122
-41.6879,-0.06605706,2.1212894628897114
-41.72083,-0.06619293,2.120065039453913
-41.75375,-0.06630687,2.1188429183007513
-41.78658,-0.06639951,2.1176260560208564
-41.81955,-0.06650315,2.1164059273712894
-41.85251,-0.06662738,2.115188090272244
-41.88551,-0.06674664,2.113970695355029
-41.91861,-0.066838,2.112751536847238
-41.95149,-0.06692971,2.1115423862179865
-41.98464,-0.06702648,2.1103252237008583
-42.01749,-0.06711838,2.1091209708147725
-42.05032,-0.06719441,2.107919330934937
-42.08347,-0.06728092,2.1067078807902484
-42.11652,-0.06735642,2.1055019835446993
-42.14957,-0.0674159,2.104297977417089
-42.1825,-0.06746694,2.1031002192852486
-42.21541,-0.06751771,2.1019050555235634
-42.24863,-0.0675832,2.1007005221234394
-42.28178,-0.06764797,2.0995004136533515
-42.31485,-0.06769956,2.098305074932323
-42.34796,-0.06774113,2.097110160678342
-42.381,-0.06776273,2.095919633798164
-42.41405,-0.06778654,2.0947306022414742
-42.44719,-0.06781177,2.0935401919420342
-42.48042,-0.06784495,2.0923484136927084
-42.51369,-0.0678807,2.091157067288208
-42.54688,-0.06790484,2.08997044201596
-42.57996,-0.0679104,2.088789590220376
-42.61318,-0.06791533,2.087605585877421
-42.64642,-0.06791714,2.0864227149664614
-42.67964,-0.06791266,2.085242396608781
-42.71289,-0.06790114,2.084062850816229
-42.74622,-0.06789118,2.082882308657935
-42.7795,-0.06788225,2.0817053729005717
-42.81285,-0.06785496,2.0805277971450162
-42.84619,-0.06783271,2.0793524068301057
-42.87949,-0.06780904,2.0781802512110104
-42.91277,-0.06777273,2.077010617119333
-42.94612,-0.06773004,2.075840341339334
-42.97949,-0.06769054,2.0746711815333314
-43.01291,-0.06765582,2.0735020880940165
-43.04631,-0.06761169,2.0723355079680466
-43.07973,-0.06756739,2.0711700398307977
-43.11316,-0.06752681,2.070006030641224
-43.14674,-0.0674836,2.0688386144584734
-43.18012,-0.06742442,2.067679950866278
-43.2135,-0.06736423,2.066523077279091
-43.24701,-0.06731383,2.0653634944936075
-43.28049,-0.06726985,2.0642067430382602
-43.31389,-0.06721868,2.0630545374705433
-43.34731,-0.06716768,2.0619034191510384
-43.38078,-0.06711619,2.060752356227804
-43.4142,-0.06704807,2.0596047836882865
-43.44775,-0.06696829,2.058454522961488
-43.48131,-0.06690262,2.057305695251592
-43.51476,-0.06684297,2.056162396391477
-43.54823,-0.06677616,2.055020171887583
-43.5816,-0.06668699,2.053883106632157
-43.61514,-0.06657515,2.052742001974544
-43.64874,-0.06649259,2.051600614359086
-43.68222,-0.06638963,2.0504650496243095
-43.71562,-0.06626925,2.049333931441439
-43.74918,-0.0661471,2.04819913424663
-43.78287,-0.06602728,2.0470616910220825
-43.81644,-0.06588956,2.0459300390447055
-43.84995,-0.06570295,2.0448021377447407
-43.88364,-0.06555118,2.043669914346212
-43.91731,-0.06543443,2.0425400986535833
-43.95104,-0.06532461,2.0414100053150053
-43.98476,-0.06520384,2.0402819794856217
-44.01842,-0.06504943,2.039157684442104
-44.05209,-0.06492815,2.0380347742865323
-44.08594,-0.06477388,2.0369075900389104
-44.11958,-0.06455316,2.035789112226363
-44.15331,-0.06435215,2.0346693532149684
-44.18723,-0.06421519,2.0335450106286364
-44.22098,-0.0640594,2.032428014937706
-44.25478,-0.06387247,2.0313110719339247
-44.28853,-0.06368559,2.0301974822826585
-44.32233,-0.06359258,2.029083942563489
-44.35625,-0.06353097,2.027968155558687
-44.38992,-0.06332856,2.02686227864344
-44.42358,-0.06309187,2.025758405783595
-44.45761,-0.06300034,2.0246440980520544
-44.4913,-0.06274562,2.0235426027110917
-44.52512,-0.0623964,2.022438533573857
-44.55901,-0.06227314,2.0213338604246367
-44.5929,-0.06222566,2.0202308663486788
-44.62651,-0.06200111,2.019138639790564
-44.66034,-0.06174287,2.0180409240055046
-44.6942,-0.06158002,2.016943898760913
-44.72803,-0.06140462,2.015849504214695
-44.76186,-0.06122393,2.0147567639057002
-44.7957,-0.06113945,2.013665351808321
-44.82954,-0.06102316,2.01257558743632
-44.86327,-0.06076674,2.0114910014361413
-44.89719,-0.06062318,2.010401949431579
-44.93103,-0.06062372,2.00931710445988
-44.96478,-0.06051242,2.008236771090618
-44.99851,-0.06032543,2.0071586970324127
-45.03232,-0.06014976,2.006079686767193
-45.06606,-0.05988044,2.0050045244691903
-45.09988,-0.05965059,2.0039284273040194
-45.13384,-0.05957995,2.0028494982921905
-45.1676,-0.05947847,2.00177853151374
-45.20133,-0.0592821,2.0007101140608032
-45.23512,-0.05905866,1.999641393678186
-45.26898,-0.05887942,1.9985720597194812
-45.30289,-0.05871639,1.9975027487208874
-45.33667,-0.05856791,1.9964391275318634
-45.37058,-0.0585467,1.9953730060316621
-45.40442,-0.05843849,1.9943106728375781
-45.43796,-0.05809944,1.9932593188602659
-45.47179,-0.05778007,1.9922004455949502
-45.50578,-0.05755501,1.991138149922933
-45.5396,-0.05730788,1.9900827411747137
-45.57352,-0.05708684,1.98902578514892
-45.60753,-0.05692583,1.9879676031567595
-45.64137,-0.05682775,1.9869162757384364
-45.67528,-0.05676642,1.985864336244901
-45.70903,-0.05655416,1.9848189099615547
-45.74289,-0.05632852,1.9837716265850278
-45.77683,-0.05632024,1.982723423618455
-45.81058,-0.05642697,1.9816826287726546
-45.84425,-0.05633387,1.9806458279936958
-45.87773,-0.05609165,1.9796163868613377
-45.91141,-0.05584342,1.978582311020289
-45.94524,-0.05568052,1.9775451559291017
-45.97908,-0.05559796,1.9765092211501405
-46.01282,-0.05551376,1.9754778646472877
-46.04649,-0.05536069,1.974450154615477
-46.08011,-0.05514483,1.9734254692534372
-46.11388,-0.05496417,1.9723977162624355
-46.14777,-0.05487324,1.971367823407285
-46.18137,-0.05475333,1.9703482356629958
-46.21515,-0.05453736,1.9693246803266895
-46.2489,-0.05438459,1.968303527219026
-46.28272,-0.05428192,1.967281750078647
-46.31639,-0.05421459,1.9662659870512362
-46.35016,-0.05422655,1.9652486895406618
-46.38388,-0.05411571,1.9642343762531294
-46.41733,-0.05376573,1.963229640739784
-46.45113,-0.05343273,1.9622158621329557
-46.48505,-0.05323419,1.9611999664408235
-46.51897,-0.05312043,1.9601855522596479
-46.55273,-0.05299948,1.9591773908855616
-46.58655,-0.052875,1.9581689028271034
-46.62044,-0.05278108,1.9571597951456483
-46.65416,-0.05267923,1.956157204416498
-46.68796,-0.05252966,1.9551536884455865
-46.72174,-0.05243626,1.9541522169337018
-46.75563,-0.05231577,1.9531489384273084
-46.78917,-0.05212609,1.9521574522480307
-46.82292,-0.05199741,1.9511611919974232
-46.85689,-0.05191841,1.9501598868384136
-46.89044,-0.05185365,1.9491723856717917
-46.92424,-0.0517801,1.9481789539905177
-46.95787,-0.05171214,1.9471919382203664
-46.99127,-0.0515627,1.946213071066179
-47.02504,-0.05139959,1.9452247738651578
-47.05869,-0.05133134,1.9442413994099708
-47.09241,-0.05128249,1.9432573890357276
-47.12608,-0.05122616,1.942276242793799
-47.15974,-0.05114697,1.941296788319868
-47.1931,-0.05098701,1.9403274419353678
-47.22676,-0.05090617,1.9393507663875313
-47.26041,-0.05081991,1.9383757716024892
-47.29402,-0.05073955,1.9374033207580998
-47.32768,-0.05065876,1.936430807510531
-47.36122,-0.05056711,1.9354631362958976
-47.39478,-0.05045664,1.9344962588707029
-47.42844,-0.05033848,1.9335278748362796
-47.46219,-0.05021347,1.9325582806018855
-47.49562,-0.05007656,1.9315992379928928
-47.52931,-0.04996534,1.9306341013576676
-47.56303,-0.04989125,1.9296694743795761
-47.59671,-0.04981164,1.9287073560336419
-47.63039,-0.049771,1.927746598337742
-47.66397,-0.04969388,1.9267900449752715
-47.69753,-0.04957692,1.9258354069906765
-47.73131,-0.04947308,1.924875866595742
-47.76473,-0.04935303,1.923927887795032
-47.79831,-0.04922722,1.9229767056617693
-47.83203,-0.04913889,1.9220229018086834
-47.86569,-0.04904223,1.9210721353854923
-47.89934,-0.04895686,1.9201229870808239
-47.93308,-0.04887049,1.9191726381864052
-47.96664,-0.04880318,1.918228685603161
-48.00021,-0.04871833,1.9172857722914127
-48.03384,-0.04861798,1.9163424952075454
-48.06743,-0.04854512,1.915401657629709
-48.10117,-0.04850556,1.914457941459636
-48.13457,-0.04839574,1.9135250382417461
-48.16823,-0.04833817,1.9125861818048948
-48.20187,-0.04831857,1.911649193278186
-48.23547,-0.04825387,1.9107146234917995
-48.26886,-0.04816766,1.909787183703945
-48.3026,-0.0481252,1.9088513247734076
-48.33598,-0.04807637,1.9079267369772994
-48.36942,-0.04798847,1.9070017668187877
-48.40291,-0.04794605,1.9060766945623726
-48.43657,-0.04790233,1.9051482154908985
-48.47005,-0.04783599,1.904225980786073
-48.50349,-0.04777751,1.9033061187968126
-48.53706,-0.04770204,1.9023839556825237
-48.57059,-0.04763022,1.9014641638077694
-48.60397,-0.04755237,1.9005497472737312
-48.63745,-0.04747743,1.899633852103677
-48.67098,-0.04742014,1.8987178519931178
-48.70462,-0.04736494,1.8978001142396757
-48.73802,-0.04728689,1.8968901773194724
-48.7717,-0.04723724,1.895973874193436
-48.80518,-0.0472087,1.8950642657193355
-48.83879,-0.04715893,1.8941523796965485
-48.87222,-0.04709436,1.8932466214958108
-48.90579,-0.04704722,1.8923383161789227
-48.93922,-0.04698678,1.8914350371746833
-48.97276,-0.04693655,1.8905300252630237
-49.00629,-0.04689574,1.8896265214118433
-49.0398,-0.0468362,1.888724790884139
-49.07315,-0.04676191,1.887828588545875
-49.10663,-0.04670778,1.8869301171756239
-49.14018,-0.04667351,1.8860309954094592
-49.17363,-0.04660713,1.885135775007865
-49.20718,-0.04656978,1.8842391008791806
-49.24062,-0.04652778,1.8833465825572464
-49.27408,-0.04647579,1.8824547429398986
-49.30765,-0.04643341,1.8815611877670095
-49.3412,-0.04638183,1.8806693797475535
-49.37468,-0.04632473,1.8797806406036455
-49.40807,-0.0462794,1.8788954901496862
-49.44159,-0.04625737,1.8780080960179477
-49.47513,-0.04622824,1.8771213759317056
-49.50847,-0.04618066,1.8762411340928127
-49.54195,-0.04613807,1.8753583881942473
-49.57536,-0.04610429,1.8744786765038115
-49.60881,-0.04606221,1.8735990986278446
-49.64241,-0.04603688,1.8727167697942142
-49.67593,-0.04601002,1.871837731070158
-49.70934,-0.0459616,1.8709627566972324
-49.74266,-0.04590442,1.8700913099540717
-49.77617,-0.04585122,1.869216070661925
-49.80957,-0.04580146,1.8683448762958603
-49.843,-0.04575246,1.8674740685753264
-49.87642,-0.04570637,1.8666046881472247
-49.91,-0.04566396,1.8657323181727108
-49.94339,-0.04560495,1.864866047338797
-49.97688,-0.04554775,1.8639983448346515
-50.01033,-0.04548721,1.8631328387555128
-50.04376,-0.04542282,1.8622690061658038
-50.0773,-0.04538711,1.8614034902041445
-50.11072,-0.04533842,1.860542223300723
-50.14421,-0.04527602,1.8596803040670098
-50.17757,-0.04523059,1.8588228744437005
-50.21106,-0.04518814,1.8579632495310792
-50.24461,-0.04514392,1.8571032335607738
-50.27809,-0.04509529,1.8562461561288428
-50.31169,-0.04505784,1.8553871535621242
-50.34529,-0.04502871,1.8545292975767942
-50.37868,-0.0449811,1.853677936778018
-50.41214,-0.04493276,1.8528259224861312
-50.44588,-0.04489677,1.8519679228511823
-50.47917,-0.04484493,1.8511224907224109
-50.5126,-0.04478095,1.8502746245491224
-50.54614,-0.04473244,1.8494250955661502
-50.57964,-0.04469141,1.8485777043885645
-50.6131,-0.04464985,1.8477324447623245
-50.64664,-0.04459451,1.8468862850526708
-50.68007,-0.04452699,1.8460440149352597
-50.71358,-0.04445189,1.8452008436399088
-50.74712,-0.04439042,1.8443580325346542
-50.78062,-0.04432539,1.8435173379135583
-50.81409,-0.04424214,1.8426785031474537
-50.8476,-0.04416333,1.841839772181971
-50.88103,-0.04409344,1.8410041443736498
-50.91461,-0.04404413,1.8401658718391438
-50.94817,-0.04398261,1.839329202599426
-50.9818,-0.04392551,1.8384918931854113
-51.01529,-0.04389099,1.8376591664969464
-51.04881,-0.04384918,1.8368267879310016
-51.08255,-0.04383429,1.8359900494395838
-51.11595,-0.04381128,1.8351628307798253
-51.1494,-0.04375687,1.8343354565253942
-51.18292,-0.04370472,1.8335074356836225
-51.21645,-0.04368564,1.832680252145551
-51.25003,-0.04366884,1.8318529198909737
-51.28333,-0.043629,1.8310335561282778
-51.3169,-0.04359977,1.830208625228726
-51.35024,-0.04354336,1.8293904137546386
-51.38374,-0.04350042,1.8285693450885434
-51.41731,-0.04348083,1.8277476340166374
-51.45071,-0.04344628,1.8269311482776427
-51.48407,-0.04340103,1.8261166978445953
-51.51755,-0.04336101,1.8253003782206259
-51.55095,-0.04329565,1.8244870657087793
-51.58444,-0.04322396,1.8236726191076222
-51.61797,-0.04316818,1.8228582584708386
-51.65154,-0.04311747,1.8220439855229875
-51.68483,-0.04306738,1.8212375488126789
-51.71834,-0.04300572,1.820426831178263
-51.75172,-0.04295305,1.8196203024749709
-51.78517,-0.04290496,1.8188131254565736
-51.81856,-0.04285334,1.8180084355875579
-51.85231,-0.04281925,1.8171961229885416
-51.8858,-0.04278818,1.8163911127900119
-51.91937,-0.04276123,1.8155852218545796
-51.95281,-0.04272851,1.8147834871684516
-51.98621,-0.04269085,1.8139837410728727
-52.01971,-0.04267371,1.8131826321215554
-52.05313,-0.04264403,1.8123844637200492
-52.08653,-0.04261323,1.8115877963074136
-52.12003,-0.04259561,1.8107897693075006
-52.15341,-0.04258416,1.8099956206123435
-52.18701,-0.04257173,1.8091972638401779
-52.22044,-0.04253954,1.8084039659566251
-52.25388,-0.04251355,1.807611446269636
-52.28729,-0.0425031,1.8068206499132007
-52.32054,-0.04247125,1.8060346433733292
-52.35399,-0.04244468,1.8052449163855515
-52.38733,-0.04241697,1.8044587899402393
-52.42069,-0.04237275,1.8036731927794158
-52.45395,-0.04233368,1.8028909452958262
-52.48747,-0.0422946,1.8021035858653502
-52.52094,-0.04225996,1.801318403669089
-52.55435,-0.04223724,1.8005356264514734
-52.58763,-0.04221183,1.7997568838907552
-52.62102,-0.04218901,1.7989765572769207
-52.65445,-0.04217298,1.7981962873033526
-52.68784,-0.04213858,1.797417939319585
-52.72121,-0.04211403,1.7966410425709123
-52.75467,-0.04211333,1.7958630373386848
-52.78809,-0.04211418,1.7950869466957413
-52.82155,-0.04211553,1.7943109109823547
-52.85504,-0.04212094,1.7935351633448766
-52.88844,-0.04211823,1.7927624789084344
-52.92172,-0.04210634,1.7919935406483387
-52.95505,-0.04209409,1.7912244158017034
-52.98837,-0.04207782,1.790456488848402
-53.02191,-0.04208076,1.789684466289502
-53.05524,-0.04208415,1.7889182444561555
-53.08856,-0.04206851,1.7881532141764627
-53.12183,-0.04205858,1.7873902894535072
-53.15515,-0.04205917,1.786627175353658
-53.18855,-0.04206352,1.785863188599802
-53.22191,-0.0420679,1.7851010739749849
-53.2553,-0.04205644,1.7843392300860197
-53.28857,-0.04204275,1.7835810737649744
-53.32193,-0.04203977,1.782821816464633
-53.35532,-0.04203244,1.7820628270995282
-53.38864,-0.04202638,1.7813063752888256
-53.42206,-0.04202585,1.7805486010835225
-53.45538,-0.04201753,1.7797940375692773
-53.48865,-0.04199838,1.7790415443276282
-53.52193,-0.0419724,1.7782897608512998
-53.55527,-0.04196176,1.7775375588620879
-53.58847,-0.04195321,1.776789445565436
-53.62206,-0.04195018,1.7760334869641339
-53.65534,-0.04194579,1.77528543850435
-53.68871,-0.04194037,1.7745362982273183
-53.72211,-0.04194478,1.7737874163915004
-53.75554,-0.04195141,1.7730387937689769
-53.78891,-0.04194429,1.7722924428102371
-53.8223,-0.04192866,1.77154657084517
-53.85564,-0.04191157,1.7708027385803975
-53.88911,-0.04190645,1.7700569317251666
-53.92244,-0.0419002,1.7693151645214868
-53.95569,-0.04187868,1.7685760908627062
-53.98915,-0.04186978,1.7678332683511409
-54.02251,-0.04186872,1.7670935819161309
-54.05585,-0.04185464,1.7663552510967824
-54.0891,-0.04181956,1.7656198198897743
-54.12239,-0.04179246,1.7648844092066147
-54.15576,-0.04179301,1.7641481386282827
-54.18929,-0.0417977,1.763409251163837
-54.22261,-0.04180162,1.7626758966416407
-54.25604,-0.04179575,1.7619410262894233
-54.28948,-0.04177034,1.7612068415464655
-54.32291,-0.0417505,1.7604737798472136
-54.35631,-0.04173465,1.7597422764716737
-54.38957,-0.04171387,1.7590147320524872
-54.42302,-0.04170746,1.7582839283817768
-54.45641,-0.04170517,1.7575553309518566
-54.48984,-0.0416854,1.7568267552262955
-54.52306,-0.04165172,1.7561036412849904
-54.55635,-0.04162723,1.7553798870342314
-54.58968,-0.04160889,1.7546561474623044
-54.62306,-0.04158803,1.7539322073864043
-54.65668,-0.0415819,1.753203956039774
-54.69008,-0.0415758,1.7524813567652489
-54.7234,-0.04156346,1.7517613671665138
-54.75679,-0.04155305,1.751040743988097
-54.78998,-0.04153423,1.750325307656619
-54.82338,-0.04152611,1.749606219098494
-54.85684,-0.0415327,1.7488867167704156
-54.89015,-0.04152635,1.748171311246189
-54.92346,-0.04151715,1.7474567734807676
-54.95676,-0.04151053,1.746743316017902
-54.99017,-0.04150211,1.7460283701614308
-55.02362,-0.04148976,1.7453134381198474
-55.05699,-0.04149213,1.74460108153388
-55.09032,-0.04149364,1.7438904402806155
-55.12367,-0.04148234,1.7431802327384953
-55.15704,-0.04146892,1.7424704588933704
-55.19038,-0.04145883,1.7417621802930148
-55.22374,-0.04145889,1.7410543327923822
-55.25713,-0.04145448,1.7403467045791197
-55.29047,-0.04143409,1.739640988763525
-55.32381,-0.04141283,1.7389361235243919
-55.35722,-0.0414075,1.738230630078606
-55.39075,-0.04141137,1.737523458339163
-55.42407,-0.0413904,1.7368215632666457
-55.45731,-0.04135146,1.7361221938099773
-55.49075,-0.04132721,1.7354194618021923
-55.52416,-0.04130997,1.7347182055523218
-55.55762,-0.0412863,1.7340167451377506
-55.59079,-0.04126744,1.7333221977957138
-55.62416,-0.04123937,1.7326242985062605
-55.65764,-0.04122196,1.7319249396848302
-55.69115,-0.04121549,1.7312257961992166
-55.72443,-0.04120392,1.7305322835962613
-55.7578,-0.04119901,1.7298377267395773
-55.79125,-0.04120982,1.7291423386283693
-55.82484,-0.04121915,1.7284448786597508
-55.85811,-0.04122045,1.727754890024027
-55.89174,-0.04123406,1.7270582701486838
-55.92499,-0.04124578,1.7263703453500843
-55.95825,-0.04124286,1.7256830315458398
-55.99173,-0.04124857,1.7249919961394298
-56.0251,-0.04125351,1.724304053004814
-56.05838,-0.0412524,1.7236187809922443
-56.09166,-0.04125473,1.7229343221434346
-56.12489,-0.04124955,1.7222517015178114
-56.15817,-0.04123664,1.72156886344409
-56.19156,-0.04123827,1.720884581243162
-56.22485,-0.0412286,1.7202031575006425
-56.25815,-0.04121257,1.719522335874891
-56.29146,-0.0411934,1.718842115660173
-56.32477,-0.04116609,1.7181626999985973
-56.35817,-0.04114897,1.7174822550128934
-56.39148,-0.04113887,1.7168044463454408
-56.42488,-0.04113358,1.7161256098373623
-56.45813,-0.04112054,1.715450619777878
-56.49147,-0.04110243,1.7147746004839313
-56.52486,-0.04109285,1.714098366630187
-56.55821,-0.04108526,1.7134237398955872
-56.59164,-0.04106961,1.7127482928573903
-56.625,-0.04104786,1.712075055187638
-56.65846,-0.04103459,1.7114005957804008
-56.69185,-0.04102796,1.710728341022563
-56.72531,-0.04102299,1.7100554708295115
-56.75871,-0.04100933,1.709384598416701
-56.79199,-0.04098588,1.7087169211714541
-56.82539,-0.04096412,1.7080476227263905
-56.8588,-0.04095665,1.7073789105644157
-56.89224,-0.04094549,1.7067103844039186
-56.92551,-0.0409162,1.7060460363025292
-56.95894,-0.04089769,1.70537927496544
-56.99239,-0.04089855,1.704712897634228
-57.02576,-0.04089897,1.7040488929915183
-57.05925,-0.0408996,1.7033832814136183
-57.09259,-0.04089535,1.7027214267210509
-57.12605,-0.04089757,1.7020579665494115
-57.15938,-0.0408959,1.701397856309848
-57.19276,-0.04089424,1.700737526917743
-57.22603,-0.04088703,1.7000801401040748
-57.25931,-0.04088128,1.6994233199806286
-57.29271,-0.0408838,1.698764898710499
-57.32611,-0.04088439,1.6981072446743726
-57.35931,-0.04087482,1.697454287717199
-57.39258,-0.04085883,1.6968007118690256
-57.42584,-0.04084659,1.6961480894315173
-57.45924,-0.04084117,1.6954934802479111
-57.49246,-0.04082609,1.6948431533456736
-57.52586,-0.04081934,1.694190059913924
-57.55919,-0.0408147,1.6935390908037449
-57.59247,-0.04080517,1.6928898500099057
-57.62592,-0.04079347,1.6922380484337602
-57.65915,-0.04077932,1.6915912825631318
-57.69252,-0.04076851,1.6909425415981136
-57.72594,-0.04075642,1.6902935803210828
-57.75934,-0.04074723,1.6896457577250708
-57.79271,-0.04074256,1.688999264786164
-57.82602,-0.04073826,1.6883546783956427
-57.85942,-0.0407252,1.6877090955975707
-57.89282,-0.04071368,1.6870642577093324
-57.92613,-0.04069534,1.6864218980277124
-57.95952,-0.04066298,1.6857787366078947
-57.99291,-0.04062614,1.6851363158013624
-58.02628,-0.04059542,1.6844950184640477
-58.05972,-0.04056691,1.6838531153784415
-58.09316,-0.04054187,1.6832119512865198
-58.1266,-0.04052202,1.6825715249128623
-58.15985,-0.04049252,1.6819354675089428
-58.19324,-0.04046177,1.6812974634167128
-58.22667,-0.04044551,1.6806594280593412
-58.26,-0.04043013,1.680024030209406
-58.29346,-0.04041757,1.6793868849095595
-58.32706,-0.04041561,1.6787478093358383
-58.3605,-0.04042463,1.6781125076036019
-58.394,-0.04043256,1.677476795561188
-58.42743,-0.04044295,1.676843138573783
-58.46082,-0.04044858,1.6762109631715738
-58.49422,-0.04044026,1.6755793204867078
-58.52757,-0.0404359,1.6749493426773059
-58.56093,-0.04044019,1.674319893826823
-58.59419,-0.04043781,1.6736930453343581
-58.62747,-0.04042801,1.6730665317810915
-58.6609,-0.04042127,1.672437910090026
-58.69426,-0.04041123,1.6718113185173475
-58.72755,-0.04040313,1.6711867513628613
-58.76093,-0.0403903,1.670561206230058
-58.79424,-0.04036288,1.6699376809701088
-58.82767,-0.04035567,1.6693126193847214
-58.86108,-0.04035462,1.6686886411190551
-58.89441,-0.04035114,1.6680668623728465
-58.9277,-0.04033681,1.6674465319365934
-58.96104,-0.04032495,1.6668259718620972
-58.99442,-0.04031924,1.666205369931597
-59.02782,-0.04031205,1.6655850986873646
-59.06117,-0.04030181,1.6649664559642146
-59.09441,-0.04028547,1.6643505485544234
-59.12799,-0.04027105,1.6637290444001227
-59.16145,-0.0402517,1.6631104629788487
-59.19487,-0.04023459,1.6624933191001179
-59.22827,-0.04022638,1.6618772403786233
-59.26157,-0.0402125,1.661263697536194
-59.29495,-0.04018832,1.6606493723327196
-59.32831,-0.04017326,1.6600361058658168
-59.36163,-0.04016399,1.6594242627771507
-59.39504,-0.04016524,1.6588114563101564
-59.42842,-0.04017123,1.6581998882016382
-59.46164,-0.04016362,1.657591933219467
-59.49509,-0.04016348,1.6569804550257845
-59.52861,-0.04016887,1.6563683865623604
-59.56207,-0.04017617,1.6557581007510316
-59.59532,-0.04016855,1.6551523240415524
-59.62872,-0.04016595,1.6545444946663284
-59.66211,-0.04016179,1.6539375275195596
-59.69542,-0.04014934,1.653332691184684
-59.72864,-0.04013036,1.6527301609412168
-59.76189,-0.04009785,1.6521277573383304
-59.7955,-0.04006584,1.651519512337885
-59.82892,-0.04003825,1.6509153833965247
-59.86232,-0.04002261,1.6503122899346367
-59.89548,-0.03998906,1.649714195461828
-59.92873,-0.03993749,1.6491151422698263
