Temp./°C,DSC/(mW/mg),DSC/(mW/mg) corr,melting enthalpy/(J/g)
-22.52614,0.04942931,-0.0001452768083225267,282.39395606076414
-22.49315,0.04944807,-0.0001414030610887851,282.4754908800968
-22.4601,0.0494578,-0.00014655931385503668,282.55715689956173
-22.42687,0.04949016,-0.00012907663665563673,282.63925045068424
-22.39363,0.04952421,-0.00010991288942189398,282.7213514063629
-22.36055,0.04953474,-0.00011426914218815032,282.8030399929515
-22.32741,0.04952879,-0.00013509646498873623,282.8848595618776
-22.29414,0.0495294,-0.00014937271775500305,282.96698278860094
-22.2609,0.0495372,-0.0001564589705212588,283.04901465321774
-22.22751,0.04955254,-0.00015599629332185838,283.1313992777352
-22.19424,0.04956909,-0.00015433254608810537,283.2134704557394
-22.1608,0.04957389,-0.0001644187988543641,283.29594352650884
-22.12741,0.04958086,-0.0001723261216549643,283.37827580999755
-22.09407,0.04958536,-0.0001827123744212178,283.4604673846389
-22.06064,0.04958908,-0.000193878627187484,283.5428633546489
-22.02727,0.04958745,-0.00021038594998807475,283.6250939867978
-21.99381,0.04959622,-0.00021650220275432758,283.70752888878496
-21.96047,0.04961276,-0.00021484845552059012,283.7896507102784
-21.92714,0.04962382,-0.0002186657783211851,283.8717305010217
-21.89381,0.04962788,-0.00022949203108744293,283.95379289524493
-21.86049,0.04962984,-0.00024241828385370562,284.0358132795961
-21.82703,0.04963002,-0.0002571156066542915,284.11816079159837
-21.79364,0.04963906,-0.0002629618594205546,284.20031855095965
-21.7603,0.04964964,-0.0002672681121868095,284.28233586281533
-21.72694,0.04965911,-0.0002726754349874072,284.36438495259097
-21.69356,0.04968127,-0.00026540168775366496,284.4464657889418
-21.66028,0.04969216,-0.00026939794051992344,284.52828335661815
-21.62703,0.04969541,-0.0002810252633205085,284.61000984955837
-21.59381,0.04971133,-0.0002799915160867708,284.69164531462496
-21.56053,0.04973441,-0.00027179776885303403,284.7734108961126
-21.52727,0.04975962,-0.0002614650916536315,284.8551100108978
-21.49382,0.04980444,-0.00023153134441988854,284.9372583651535
-21.46062,0.04983863,-0.0002122275971861362,285.01877542955816
-21.42734,0.04984636,-0.00021937491998673397,285.10047159710604
-21.39406,0.04986211,-0.0002185111727529901,285.1821504202894
-21.3609,0.04989127,-0.00020423742551925472,285.2635174778177
-21.32753,0.04992719,-0.00018319474831984123,285.34538244389597
-21.29428,0.04996362,-0.0001616510010861022,285.4269356755749
-21.26112,0.04998042,-0.00015973725385236281,285.5082509187861
-21.22792,0.04999174,-0.00016329457665295588,285.5896469996683
-21.19467,0.05000873,-0.00016119082941921242,285.67114836491834
-21.1615,0.05001525,-0.00016955708218547444,285.75243638598255
-21.12824,0.05002902,-0.00017066440498606644,285.83392766535377
-21.09479,0.0500725,-0.00014207065775231897,285.91586699692175
-21.06157,0.05011549,-0.00011396691051858421,285.9972255773279
-21.02843,0.05013904,-0.00010529423331917531,286.0783710114858
-20.99518,0.05014672,-0.00011250048608543728,286.1597685032903
-20.96201,0.05017114,-0.00010296673885169111,286.24095290083005
-20.92864,0.05020387,-8.511406165228469e-05,286.32260941728566
-20.89536,0.05022277,-8.110031441854043e-05,286.40402833558323
-20.86206,0.05024273,-7.602656718480594e-05,286.48547882351664
-20.82871,0.05026064,-7.29938899853913e-05,286.5670342051321
-20.7955,0.05026196,-8.656014275165713e-05,286.6482299174425
-20.76225,0.05026216,-0.00010124639551791631,286.7295061237607
-20.72905,0.05027186,-0.00010642371831850322,286.8106428361435
-20.69579,0.05028073,-0.00011243997108476012,286.8919088732403
-20.66243,0.05030266,-0.00010539622385102171,286.97340184425667
-20.62936,0.05029785,-0.00012508354665161786,287.05416919190486
-20.59601,0.05029887,-0.0001389497994178715,287.13560304338563
-20.5627,0.05031183,-0.00014087605218413013,287.2169218369993
-20.52939,0.05032503,-0.00014255337498472742,287.29822325496446
-20.49599,0.05034846,-0.00013400962775098751,287.37972689439283
-20.46259,0.0503726,-0.00012475588051724662,287.4612130641516
-20.42922,0.05038373,-0.00012850320331783682,287.5426085966003
-20.39601,0.05038634,-0.0001407794560840947,287.62359654670564
-20.36266,0.0504053,-0.00013670570885035427,287.70490852858205
-20.32945,0.05041004,-0.00014684303165093948,287.7858618629214
-20.2961,0.05041557,-0.00015619928441720776,287.8671390831057
-20.26283,0.05042785,-0.00015880553718346235,287.9482039806623
-20.22943,0.05044559,-0.00015594285998406232,288.029568197482
-20.19617,0.05047615,-0.00014026911275031445,288.1105740067025
-20.16284,0.05049963,-0.0001316753655165731,288.1917329249424
-20.12949,0.05052007,-0.00012611268831716482,288.27292313122143
-20.09616,0.05054681,-0.00011425894108342549,288.354047245982
-20.06288,0.05055908,-0.0001168751938496887,288.43503230500687
-20.02965,0.05055949,-0.00013134251665027769,288.51587838647083
-19.99629,0.05057581,-0.00012990876941653545,288.5970233542272
-19.963,0.05060498,-0.00011562502218279147,288.67798068073
-19.92975,0.05062628,-0.00010920234498338482,288.7588234084606
-19.8965,0.05062793,-0.00012243859774964394,288.83964882308254
-19.86342,0.05062066,-0.00014459485051591253,288.9200438144252
-19.83009,0.05063472,-0.00014541217331649064,289.0010290545346
-19.79681,0.05064899,-0.0001460284260827588,289.08187544724115
-19.76354,0.05065138,-0.0001585246788490119,289.1626802106136
-19.73021,0.05067676,-0.00014802200164960866,289.24361331857676
-19.69684,0.0507008,-0.00013886825441587064,289.32462612813276
-19.66356,0.0507125,-0.00014205450718212526,289.40540307562975
-19.63036,0.05072173,-0.00014770182998271458,289.4859685658972
-19.59703,0.05072721,-0.00015710808274897042,289.5668321608524
-19.56372,0.05074708,-0.00015212433551523713,289.64762985193335
-19.53044,0.05075734,-0.0001567416583158343,289.7283374219721
-19.49719,0.05075044,-0.00017852791108208949,289.80895491787356
-19.46387,0.05075089,-0.00019296416384834147,289.88972476699894
-19.43051,0.05075739,-0.00020134148664893714,289.97057416132543
-19.39739,0.05075526,-0.00021835773941519115,290.0508246651013
-19.36391,0.05076015,-0.00022835399218146257,290.13192999787816
-19.3307,0.05076946,-0.00023392131498204544,290.2123639137033
-19.29744,0.05077001,-0.00024825756774830843,290.2929016179653
-19.26407,0.05076965,-0.0002635038205145643,290.37368827308484
-19.23082,0.05077376,-0.0002742711433151579,290.45416707145915
-19.19748,0.05078622,-0.000276697396081417,290.5348463237164
-19.16408,0.05080449,-0.00027331364884767423,290.61565331561064
-19.13075,0.05082572,-0.00026696097164827237,290.69627353674565
-19.0974,0.05084103,-0.00026653722441451894,290.77692472266926
-19.06413,0.05084871,-0.00027374347718078784,290.8573650876965
-19.03084,0.05087171,-0.0002656207999813809,290.93783645924316
-18.99757,0.05088364,-0.0002685770527476386,291.0182421459647
-18.9642,0.05090478,-0.0002623233055139007,291.09887209675884
-18.93085,0.05093577,-0.0002462106283144874,291.17943630011285
-18.89758,0.05094877,-0.0002480968810807463,291.2597898912244
-18.86433,0.05096308,-0.00024867313384700773,291.3400778600881
-18.83106,0.05098164,-0.0002449904566475952,291.4203967937342
-18.79778,0.05099107,-0.0002504467094138624,291.5007225271707
-18.76437,0.05100831,-0.00024809296218011867,291.5813445868793
-18.73119,0.05102466,-0.00024662028498070865,291.66139433087
-18.69792,0.05103318,-0.00025298653774696866,291.7416438974843
-18.66458,0.0510425,-0.0002585527905132265,291.8220449203068
-18.63139,0.05105833,-0.0002576001133138203,291.9020669212096
-18.59808,0.05108821,-0.00024260636608007535,291.9823609010555
-18.56477,0.05112461,-0.0002210926188463344,292.0626375052528
-18.53156,0.0511367,-0.00022387994164693031,292.1426558134569
-18.49825,0.05114815,-0.00022731619441318518,292.2228977185207
-18.46491,0.051167,-0.0002233524471794493,292.3031944927576
-18.43164,0.05117632,-0.00022890976998004436,292.3833053253084
-18.39836,0.05119227,-0.00022784602274629473,292.46342289510045
-18.3651,0.05121977,-0.0002152322755125599,292.5434749885817
-18.3317,0.05124374,-0.0002061395983131431,292.6238466091113
-18.29846,0.05124114,-0.0002236258510794134,292.7038158715504
-18.26527,0.05123034,-0.0002493121038456697,292.7836475796063
-18.23204,0.05122815,-0.00026637942664626407,292.8635582175427
-18.19865,0.05124388,-0.0002655356794125166,292.9438362019299
-18.16542,0.05125341,-0.00027089193217877394,293.02371217203074
-18.13202,0.05126559,-0.00027358925497936865,293.10397935113446
-18.09871,0.05128344,-0.0002706255077456268,293.1840128423101
-18.06548,0.05128949,-0.00027946176051189126,293.26383680545393
-18.03224,0.05127874,-0.0003050890833124764,293.3436674901602
-17.99883,0.05128507,-0.00031364533607873557,293.42388901888154
-17.96547,0.05130899,-0.0003046115888450038,293.50397305052735
-17.93211,0.05132212,-0.00030635891164558504,293.5840396543221
-17.8988,0.05133047,-0.0003128951644118458,293.66396886552485
-17.86552,0.0513411,-0.0003171514171781131,293.74380873786475
-17.83215,0.05136229,-0.0003108387399787041,293.8238471085358
-17.79887,0.05138992,-0.00029809499274495443,293.90365224524186
-17.76558,0.05140402,-0.00029888124551121636,293.983464009674
-17.73235,0.05141789,-0.00029988856831181243,294.06311461802886
-17.69896,0.05144242,-0.0002902448210780756,294.14313132081105
-17.66579,0.05145723,-0.00029032107384432265,294.22260352258223
-17.63245,0.05146574,-0.00029668839664491464,294.3024656657904
-17.59915,0.05149326,-0.0002840546494111834,294.3822146179428
-17.56584,0.05151701,-0.00027519090217743153,294.4619701456891
-17.53256,0.05154085,-0.00026622822497802956,294.54163649099735
-17.49934,0.05156096,-0.00026100447774429075,294.6211419095893
-17.4661,0.05157631,-0.00026054073051055143,294.70067789668565
-17.43279,0.05159317,-0.0002585580533111323,294.78036402094847
-17.39949,0.05159572,-0.0002708943060774002,294.86000885480337
-17.36621,0.05160192,-0.00027958055884366034,294.93958850434717
-17.33289,0.0516319,-0.0002644778816442567,295.0192464268611
-17.29962,0.05165635,-0.0002549141344105124,295.09876746770937
-17.2664,0.05164958,-0.00027657038717676663,295.1781517050432
-17.23302,0.05166603,-0.00027499770997736067,295.2579008797513
-17.19984,0.05167501,-0.0002809039627436269,295.3371549361196
-17.16663,0.0516645,-0.00030630021550987624,295.4164633870895
-17.13335,0.05166395,-0.0003217275383104734,295.4959216781979
-17.10005,0.05168234,-0.0003182237910767313,295.57541036068045
-17.06661,0.05170993,-0.0003055200438429814,295.6552157549348
-17.03331,0.05172149,-0.0003088373666435759,295.7346696339757
-17.00011,0.05171187,-0.0003333436194098427,295.81386762570526
-16.96678,0.05171743,-0.00034266987217610595,295.89335836745954
-16.9334,0.05174365,-0.00033132719497667995,295.9729509215652
-16.90025,0.05175646,-0.00033340344774294983,296.0519777860106
-16.86687,0.05178276,-0.0003219897005092148,296.13153556283623
-16.83348,0.05181581,-0.0003038170233098103,296.2110997170316
-16.80019,0.05184004,-0.0002944732760760613,296.2904082029974
-16.76698,0.05185611,-0.0002932895288423193,296.3695088085513
-16.7336,0.05186962,-0.0002946568516429132,296.44899692104315
-16.70027,0.0519013,-0.00027786310440917894,296.5283485584892
-16.66689,0.05193642,-0.0002576293571754304,296.60780179960943
-16.63356,0.05196189,-0.00024703667997602596,296.68711861791775
-16.60027,0.05198088,-0.00024293293274228744,296.7663228813092
-16.56712,0.05199418,-0.0002445191855085377,296.8451768083109
-16.53383,0.05201545,-0.00023812650830912913,296.9243464351085
-16.5005,0.05204564,-0.00022282276107539467,297.0035938030426
-16.46721,0.05207505,-0.00020829901384165905,297.08272869940845
-16.43391,0.05212033,-0.0001778963366422387,297.1618700045361
-16.40059,0.05216135,-0.0001517625894085009,297.2410414611144
-16.36739,0.0521832,-0.00014479884217476202,297.3199104941233
-16.33418,0.05220231,-0.0001405661649753545,297.3987860139871
-16.30092,0.05222255,-0.0001352124177416078,297.4777629760127
-16.26759,0.05225105,-0.00012159867050787199,297.5568887770846
-16.23433,0.05228376,-0.00010376599330846892,297.6358310556021
-16.20113,0.05230575,-9.66622460747274e-05,297.7146136480419
-16.1678,0.05230667,-0.00011062849884097697,297.7936873639428
-16.1346,0.05232392,-0.00010825582164156883,297.87243536663726
-16.10149,0.05234054,-0.00010652207440783878,297.9509527048766
-16.0681,0.0523511,-0.0001108483271740901,298.03011665151365
-16.03487,0.05237165,-0.00010517564997467727,298.10888392217066
-16.00145,0.05240317,-8.854190274094204e-05,298.1880841215375
-15.96816,0.0524301,-7.649815550720557e-05,298.26695885245874
-15.93489,0.05244191,-7.956547830778593e-05,298.3457688577863
-15.9016,0.0524487,-8.766173107405129e-05,298.4246088895553
-15.86836,0.05245826,-9.298798384031054e-05,298.5033131916284
-15.83482,0.05248605,-8.007530664090601e-05,298.5827102836944
-15.80174,0.05249637,-8.46415594071559e-05,298.6610011915739
-15.76836,0.05250804,-8.785781217342248e-05,298.7399847433885
-15.735,0.05252636,-8.441513497401548e-05,298.81890353824997
-15.7018,0.05253113,-9.453138774027231e-05,298.89742652303084
-15.66847,0.05253338,-0.00010716764050653499,298.97623961473676
-15.63524,0.05254615,-0.00010927496330712105,299.054798925215
-15.60191,0.05255997,-0.00011034121607338826,299.13357727607547
-15.56859,0.05257745,-0.00010774746883963904,299.2123146023753
-15.53523,0.05260176,-9.831479164023466e-05,299.2911290338728
-15.50194,0.05261512,-9.984104440649566e-05,299.36976071433105
-15.46867,0.05262465,-0.000105197297172753,299.4483278152156
-15.43538,0.05263512,-0.00010960461997333582,299.5269247965213
-15.40202,0.05265298,-0.00010663087273959926,299.60566963677053
-15.3687,0.05267422,-0.00010027712550586543,299.68430266222737
-15.3354,0.05268719,-0.00010218444830645962,299.76287111855726
-15.30208,0.0527059,-9.836070107270556e-05,299.84146938228434
-15.26875,0.05273138,-8.776695383896915e-05,299.9200738410156
-15.23555,0.05274493,-8.909427663956332e-05,299.9983544168265
-15.20219,0.05276305,-8.586052940583178e-05,300.0769948623666
-15.16893,0.05278588,-7.791678217208137e-05,300.1553822255895
-15.13567,0.05280026,-7.841410497266832e-05,300.2337522652881
-15.1024,0.05280873,-8.483035773893671e-05,300.31212853649924
-15.06908,0.05281497,-9.347661050518319e-05,300.3906052228768
-15.03584,0.05283327,-9.005393330577954e-05,300.46887616632114
-15.00243,0.05285162,-8.659018607204416e-05,300.5475299767646
-14.96922,0.05285958,-9.351643883830085e-05,300.62569562379224
-14.93593,0.05287751,-9.04637616388898e-05,300.70403223112487
-14.90263,0.05288582,-9.704001440515031e-05,300.78237500742074
-14.86937,0.05289982,-9.792626717141512e-05,300.8606063443383
-14.83608,0.05291593,-9.669358997201061e-05,300.93889089772915
-14.80275,0.05293787,-8.963984273826359e-05,301.01725212878563
-14.76936,0.05296424,-7.815609550452379e-05,301.0957369806408
-14.73604,0.05298962,-6.765341830511362e-05,301.1740398896771
-14.70287,0.05300349,-6.866967107137939e-05,301.25197302576504
-14.66942,0.05302918,-5.786592383762862e-05,301.330546575042
-14.63631,0.05304215,-5.977324663822281e-05,301.408304213642
-14.60298,0.05305082,-6.598949940449239e-05,301.48656117518647
-14.56966,0.05307655,-5.514575217073492e-05,301.5647772686029
-14.53642,0.05309251,-5.4063074971327785e-05,301.6427882447595
-14.50316,0.05310744,-5.401932773759638e-05,301.7208288406128
-14.46993,0.05311999,-5.635558050386125e-05,301.79878174497566
-14.4366,0.05314343,-4.7792903304443024e-05,301.87695186484524
-14.40331,0.05316513,-4.097915607070152e-05,301.9550108059738
-14.36998,0.05318318,-3.781540883696782e-05,302.0331461536809
-14.33675,0.05319811,-3.7762731637559777e-05,302.11102975359563
-14.30336,0.05322579,-2.496898440380868e-05,302.18927093992244
-14.27004,0.05326141,-4.235237170073514e-06,302.2673306942595
-14.23674,0.05328884,8.317440029333156e-06,302.3453262235699
-14.20345,0.05331799,2.2581187263073788e-05,302.4232809734035
-14.17015,0.05336052,5.0224934496821694e-05,302.50124177749393
-14.13683,0.05340822,8.304761169622421e-05,302.57923202402515
-14.10356,0.05344437,0.00010431135892995796,302.6570878914057
-14.07027,0.05348117,0.0001262251061637104,302.7349732116552
-14.03697,0.05350692,0.00013709778336311318,302.81286456530563
-14.00368,0.05354111,0.00015640153059685857,302.8907151707631
-13.97041,0.05357238,0.00017278527783059355,302.9685016659017
-13.93721,0.05360548,0.00019100795503000645,303.0461072191666
-13.90385,0.05365693,0.00022757170226374301,303.1240693890399
-13.87065,0.05368717,0.0002429254494974789,303.2016403369618
-13.83754,0.05368614,0.00022701812669689153,303.27898381124
-13.80425,0.05368273,0.00020872187393063818,303.3567304495706
-13.77107,0.05369799,0.0002090956211643763,303.43420292116144
-13.73769,0.05373294,0.00022916829836377994,303.5121249792224
-13.70436,0.05377151,0.00025285204559751667,303.5899129080348
-13.67116,0.05380493,0.00027138579283127184,303.667380138712
-13.6378,0.0538452,0.0002967784700306786,303.74520331938277
-13.60466,0.05386352,0.00030021221726440894,303.82249602180684
-13.57143,0.053873,0.0002948059644981571,303.8999813631224
-13.53813,0.05390318,0.0003101086416975665,303.97761258268724
-13.50484,0.05394182,0.00033386238893130804,304.0552031321776
-13.47139,0.05398786,0.0003650161361650403,304.1331491209937
-13.43825,0.05401876,0.00038103881336445933,304.21035546122073
-13.40501,0.05402742,0.000374812560598195,304.2877774950262
-13.37166,0.05407058,0.0004030863078319305,304.3654383502517
-13.33846,0.05411493,0.00043255898503134077,304.4427326062064
-13.30525,0.05412777,0.00043051273226508285,304.5200328746857
-13.27199,0.05414531,0.00043316647949882825,304.5974322136744
-13.23875,0.05416086,0.00043383915669822914,304.6747677027657
-13.20543,0.05417351,0.00043160290393196715,304.7522719529733
-13.17217,0.05418788,0.00043108665116571576,304.82961930055535
-13.13884,0.0542131,0.00044142932836511994,304.90711205744793
-13.10552,0.05424698,0.000460423075598862,304.98456417549676
-13.07207,0.05428224,0.00048079682283261316,305.06230098971525
-13.03902,0.05428772,0.00047139950003201314,305.13909100675215
-13.00578,0.05428628,0.0004550732472657498,305.2163052260122
-12.97246,0.05431082,0.00046472699449948834,305.29368791452396
-12.93913,0.05433774,0.00047676967169891366,305.37107643322156
-12.90578,0.05437166,0.0004958034189326485,305.44849397749226
-12.87242,0.0544084,0.000517657166166384,305.52591731018043
-12.8391,0.05443156,0.000525939843365783,305.6032304126178
-12.80589,0.05444201,0.0005215035905995341,305.6802709796409
-12.77257,0.05446322,0.0005278273378332768,305.7575493673097
-12.73933,0.05449541,0.0005451400150326829,305.8346248891132
-12.70604,0.05450957,0.0005444137622664172,305.9117990070692
-12.67275,0.0545248,0.0005447575095001642,305.98895577023563
-12.63954,0.05455441,0.0005594901866995683,306.06590982384716
-12.60619,0.05458793,0.0005781239339333125,306.14317090394485
-12.57295,0.05462421,0.0005995176811670541,306.22015981856947
-12.5396,0.05465473,0.000615160358366465,306.29738612130717
-12.50624,0.05469386,0.0006394041056001984,306.37461815511864
-12.47292,0.05475355,0.0006842078528339346,306.4517401880543
-12.43965,0.05478517,0.0007009505300333563,306.52872914468077
-12.40651,0.05480044,0.0007013342772670891,306.6054000403238
-12.37309,0.05485283,0.0007388380245008305,306.6827013113604
-12.33977,0.05490794,0.0007790707017002393,306.7597538677978
-12.3066,0.0549316,0.0007878444489339831,306.8364422801252
-12.27339,0.05496653,0.0008078881961677206,306.9132059106189
-12.24019,0.05500635,0.0008328308733671283,306.9899291628214
-12.20683,0.05504873,0.000860324620600865,307.06700477957907
-12.1736,0.05510217,0.0008988783678346157,307.1437627156032
-12.14046,0.05513278,0.0009146110450340209,307.22029553863916
-12.10716,0.05517169,0.000938634792267759,307.29718053883033
-12.07387,0.05523865,0.0009907085395015058,307.3740250930369
-12.0407,0.05529339,0.0010305712167009151,307.4505753856833
-12.00749,0.05532827,0.0010505649639346512,307.5272007299362
-11.9742,0.05537776,0.0010851687111683855,307.60399332403887
-11.94099,0.05543377,0.0011263013883678064,307.68058408372985
-11.90785,0.05547716,0.0011548051356015387,307.75699618859585
-11.87456,0.05551337,0.0011761288828352826,307.8337368382342
-11.84148,0.05555458,0.0012024615600346872,307.9099762015372
-11.80815,0.05560026,0.0012332553072684355,307.98677440771183
-11.77492,0.05564637,0.0012644790545021725,308.06332487791985
-11.74175,0.05568352,0.001286751731701577,308.1397198833206
-11.7086,0.05572262,0.0013109654789353192,308.2160516116933
-11.67528,0.05577557,0.0013490292261690573,308.2927574430962
-11.64198,0.05582376,0.0013823419033684725,308.36939986215134
-11.60881,0.05585883,0.0014025256506022057,308.44572581290595
-11.57555,0.05590653,0.0014353393978359594,308.5222415584064
-11.54222,0.05595849,0.0014724220750353609,308.5989009630027
-11.50908,0.05599057,0.0014896158222690997,308.67510611724475
-11.47575,0.05602988,0.0015140395695028355,308.7517308279706
-11.44246,0.0560897,0.0015589822467022563,308.82824621463203
-11.40938,0.05614249,0.0015968859939359953,308.90426173596217
-11.37611,0.05618368,0.0016231897411697269,308.9806965795277
-11.34288,0.05622934,0.0016539724183691346,309.0570222239829
-11.30962,0.05627798,0.001687726165602886,309.1333994594174
-11.27629,0.05632333,0.0017181899128366207,309.20992006243506
-11.24315,0.05636298,0.0017429625900360277,309.2859872063468
-11.20989,0.0564038,0.0017688963372697597,309.36231249725137
-11.17656,0.05645392,0.0018041300845035094,309.43878104641493
-11.14336,0.05650644,0.0018417727617029214,309.5149340435385
-11.11021,0.05654162,0.0018620665089366592,309.5909551303087
-11.07704,0.05658139,0.0018869502561704096,309.66700485728467
-11.04381,0.05662895,0.0019196329333698095,309.7431748711549
-11.01061,0.05665863,0.0019344266806035487,309.81925884996053
-10.97737,0.05668933,0.0019502404278372923,309.89541720392464
-10.94411,0.05673869,0.0019847231050367023,309.97160406289083
-10.91084,0.05679262,0.002023766852270445,310.04779649697116
-10.87755,0.05684946,0.0020657205995041755,310.1240173839605
-10.84428,0.0569051,0.002106483276703583,310.2001751397349
-10.81111,0.05695156,0.00213805702393733,310.2760867314467
-10.77785,0.05700926,0.002180870771171066,310.3521869936259
-10.74464,0.05706533,0.002222063448370476,310.4281555692472
-10.71147,0.05711009,0.002251937195604216,310.5040154037381
-10.67815,0.05717158,0.002298540942837962,310.5802009414818
-10.64482,0.05723694,0.0023490236200373674,310.6563919501224
-10.61165,0.05731038,0.0024075773672711034,310.73219993389284
-10.57851,0.05737429,0.0024566011145048597,310.8079221479887
-10.5453,0.05743231,0.0024997437917042634,310.88378705313534
-10.51216,0.05748253,0.002535077538937995,310.95947483341234
-10.4789,0.05754445,0.00258211128617173,311.0354193870057
-10.44566,0.05759914,0.002621923963371152,311.1113009654973
-10.41252,0.05764444,0.002652337710604892,311.18693703536445
-10.37926,0.05771781,0.0027108214578386303,311.2628296913044
-10.34602,0.0577921,0.0027702341350380327,311.33865940334965
-10.31273,0.05785675,0.002819997882271781,311.41458583758583
-10.27977,0.0578994,0.0028477616295055144,311.4897425240898
-10.24651,0.05794314,0.0028766243067049266,311.5655660369799
-10.2133,0.05801439,0.0029329880539386635,311.6412582793513
-10.18004,0.05810126,0.0030049718011724152,311.71704717123544
-10.1469,0.05817484,0.0030636744783718167,311.7925453916537
-10.11363,0.05825113,0.0031250782256055515,311.8683224727869
-10.08034,0.05831907,0.003178131972839303,311.94412775714295
-10.04723,0.05837294,0.003217124650038705,312.01950594583116
-10.01405,0.05844625,0.0032755483972724472,312.09502627433847
-9.98076,0.05852326,0.0033376721445061847,312.17077964550947
-9.94759,0.05858961,0.003389144821705603,312.2462426884926
-9.91435,0.05865374,0.0034383885689393406,312.32184769972685
-9.88127,0.05869833,0.003468092316173073,312.39707160995505
-9.84804,0.05875871,0.0035135949933724833,312.4726193668802
-9.8149,0.05881821,0.0035582087406062363,312.5479452884617
-9.78175,0.05885084,0.00357595248783997,312.6232767331207
-9.74846,0.0589054,0.00361563516503937,312.6989090013304
-9.7152,0.05897697,0.003672318912273105,312.7744557805569
-9.68211,0.05902179,0.003702252659506862,312.849599230772
-9.64885,0.05906339,0.0037289753367062695,312.9251114514949
-9.61565,0.05912627,0.003776969083940006,313.0004701738568
-9.58229,0.05920209,0.003837902831173752,313.0761746847267
-9.54903,0.05926596,0.0038868955083731574,313.1516349140427
-9.51601,0.05930962,0.0039156692556069,313.2265334953137
-9.48274,0.0593711,0.003962263002840638,313.30198187758356
-9.44936,0.05945988,0.004036165680040053,313.37766229347284
-9.41612,0.05953451,0.0040959094272737875,313.4530079568601
-9.38307,0.05958934,0.004135853174507521,313.52790578944706
-9.34975,0.05965434,0.004185975851706936,313.6033981797607
-9.31651,0.05972599,0.004242739598940677,313.67869199231785
-9.28334,0.05979808,0.004299943346174423,313.7538099958196
-9.25023,0.05986754,0.004354526023373821,313.82877493793586
-9.21693,0.05995152,0.0044236197706075606,313.90415274676707
-9.18373,0.06002544,0.004482653517841308,313.97928690873795
-9.15053,0.0600904,0.004532736195040715,314.05440380963057
-9.11745,0.06017214,0.004599589942274454,314.1292320360454
-9.08412,0.06025225,0.004664813689508204,314.2046084407545
-9.05098,0.06033859,0.004736276366707606,314.27953790894014
-9.01766,0.06044973,0.004832530113941344,314.35485701761417
-8.98442,0.06056647,0.004934383861175076,314.429977964574
-8.95131,0.06064744,0.0050004765383745015,314.504787915893
-8.91817,0.06072273,0.005060880285608242,314.5796484593542
-8.88503,0.0608207,0.005143964032841973,314.6544918040699
-8.85179,0.06091873,0.005227116710041377,314.72954371202195
-8.81856,0.06102308,0.005316580457275129,314.8045557462917
-8.7856,0.06111325,0.005391864204508871,314.87894121157126
-8.7523,0.06122984,0.005493576881708276,314.95407672607934
-8.71919,0.06135339,0.005602240628942011,315.0287663225747
-8.6862,0.06144813,0.005682094376175756,315.1031681484548
-8.65318,0.06153309,0.005752177053375163,315.17762056619983
-8.61995,0.06164655,0.005850750800608907,315.2525292474404
-8.58675,0.0617836,0.005972914547842656,315.3273530323456
-8.55373,0.0618828,0.006057237225042061,315.40175402517207
-8.52052,0.06198625,0.0061458009722757945,315.47656590581886
-8.48741,0.06210888,0.006253544719509528,315.5511353237816
-8.45418,0.06223018,0.0063599673967089515,315.6259577413311
-8.42128,0.06232856,0.006443461143942682,315.7000200779553
-8.38814,0.06240868,0.006508694891176427,315.7746055504753
-8.35509,0.06252784,0.0066129775683758316,315.84897133864956
-8.32195,0.06264933,0.006719581315609582,315.92352246038644
-8.2889,0.06275131,0.006806675062843319,315.99785399106565
-8.25581,0.06283814,0.00687862774004272,316.07225834773976
-8.22264,0.0629546,0.006980201487276461,316.1468253789
-8.1895,0.06309202,0.007102735234510209,316.22130776274247
-8.15651,0.06319729,0.007193127911709618,316.29543593837377
-8.12337,0.0633141,0.007295051658943348,316.36988400257144
-8.09032,0.06343224,0.0073983054061771,316.4441127555902
-8.05708,0.06354547,0.007496658083376517,316.51875098647037
-8.02412,0.06364598,0.0075822818306102505,316.5927434111065
-7.99104,0.06375208,0.007673495577843983,316.66698812019513
-7.95796,0.06389093,0.007797468255043398,316.7412156927587
-7.92467,0.06402328,0.007914932002277136,316.81589718021235
-7.89165,0.06415244,0.008029205749510882,316.88995581597277
-7.85866,0.06426723,0.008129118426710276,316.9639301153245
-7.82558,0.06438234,0.008229342173944026,317.038089110706
-7.79253,0.06449939,0.008331505921177769,317.112163738639
-7.75942,0.06462202,0.008439258598377172,317.18635569189405
-7.72621,0.06478278,0.00858513234561091,317.26075447685116
-7.6931,0.06493881,0.00872627609284466,317.33491204301373
-7.66002,0.06508783,0.008860418770044065,317.40898527288493
-7.62712,0.06521264,0.008970342517277803,317.4826384471589
-7.59398,0.06533702,0.009079836264511545,317.55681177255775
-7.56099,0.06546909,0.009197028941710948,317.6306322886218
-7.52791,0.06560562,0.009318672688944693,317.7046370811797
-7.49474,0.06576704,0.00946520643617843,317.77882601036276
-7.46166,0.06592249,0.00960577911337785,317.8527964832477
-7.42864,0.06606085,0.00972925286061159,317.9266156996857
-7.39571,0.06620789,0.009861406607845326,318.0002167082559
-7.36263,0.06635974,0.009998379285044726,318.0741358803526
-7.32967,0.06650748,0.010131233032278475,318.14776986212127
-7.29662,0.06665484,0.010263706779512223,318.22158782538696
-7.2635,0.06681399,0.010407979456711625,318.29554497548247
-7.23039,0.06699684,0.010575943203945358,318.36946262530705
-7.19743,0.06717893,0.010743146951179103,318.44302835092367
-7.16432,0.06735777,0.010907109628378514,318.51691174328147
-7.13149,0.06753231,0.01106676337561225,318.59015337847467
-7.09822,0.06771415,0.011233717122846001,318.6643594062714
-7.06526,0.06788997,0.0113946598000454,318.7378569118667
-7.03236,0.06807406,0.011563863547279146,318.8112036574621
-6.99934,0.06825269,0.011727607294512887,318.8848008857892
-6.96639,0.06841946,0.011879499971712296,318.9582250731807
-6.93327,0.06861385,0.01205900371894604,319.0320109464486
-6.90035,0.06881745,0.012247717466179774,319.10533423014084
-6.86748,0.06901292,0.012428310143379181,319.1785292154604
-6.83461,0.06920697,0.012607473890612932,319.25170728113807
-6.80162,0.06939986,0.012785477637846654,319.32513548889096
-6.76869,0.06960386,0.012974600315046075,319.398413153405
-6.73552,0.0698257,0.013181554062279811,319.47220771168077
-6.70271,0.07003375,0.013374717809513562,319.5451844138757
-6.66985,0.07023106,0.013557150486712959,319.6182554306539
-6.63667,0.07044595,0.013757154233946689,319.69202087656595
-6.60368,0.07067826,0.013974577981180458,319.765346823883
-6.57088,0.07090349,0.014184930658379856,319.8382335670805
-6.53804,0.07111116,0.014377714405613598,319.91119231806425
-6.50523,0.0713172,0.014568868152847324,319.98406755412685
-6.47231,0.07155441,0.014791200830046744,320.0571701715564
-6.43944,0.07178956,0.01501146457728049,320.1301448257685
-6.40651,0.07202573,0.015232748324514218,320.2032357199238
-6.37364,0.07224981,0.015441951001713625,320.2761765039676
-6.34074,0.0724791,0.01565635474894738,320.34916691725635
-6.30769,0.07273079,0.015893158496181115,320.4224730469444
-6.27483,0.07298825,0.016135741173380527,320.4953407913287
-6.24196,0.07321763,0.016350234920614264,320.5682137938563
-6.20927,0.07345943,0.016577148667848013,320.64067095430545
-6.17613,0.07372335,0.01682619134504742,320.71410845468694
-6.14348,0.07395819,0.01704614509228114,320.78644330682357
-6.11052,0.07420639,0.017279458839514893,320.85944801993077
-6.07781,0.07444873,0.017506921516714305,320.93188217647855
-6.04482,0.07469811,0.01774141526394804,321.0049194036423
-6.01201,0.07495736,0.017985779011181778,321.0775412210001
-5.97905,0.07521122,0.01822476168838119,321.1504780753935
-5.94634,0.07546996,0.018468615435614934,321.2228448879324
-5.91344,0.07573745,0.018721219182848664,321.295615150279
-5.88048,0.07600577,0.018974661860048078,321.368501127412
-5.84792,0.07627398,0.019227985607281832,321.4404858620044
-5.81493,0.07655835,0.01949746935451556,321.51340432261463
-5.78227,0.07682749,0.019751732031714965,321.58557658905687
-5.74937,0.07708846,0.0199978157789487,321.6582623202423
-5.71654,0.07737182,0.02026628952618245,321.7307765044544
-5.68376,0.07767525,0.020554842203381864,321.8031634098146
-5.65086,0.07800808,0.02087278595061559,321.8757983872689
-5.61818,0.07832031,0.02117012969784935,321.94793087880794
-5.5854,0.07862666,0.021461602375048752,322.02026729255726
-5.55257,0.07893212,0.021752176122282488,322.0926971768736
-5.51985,0.0792279,0.022033069869516232,322.1648675843038
-5.4872,0.07955889,0.02234918254671564,322.2368668811329
-5.45445,0.07993153,0.022706936293949383,322.3090699257964
-5.42162,0.08029763,0.023058150041183112,322.3814324863869
-5.3889,0.08065052,0.023396162718382532,322.45353579566574
-5.35622,0.08100499,0.02373574646561627,322.52553422424984
-5.32375,0.08134363,0.024059500212850013,322.59705343089064
-5.29106,0.08170459,0.02440558289004941,322.6690405363182
-5.25838,0.082068,0.024754106637283155,322.740988893443
-5.22575,0.08245919,0.025130410384516903,322.8128104842207
-5.19283,0.08288543,0.025541773061716302,322.8852534949083
-5.16036,0.08327977,0.02592122680895005,322.9566896209692
-5.12801,0.08364263,0.026269200556183793,323.02784532023435
-5.09557,0.08401258,0.026624273233383206,323.09918252271706
-5.06261,0.08441453,0.02701133698061694,323.1716463533053
-5.03044,0.08480744,0.02738936072785067,323.24235693277217
-4.99764,0.08520176,0.0277688034050501,323.3144355843901
-4.96529,0.08559705,0.028149207152283827,323.38550884954054
-4.93254,0.08602177,0.028559040899517565,323.457444224832
-4.90016,0.08644021,0.028962603576716976,323.5285503823595
-4.86766,0.0868519,0.029359407323950718,323.5999035483541
-4.83516,0.08726919,0.02976181107118446,323.6712401734736
-4.8026,0.0876955,0.030173243748383864,323.74269191026923
-4.77022,0.08812653,0.030589387495617598,323.8137321790171
-4.73753,0.08854686,0.030994831242851358,323.885435918378
-4.70503,0.08897431,0.03140740392005076,323.9567063138339
-4.67262,0.08945213,0.031870337667284504,324.0277628728878
-4.63997,0.08991539,0.03231871141451824,324.0993289818649
-4.60759,0.09036203,0.03275047409171765,324.1702867856885
-4.57518,0.09084457,0.03321812783895139,324.24129388998637
-4.54277,0.09133378,0.033692451586185126,324.3122845448932
-4.5103,0.0918279,0.034171694263384546,324.3833901283154
-4.47786,0.09233925,0.034668158010618275,324.4544135276937
-4.44545,0.09284465,0.03515867175785202,324.52535478874944
-4.4128,0.09338523,0.03568437443505142,324.59680474593284
-4.38048,0.0939173,0.03620155818228517,324.66751610261207
-4.34825,0.09443007,0.03669944192951891,324.73801426277066
-4.31569,0.09498539,0.037239884606718315,324.80921772922113
-4.28343,0.095544,0.03778360835395206,324.87974877081683
-4.25124,0.09607721,0.0383019321011858,324.95011052476065
-4.21904,0.09660516,0.038815004778385204,325.02047790257586
-4.18675,0.09715936,0.03935431852561894,325.0910256543456
-4.15453,0.09774414,0.039924212272852685,325.1614041941513
-4.12227,0.09833715,0.0405023449500521,325.2318538190688
-4.08995,0.09891816,0.041068468697285844,325.3024181294505
-4.05776,0.0995234,0.04165882244451957,325.3726823510163
-4.02574,0.10011,0.042230545121719,325.44255939865235
-3.99336,0.10072,0.04282565886895273,325.51320574437847
-3.96129,0.10136,0.043450772616186475,325.5831595514261
-3.92906,0.10201,0.04408589529338588,325.65344613725347
-3.89677,0.10264,0.04470100904061962,325.72384725733036
-3.8647,0.10325,0.04529612278785335,325.7937525553152
-3.83287,0.1039,0.04593124546505277,325.8631187822191
-3.80061,0.10459,0.04660635921228651,325.93340590720646
-3.76851,0.10529,0.04729147295952024,326.00332825253463
-3.73659,0.10598,0.047966595636719664,326.07284250919605
-3.70454,0.10668,0.04865170938395339,326.1426238219312
-3.67262,0.10737,0.049326823131187136,326.2121061020878
-3.64064,0.10807,0.05001194580838655,326.28170298725684
-3.60863,0.10879,0.05071705955562028,326.3513491219659
-3.57649,0.10955,0.05146217330285402,326.4212619619617
-3.54472,0.11027,0.05216729598005345,326.4903540577522
-3.5128,0.11099,0.052872409727287184,326.55975644913275
-3.48091,0.11172,0.053587523474520914,326.629077679428
-3.44911,0.11247,0.05432264615172032,326.69818741282785
-3.41722,0.11322,0.055057759898954076,326.7674768365027
-3.3853,0.11397,0.05579287364618781,326.83681549481537
-3.35338,0.11477,0.05657799632338721,326.90613819736694
-3.32149,0.11557,0.057363110070620955,326.9753798137287
-3.28972,0.11637,0.0581482238178547,327.0443450423782
-3.25786,0.1172,0.05896334649505411,327.11348976656575
-3.22603,0.11803,0.05977846024228784,327.1825535093382
-3.19432,0.11886,0.06059357398952159,327.2513411035454
-3.1624,0.11971,0.061428696666720996,327.32056834145925
-3.13066,0.1206,0.06230381041395473,327.3893893791613
-3.09917,0.12148,0.06316892416118848,327.45765275778587
-3.06737,0.12236,0.06403404683838788,327.5265723892467
-3.03581,0.12323,0.06488916058562164,327.5949562153517
-3.00417,0.12413,0.06577427433285538,327.663497727245
-2.97264,0.12504,0.06666939701005478,327.73178535150004
-2.94087,0.12603,0.06764451075728853,327.80057702092546
-2.90935,0.12702,0.06861962450452225,327.8688117445818
-2.87795,0.12796,0.06954474718172166,327.93677122173443
-2.84639,0.12894,0.07050986092895539,328.0050614308687
-2.81484,0.12995,0.07150497467618916,328.0733144113136
-2.78331,0.131,0.07254009735338857,328.1415085520257
-2.75188,0.13205,0.07357521110062229,328.2094709151256
-2.72078,0.13307,0.07458032484785604,328.27670447898026
-2.68935,0.13412,0.07561544752505545,328.3446360652019
-2.65801,0.1352,0.07668056127228917,328.41235772563647
-2.62669,0.13633,0.07779567501952292,328.48002080221175
-2.59532,0.13746,0.07891079769672234,328.5477764993842
-2.56422,0.13855,0.07998591144395609,328.61493381444825
-2.53304,0.13965,0.0810710251911898,328.68224867644625
-2.50185,0.14081,0.08221614786838921,328.7495698957019
-2.47081,0.14197,0.08336126161562299,328.8165522269007
-2.43965,0.14314,0.0845163753628567,328.8837783346809
-2.4088,0.14432,0.08568149804005612,328.95032065444485
-2.37755,0.14555,0.08689661178728986,329.0177105644605
-2.34642,0.14676,0.0880917255345236,329.0848264922276
-2.3156,0.14795,0.08926684821172301,329.15125911369114
-2.28459,0.14918,0.09048196195895675,329.21808626800487
-2.25377,0.15041,0.09169707570619048,329.2844890477631
-2.22286,0.15168,0.0929521983833899,329.3510707954817
-2.19179,0.153,0.09425731213062363,329.41798211314585
-2.1609,0.15432,0.09556242587785738,329.4844908026177
-2.13002,0.15563,0.09685754855505678,329.5509630258809
-2.09929,0.15695,0.09816266230229054,329.6170975351129
-2.06859,0.15828,0.09947777604952426,329.68315271427525
-2.03783,0.15964,0.10082289872672368,329.74932218881736
-2.00707,0.16103,0.10219801247395743,329.81547684621825
-1.97627,0.16245,0.10360312622119117,329.881702684426
-1.94573,0.16389,0.10502824889839057,329.9473548052264
-1.91505,0.16533,0.1064533626456243,330.01329317878543
-1.88445,0.16678,0.10788847639285806,330.0790449313864
-1.85387,0.16825,0.10934359907005747,330.14473905996095
-1.82341,0.16972,0.1107987128172912,330.2101608378599
-1.7928,0.17118,0.11224382656452495,330.27589014769285
-1.76238,0.17262,0.11366894924172434,330.34119693103975
-1.73198,0.17417,0.11520406298895808,330.40644630053924
-1.70143,0.17584,0.11685917673619181,330.4720030445284
-1.67101,0.1775,0.11850429941339123,330.5372663012906
-1.64095,0.17897,0.11995941316062497,330.60174297665355
-1.61067,0.18051,0.12148452690785871,330.6666772310431
-1.58028,0.18226,0.12321964958505813,330.7318329394021
-1.55022,0.18402,0.12496476333229185,330.79626690456104
-1.52007,0.18575,0.1266798770795256,330.8608795717377
-1.48998,0.18749,0.128404999756725,330.9253494636649
-1.45998,0.18912,0.13002011350395876,330.98961240926894
-1.42998,0.19082,0.1317052272511925,331.0538612608729
-1.39995,0.1928,0.13367034992839189,331.1181602461805
-1.3701,0.19488,0.13573546367562564,331.18205982750175
-1.34038,0.19681,0.1376505774228594,331.24566725679745
-1.31078,0.19847,0.13929570010005882,331.3090041108482
-1.28078,0.20042,0.14123081384729252,331.37318286829225
-1.25124,0.20273,0.14352592759452626,331.4363637799606
-1.22176,0.20471,0.1454910502717257,331.49940273859374
-1.19222,0.20681,0.14757616401895943,331.56255634782264
-1.16277,0.20921,0.14996127776619317,331.6255039432092
-1.13365,0.21105,0.15178640044339256,331.68773282901486
-1.10411,0.21315,0.15387151419062634,331.7508456788749
-1.07494,0.21575,0.15645662793786005,331.81315460629173
-1.04594,0.21775,0.15844175061505947,331.8750871945135
-1.01671,0.21995,0.1606268643622932,331.9374976450753
-0.9876,0.22259,0.16325197810952696,331.9996385800593
-0.95882,0.22492,0.16556710078672637,332.0610620207455
-0.92983,0.22737,0.16800221453396008,332.1229205386198
-0.90108,0.23005,0.17066732828119385,332.1842539493472
-0.87242,0.23284,0.17344245095839322,332.24538247658046
-0.84389,0.23575,0.17633756470562698,332.3062209528997
-0.81578,0.2384,0.17897267845286072,332.36615133842423
-0.78737,0.24094,0.18149780113006012,332.42670874962266
-0.75911,0.24386,0.18440291487729388,332.4869338882218
-0.73097,0.24709,0.18761802862452762,332.5468908667867
-0.70323,0.25001,0.19052315130172703,332.60598344105034
-0.67534,0.2529,0.1933982650489608,332.66538340137487
-0.64751,0.25617,0.19665337879619452,332.7246434321632
-0.61995,0.25955,0.2000185014733939,332.7833165834404
-0.59251,0.26317,0.20362361522062766,332.84172244677626
-0.56542,0.26673,0.20716872896786143,332.89937177075075
-0.53835,0.27031,0.2107338516450608,332.9569670537429
-0.51143,0.27398,0.21438896539229454,333.0142318101504
-0.48473,0.27781,0.21820407913952827,333.0710173683562
-0.45805,0.28195,0.22232920181672766,333.1277492392464
-0.43196,0.28626,0.22662431556396145,333.1832157646723
-0.40593,0.29049,0.2308394293111952,333.23854410913884
-0.38008,0.29502,0.23535455198839458,333.2934793518858
-0.35463,0.29949,0.23980966573562829,333.3475543101191
-0.32924,0.30386,0.24416477948286208,333.4014916760054
-0.30403,0.3085,0.24878990216006147,333.45503666989373
-0.27885,0.31353,0.2538050159072952,333.50850801016486
-0.25429,0.31838,0.2586401296545289,333.56065317554584
-0.22966,0.32338,0.26362525233172834,333.61293747670686
-0.20531,0.32843,0.2686603660789621,333.66461805830454
-0.1812,0.33317,0.2733854798261959,333.71578011416483
-0.157,0.33848,0.27868060250339527,333.76712399833
-0.13313,0.34394,0.284125716250629,333.8177587542363
-0.10954,0.34919,0.2893608299978627,333.86779078773924
-0.08608,0.35442,0.29457595267506215,333.91753846152915
-0.06264,0.35927,0.29941106642229587,333.96723511688407
-0.03911,0.36443,0.30455618016952957,334.0171139332939
-0.01585,0.36945,0.30956130284672906,334.0664118829278
0.00752,0.37488,0.31497641659396275,334.11593443721034
0.03075,0.38147,0.3215515303411965,334.1651518462457
0.05315,0.38949,0.32955665301839593,334.2126027308569
0.07484,0.39912,0.33917176676562966,334.25854210396955
0.09508,0.41031,0.3503468805128634,334.3014037351839
0.11375,0.4238,0.3638220031900628,334.3409349371406
0.13029,0.43834,0.37834711693729656,334.37595159195956
0.145,0.45244,0.3924322306845303,334.40709037424995
0.15849,0.46593,0.40590735336172973,334.43564362760276
0.17107,0.47903,0.41899246710896343,334.46226818548143
0.18275,0.49144,0.43138758085619716,334.4869857470856
0.19429,0.503,0.4429327035333966,334.51140493842996
0.20564,0.51353,0.4534478172806304,334.5354200464509
0.21715,0.52211,0.462012931027864,334.55977163322086
0.22954,0.52434,0.46422805370506354,334.5859827081712
0.24492,0.51119,0.45106316745229724,334.6185157911359
0.26891,0.47808,0.41793828119953097,334.6692540824352
0.3073,0.43454,0.37438340387673036,334.7504292873393
0.35881,0.40133,0.34115851762396415,334.85931031965595
0.41469,0.38968,0.32949363137119786,334.9773816021566
0.46593,0.39328,0.33307875404839726,335.08560584931087
0.51167,0.40187,0.341653867795631,335.18217878754086
0.55287,0.41079,0.35055898154286474,335.2691381711951
0.59059,0.41906,0.35881410422006416,335.3487291330285
0.62575,0.42657,0.3663092179672979,335.4228983112206
0.65865,0.43313,0.37285433171453164,335.49228254078986
0.69014,0.43913,0.37883945439173106,335.5586772840905
0.72008,0.44383,0.3835245681389648,335.6217895459339
0.74965,0.44777,0.3874496818861985,335.68410808479075
0.77861,0.45156,0.3912248045633979,335.7451277814437
0.80727,0.45626,0.39590991831063166,335.80550243760183
0.83507,0.46152,0.4011550320578654,335.8640531428846
0.86189,0.46534,0.4049601547350648,335.92052836026653
0.88917,0.4688,0.4084052684822986,335.97796064964786
0.91621,0.4731,0.4126903822295323,336.0348761688171
0.94267,0.47793,0.4175055049067317,336.0905597827128
0.96873,0.48298,0.42254061865396547,336.145390901925
0.99431,0.48824,0.4277857324011992,336.19920174189514
1.01964,0.49359,0.4331208550783986,336.25247657733723
1.0443,0.49877,0.4382859688256323,336.3043325957034
1.06892,0.50368,0.4431810825728661,336.3560950005631
1.0934,0.5084,0.44788620525006545,336.4075536505252
1.11778,0.5132,0.45267131899729923,336.4587927664346
1.14198,0.51817,0.45762643274453296,336.5096443735513
1.16615,0.52332,0.46276155542173236,336.5604237874099
1.18999,0.5281,0.4675266691689661,336.61050093335325
1.214,0.53263,0.4720417829161999,336.66092617732005
1.23802,0.53728,0.47667690559339926,336.7113633897353
1.26201,0.54203,0.48141201934063305,336.76172858985
1.28587,0.54662,0.48598713308786673,336.8118119252265
1.30983,0.5513,0.49065225576506616,336.8620961942557
1.33375,0.55601,0.4953473695122999,336.9122875486407
1.35762,0.56062,0.49994248325953367,336.9623650559358
1.38155,0.5652,0.504507605936733,337.01255948244847
1.40541,0.56955,0.5088427196839668,337.0625981519908
1.42949,0.57386,0.5131378334312006,337.1130891618014
1.45348,0.57834,0.5176029561083999,337.1633824298156
1.47755,0.58245,0.5216980698556337,337.21383435416044
1.50185,0.58626,0.5254931836028675,337.2647591667018
1.52632,0.5897,0.5289183062800669,337.316030899027
1.55116,0.59293,0.5321334200273006,337.3680682977839
1.57619,0.59602,0.5352085337745343,337.42049395440694
1.60167,0.59907,0.5382436564517337,337.4738520646429
1.62706,0.60164,0.5407987701989674,337.5270115911726
1.65327,0.60452,0.5436638839462011,337.58187737774466
1.67937,0.60792,0.5470490066234006,337.6365022094363
1.70534,0.61101,0.5501241203706344,337.6908443752428
1.73155,0.61372,0.5528192341178682,337.74567803189854
1.75819,0.61649,0.5555743567950675,337.80140026284414
1.7848,0.61908,0.5581494705423012,337.8570486485569
1.81163,0.62119,0.560244584289535,337.9131458844985
1.83906,0.62325,0.5622897069667343,337.97048597061746
1.86653,0.62548,0.5645048207139681,338.0278978648938
1.89421,0.62733,0.5663399344612019,338.0857367031663
1.92226,0.62906,0.5680550571384012,338.1443364361355
1.95055,0.63041,0.569390170885635,338.20342507728145
1.9792,0.63108,0.5700452846328687,338.2632528684288
2.00844,0.63184,0.5707904073100681,338.324299461441
2.03798,0.63221,0.571145521057302,338.3859587917785
2.06789,0.63152,0.5704406348045357,338.448376506322
2.09907,0.63123,0.5701357574817351,338.5134296072078
2.12999,0.63101,0.5699008712289687,338.5779252165573
2.16145,0.62926,0.5681359849762025,338.64353183841746
2.19435,0.62759,0.5664511076534019,338.71212485384683
2.22716,0.62603,0.5648762214006356,338.7805133477584
2.26088,0.62413,0.5629613351478694,338.85078106132846
2.29484,0.62154,0.5603564578250688,338.9215309044016
2.32979,0.61768,0.5564815715723026,338.99432438509274
2.36555,0.61289,0.5516766853195364,339.06878512613645
2.40282,0.60799,0.5467618079967358,339.14636873085277
2.4406,0.60298,0.5417369217439695,339.22499178294123
2.47932,0.59536,0.5341020354912032,339.30554785340337
2.51924,0.58602,0.5247471581684026,339.3885759155095
2.56227,0.57782,0.5165322719156363,339.47804439826086
2.60512,0.5679,0.50659738566287,339.5671098088213
2.65028,0.55667,0.4953525083400695,339.6609455246662
2.69643,0.54199,0.4806576220873032,339.7568053169475
2.74626,0.52612,0.46477273583453704,339.8602715185771
2.79805,0.51129,0.44992785851173644,339.96776622382646
2.85115,0.4965,0.4351229722589701,340.0779363389949
2.90565,0.48195,0.42055808600620387,340.1909652109468
2.96126,0.46591,0.4045032086834033,340.3062481940331
3.01817,0.44759,0.38616832243063703,340.4241760183341
3.07808,0.42816,0.36672343617787073,340.54826558611154
3.13902,0.40332,0.34186855885507017,340.67443089343215
3.2047,0.37337,0.3119036726023039,340.8103444006353
3.27489,0.34306,0.28157878634953765,340.95551590767036
3.34846,0.31599,0.2544939090267371,341.10759533637037
3.42326,0.2922,0.23068902277397083,341.262130448314
3.49852,0.2713,0.20977413652120452,341.41752748164913
3.57338,0.25346,0.19191925919840397,341.57201060059094
3.64702,0.2386,0.17704437294563768,341.72389046928646
3.71873,0.22569,0.16411948669287144,341.87170816947497
3.78877,0.21503,0.15344460937007084,342.016005717376
3.856,0.20479,0.14318972311730457,342.15444179712
3.9218,0.19471,0.13309483686453832,342.28986476567087
3.98595,0.1847,0.12306995954173774,342.42182659633846
4.04878,0.17522,0.11357507328897146,342.55101060940586
4.11009,0.16752,0.10586018703620521,342.67700977430263
4.16936,0.16157,0.09989530971340463,342.7987605432008
4.22649,0.15598,0.09429042346063837,342.9160633152517
4.28197,0.15049,0.08878553720787212,343.02992928875653
4.33592,0.14497,0.08325065988507149,343.1406088964107
4.38863,0.13967,0.07793577363230525,343.2487005962418
4.4402,0.13479,0.07304088737953898,343.35441240560687
4.49049,0.13014,0.0683760100567384,343.45746027155405
4.5399,0.12561,0.06383112380397213,343.5586663815617
4.58824,0.12245,0.06065623755120589,343.6576438204898
4.63563,0.11967,0.057861360228405295,343.75464058715926
4.68092,0.11445,0.05262647397563903,343.8473062556767
4.72734,0.10966,0.047821587722872774,343.9422506285861
4.77278,0.10761,0.04575671040007218,344.03515789149066
4.81621,0.10545,0.04358182414730592,344.12392525927714
4.85994,0.10233,0.04044693789453967,344.2132759584278
4.90272,0.09977727,0.03787933057173908,344.3006566055905
4.94487,0.09713273,0.03521990431897282,344.3867224111487
4.98665,0.09488887,0.03296115806620655,344.47200525951786
5.02782,0.09383422,0.03189163074340595,344.5560162139527
5.06767,0.0925284,0.03057092449063971,344.6373083136378
5.10753,0.09016579,0.028193428237873443,344.71859593505195
5.14729,0.08836399,0.026376750915072855,344.7996548362857
5.18626,0.08667065,0.02466852466230659,344.8790791374731
5.22526,0.08500291,0.022985898409540337,344.9585407716107
5.26369,0.08364907,0.021617181086739753,345.036817744182
5.30186,0.08278116,0.02073438483397349,345.1145422366313
5.33943,0.08191216,0.01985049858120723,345.19102268536403
5.37678,0.08062334,0.018546801258406638,345.2670333743915
5.41402,0.07971284,0.017621415005640365,345.34279845365205
5.45073,0.07875277,0.016646458752874113,345.41746398751746
5.48747,0.07787929,0.01575810143007353,345.4921694095829
5.52382,0.07708763,0.014951555177307271,345.56606102071754
5.55998,0.07632133,0.014170368924541009,345.6395458733889
5.59602,0.07550052,0.013334681601740409,345.7127664860497
5.63197,0.07469057,0.012509845348974154,345.78578398598665
5.66771,0.07413732,0.011941709096207898,345.8583548960767
5.70323,0.07357164,0.011361151773407296,345.9304592720504
5.73863,0.07291979,0.010694415520641036,346.0023003944119
5.77403,0.07263249,0.01039222926787478,346.07412189228774
5.80901,0.07219683,0.009941691945074195,346.14507199407984
5.84404,0.07164492,0.009374895692307927,346.2161043084259
5.87904,0.07127579,0.008990879439541688,346.28705659835185
5.91377,0.07081324,0.008513452116741087,346.357442579951
5.94859,0.07053404,0.008219365863974828,346.4279919990032
5.98308,0.07024629,0.00791672961120856,346.49785408157743
6.01762,0.06983725,0.0074928122884079795,346.5677987738638
6.05214,0.06946301,0.007103686035641724,346.63768429912176
6.08647,0.06902608,0.006651869782875457,346.7071666634132
6.12099,0.06878811,0.006399022460074857,346.77701496951784
6.15526,0.06883501,0.006431036207308609,346.8463389630227
6.18938,0.06883644,0.006417579954542341,346.9153412539382
6.22337,0.06836896,0.00593522263174176,346.98406251355146
6.25752,0.06801522,0.005566596378975483,347.0530890422104
6.2917,0.06794725,0.005483740126209238,347.12215792199135
6.32558,0.06785089,0.0053725028034086394,347.190602524906
6.3596,0.06766877,0.005175496550642381,347.2593118697872
6.39336,0.06734461,0.0048364502978761326,347.3274781821384
6.42735,0.06721108,0.004688042975075538,347.39609086658385
6.46126,0.06717031,0.00463238672230927,347.46452403343307
6.49492,0.06708961,0.004536800469542995,347.5324348711359
6.52876,0.06692122,0.00435353314674243,347.6006909831126
6.56239,0.06671786,0.004135286893976173,347.66850575353027
6.59624,0.06661791,0.0040204506412098995,347.73674626786266
6.62993,0.06665608,0.004043743318409315,347.80464641076765
6.66365,0.06663878,0.0040115570656430455,347.8725892187449
6.69722,0.06641643,0.0037743208128767913,347.9402121026467
6.7307,0.06625133,0.0035943434900762017,348.00763611490333
6.76433,0.06624667,0.0035747972373099263,348.07534453446806
6.79826,0.06627239,0.003585630984543689,348.14363900541395
6.83174,0.06618895,0.0034873136617430828,348.21101004272197
6.865,0.06603586,0.00331933740897683,348.27792099825007
6.8986,0.06597976,0.0032483511562105827,348.3454983602532
6.93217,0.06594893,0.003202643833409985,348.4129977294833
6.96587,0.06592246,0.0031612875806437263,348.4807407397705
6.99925,0.06590465,0.0031285913278774474,348.5478229605957
7.03273,0.06584199,0.003051054005076881,348.6150886194898
7.06618,0.06578264,0.002976817752310623,348.68227647462544
7.09972,0.06575429,0.002933581499544355,348.74962751146614
7.13304,0.06570422,0.0028686341767437534,348.8165193270063
7.16655,0.06563868,0.0027882079239775065,348.88377504339337
7.20009,0.065608,0.0027426416712112434,348.9510733622566
7.23354,0.06558897,0.002708734348410652,349.0181735497056
7.26689,0.06557769,0.0026825680956443776,349.08505569516944
7.30028,0.06554918,0.002639171842878138,349.15200061034614
7.33379,0.06553695,0.002612064520077534,349.2191685647672
7.3672,0.06553479,0.002595018267311275,349.28611857137287
7.40053,0.0655076,0.0025529420145450205,349.3528908492806
7.43379,0.06548468,0.0025151446917444364,349.4195055496271
7.46721,0.06546459,0.002480168438978178,349.48642325680856
7.50066,0.06546527,0.002465962186211909,349.5533835195892
7.53401,0.0654523,0.0024381148634113337,349.62012615869486
7.56743,0.06542748,0.002398408610645053,349.68699141501764
7.60072,0.06540864,0.002364682357878803,349.75357918442097
7.63405,0.06536409,0.0023052550350782103,349.82022957707846
7.66756,0.06533732,0.002263598782311957,349.8872223801513
7.70082,0.06531356,0.0022249525295457012,349.95369799749517
7.73418,0.06528773,0.0021842452067450946,350.02035607966707
7.76756,0.06526607,0.00214769895397883,350.08703668119136
7.80095,0.06525693,0.002123672701212595,350.15371980233346
7.8344,0.06525726,0.0021091253784119857,350.2205052430912
7.86781,0.06527397,0.002110949125645731,350.2871933302446
7.90117,0.06529223,0.002114322872879479,350.3537641739015
7.93455,0.06529106,0.002098275550078882,350.42035748460944
7.96788,0.0653045,0.0020968292973126273,350.48683363543284
8.0013,0.06532945,0.0021068930445463513,350.55347182276734
8.03456,0.0653255,0.0020880657217457743,350.61977361109814
8.06792,0.06532067,0.002068349468979505,350.6862573416203
8.10121,0.06533419,0.00206698321621325,350.7525841948761
8.13448,0.06533089,0.002048805893412664,350.8188538610648
8.16786,0.06533553,0.0020385596406464063,350.88532521344985
8.20113,0.06535222,0.002040363387880148,350.95156015444184
8.23436,0.06533372,0.0020069860650795412,351.01769815950684
8.26771,0.06534627,0.0020046498123132833,351.08405761571674
8.30113,0.06539012,0.0020336135595470234,351.1505388848619
8.33443,0.06541847,0.0020470862367464454,351.21676404558303
8.36763,0.06543001,0.002043739983980178,351.28277304487375
8.40108,0.06545079,0.002049633731213918,351.34926164334706
8.43428,0.06546131,0.0020452764084133296,351.41523599050294
8.46773,0.06548937,0.002058450155647068,351.48168967590686
8.50111,0.06553692,0.0020911139028808035,351.54798682825265
8.53432,0.06555439,0.0020937065800802207,351.61392902213737
8.56755,0.06554325,0.002067680327313956,351.67989364119046
8.60078,0.06553996,0.002049504074547695,351.7458409679562
8.63408,0.06555223,0.0020468967517471015,351.81190986779467
8.6674,0.06556077,0.0020405504989808587,351.87800106778917
8.70079,0.06556313,0.0020280242462145937,351.9442136739333
8.73402,0.06557701,0.0020270269234139993,352.010091665028
8.76732,0.06559587,0.002031000670647737,352.07609108313784
8.80058,0.0655876,0.002007844417881474,352.14199388872606
8.834,0.06558406,0.0019894270950808896,352.20819627652
8.86742,0.06561092,0.002001400842314635,352.2743811737164
8.90065,0.06562012,0.001995714589548378,352.34017245359183
8.93397,0.0656314,0.001992117266747792,352.40612455970614
8.96739,0.06564605,0.0019918810139815113,352.47225713688334
9.00063,0.06564959,0.0019805347612152496,352.5380161746923
9.03386,0.06562763,0.0019436974384146738,352.6037381345082
9.06709,0.06561439,0.0019155711856484042,352.6694428020368
9.10066,0.06563362,0.0019199149328821552,352.7358021826293
9.13383,0.06562118,0.0018925976100815506,352.8013535308285
9.16716,0.0656084,0.0018649313573153026,352.86720372009444
9.20042,0.06560194,0.001843585104549031,352.93289826837884
9.23378,0.06560347,0.0018302377817484422,352.9987729331179
9.26717,0.0656038,0.001815681528982191,353.0646893862963
9.30049,0.06559739,0.0017943852762159346,353.1304502455001
9.33385,0.06561053,0.0017926479534153411,353.19627263190984
9.36711,0.06561588,0.0017831117006490704,353.26188035944114
9.4005,0.06561964,0.0017719854478828317,353.32772709604257
9.43388,0.06563275,0.0017702181250822263,353.39353666078006
9.46721,0.06563737,0.0017599518723159652,353.45923023960853
9.50053,0.06564176,0.0017494556195497002,353.52488671970065
9.5338,0.06564196,0.0017347782967491177,353.5904273286948
9.56712,0.0656535,0.001731432043982864,353.65604906271085
9.60051,0.06566636,0.0017294057912165955,353.72179121660344
9.63377,0.06566983,0.0017179984684159988,353.7872600538471
9.66707,0.06567982,0.001713102215649756,353.8527902721263
9.70042,0.06568387,0.0017022659628834896,353.9184014797788
9.73372,0.06567821,0.0016817286400828968,353.98389694154935
9.76707,0.06568287,0.0016715023873166424,354.0494733405062
9.8004,0.06568393,0.0016576761345503815,354.1149930115473
9.83372,0.06568084,0.001639708811749796,354.1804756360293
9.86696,0.0656867,0.0016306825589835205,354.24578371580634
9.90031,0.06568459,0.0016136863062172768,354.31129052870756
9.93364,0.0656754,0.0015896189834166685,354.3767406554237
9.96684,0.06565378,0.0015531127306504106,354.44191820624474
10.00026,0.06564587,0.0015303164778841527,354.5075102234708
10.03368,0.06566758,0.0015371491550835725,354.57308475009904
10.067,0.06567749,0.0015321729023173164,354.63844565113004
10.10033,0.06566867,0.001508466649551038,354.70380877436736
10.13371,0.06566325,0.0014881693267504575,354.76925251640915
10.16695,0.0656535,0.0014635330739841967,354.83440443987143
10.2003,0.06565694,0.0014520868212179322,354.89975457969535
10.23369,0.06567206,0.0014523294984173513,354.96516565174403
10.26701,0.06568162,0.0014470032456510712,355.0304221893171
10.30043,0.06569379,0.0014442869928848329,355.0958571104123
10.33366,0.06569631,0.0014319296700842227,355.1609026779645
10.36696,0.06568979,0.0014105234173179687,355.2260679190063
10.40028,0.06568727,0.0013931171645517187,355.2912549174662
10.43373,0.06569365,0.0013846198417511307,355.35667875898804
10.46703,0.06570642,0.001382503588984868,355.42179181572646
10.50026,0.0657035,0.0013646973362186066,355.48675068767074
10.53355,0.06569863,0.0013449500134180142,355.55180951003246
10.56688,0.06571022,0.0013416537606517481,355.61692911852373
10.60014,0.06571522,0.0013317675078854951,355.6818946204066
10.63347,0.06571125,0.001312920185084901,355.7469794723937
10.66679,0.06571168,0.0012984639323186387,355.81202740828087
10.70015,0.06571805,0.0012899476795523862,355.8771360155239
10.73357,0.0657233,0.0012803203567517824,355.94234424968147
10.76689,0.06573094,0.0012730741039855276,356.00733995426947
10.80019,0.06573057,0.001257817851219284,356.07227927539736
10.83345,0.06572489,0.0012372605284186738,356.13712325739334
10.86671,0.0657107,0.0012081842756524186,356.2019499158653
10.90004,0.06569181,0.001174408022886167,356.2668956322275
10.93339,0.06568661,0.0011543307000855818,356.33186290773483
10.96678,0.06568401,0.0011368444473193184,356.39689065625936
11.00008,0.06567417,0.0011121181945530495,356.46172573915
11.03346,0.06566907,0.0010921408717524672,356.52669915415436
11.06685,0.06567184,0.0010800246189861945,356.59167457733685
11.10017,0.06567168,0.0010649783662199375,356.6564963793537
11.13356,0.06567463,0.0010530510434193507,356.72143692071774
11.16692,0.06568392,0.0010474547906531018,356.7863016790975
11.20027,0.06569393,0.0010425785378868346,356.85112957358916
11.2336,0.06571013,0.0010439012150862403,356.91590118904327
11.26689,0.06572256,0.0010414449623199762,356.98057770556943
11.30025,0.06573515,0.001039148709553725,357.04537281001063
11.3336,0.06575208,0.001041201386753135,357.1101310714432
11.36693,0.0657685,0.0010427351339868662,357.17483309559714
11.40019,0.06576988,0.0010292288812206174,357.23938189015735
11.43355,0.06578095,0.001025421558420031,357.3041073563325
11.46684,0.06580012,0.001029705305653758,357.36867963464476
11.5002,0.06580324,0.0010179390528874954,357.43337028168685
11.53349,0.0657976,0.0009974217300869198,357.4979078139279
11.56676,0.06580316,0.0009880954773206496,357.56238923409177
11.60002,0.06583206,0.00100210922455439,357.62683394687684
11.63335,0.06584565,0.0010008219017537956,357.6913969136979
11.66661,0.06584136,0.0009816456489875475,357.75580694297486
11.6999,0.06585038,0.000975779396221288,357.82025772212177
11.73326,0.06585861,0.0009691320734206837,357.88482661451786
11.76652,0.06584838,0.0009440158206544258,357.9491846055116
11.79982,0.06584524,0.0009259895678881691,358.0136026415864
11.83324,0.0658524,0.0009182722450875869,358.07823535553183
11.86659,0.06585838,0.0009093659923213177,358.142715257074
11.89989,0.0658453,0.000881399739555061,358.20708110884533
11.933,0.06581849,0.0008397124167544706,358.27106249113
11.96635,0.06580856,0.0008148961639882074,358.3354902919148
11.99974,0.06581006,0.0008015099112219509,358.3999779186707
12.033,0.06580015,0.0007767225884213746,358.46419711313007
12.06633,0.06579379,0.0007554763356551059,358.5285340869925
12.09975,0.06577753,0.0007243300828888438,358.5930273210106
12.1331,0.06575708,0.0006890027600882365,358.65736803477375
12.16649,0.06576577,0.000682806507321998,358.7217684700557
12.19981,0.06577925,0.0006814002545557224,358.7860164895974
12.23317,0.06577733,0.0006646029317551316,358.85032422021106
12.26659,0.06576291,0.0006352966789888725,358.914730137314
12.29988,0.06576645,0.0006239504262226248,358.9788681340472
12.33318,0.06576014,0.0006027631034220271,359.043008034616
12.36653,0.06574821,0.0005759468506557619,359.1072268369938
12.39983,0.06574957,0.0005624205978895097,359.17133198105375
12.43336,0.06576584,0.0005638132750889341,359.2358623478344
12.46672,0.06578524,0.0005683270223226511,359.3000480678177
12.49992,0.06578562,0.0005538207695564012,359.3639086399499
12.53316,0.06576907,0.0005223934467558228,359.4278288602448
12.56648,0.06576221,0.0005006471939895535,359.4918855546072
12.59993,0.06577082,0.0004943709412232877,359.55617468208163
12.63313,0.0657717,0.0004803736184226942,359.6199659967363
12.66655,0.06578546,0.00047924736565645165,359.68416259189354
12.69987,0.06580368,0.00048258111289017913,359.7481496845277
12.73317,0.06581527,0.00047929379008958273,359.81208099911106
12.76652,0.06582628,0.0004754175373233305,359.8760909023116
12.79979,0.06582702,0.00046127128455707156,359.93992990373465
12.83305,0.06582163,0.00044100396175648926,360.0037323908715
12.86647,0.06582747,0.00043195770899021046,360.06782435645715
12.89986,0.06584715,0.0004367514562239605,360.1318413218066
12.93315,0.06584021,0.00041493413342337526,360.1956491813369
12.96638,0.06583746,0.0003972978806571076,360.25932472931663
12.99962,0.06583189,0.0003768416278908532,360.32300213926936
13.03297,0.06582534,0.00035541430509025695,360.38687288602637
13.06621,0.06582307,0.0003382580523240003,360.45051563332714
13.09959,0.06582467,0.0003249717995577328,360.51440901854374
13.13286,0.06581469,0.00030011447675713787,360.5780744877657
13.16624,0.06579941,0.00026994822399090124,360.64193303297463
13.1996,0.06578696,0.00024261197122463218,360.70573588354716
13.23283,0.06578775,0.0002285246484240444,360.76927277579625
13.2664,0.06580292,0.00022880839565776745,360.83344220104317
13.29961,0.06579698,0.0002079821428915274,360.89690611722904
13.33305,0.06580075,0.00019687482009093926,360.9607921093715
13.36629,0.06580432,0.0001855585673246618,361.0242786535091
13.39961,0.06580345,0.00016980231455841766,361.0879006279691
13.43291,0.06580125,0.0001527249917578355,361.1514670435368
13.46635,0.06580973,0.0001463187389915549,361.2152832304148
13.49974,0.06581707,0.00013877248622530536,361.27898652607064
13.5331,0.06582338,0.00013020516342471256,361.3426151503737
13.56636,0.06581341,0.00010534891065845653,361.4060356918236
13.59965,0.06580619,8.324265789218244e-05,361.46949609064086
13.63304,0.06580631,6.848533509160037e-05,361.53312968540627
13.66634,0.06581046,5.77490823253507e-05,361.59657437236444
13.69963,0.06581134,4.3742829559073604e-05,361.65998264946813
13.73292,0.06580964,2.7165506758491942e-05,361.7233735717823
13.76619,0.06580681,9.44925399221086e-06,361.786709070881
13.79958,0.06580446,-7.78699877403144e-06,361.8502555839788
13.83293,0.06581421,-1.2914321574616916e-05,361.9137085428262
13.86629,0.06582731,-1.4700574340886785e-05,361.9771631028091
13.89964,0.06584306,-1.3836827107135963e-05,362.0405812216252
13.93297,0.06586114,-1.063414990773448e-05,362.10394390684644
13.96626,0.06587548,-1.1180402673990897e-05,362.1672131840251
13.99953,0.0658767,-2.484665544026654e-05,362.2304271110704
14.03288,0.06587408,-4.23439782408358e-05,362.2937756438308
14.06621,0.06587571,-5.560023100709133e-05,362.3570687847271
14.09959,0.06589432,-5.187648377336096e-05,362.4204394391437
14.13295,0.06592397,-3.7103806573957065e-05,362.48375469124943
14.16621,0.06593172,-4.4240059340200366e-05,362.5468627998671
14.19954,0.06593683,-5.401631210646962e-05,362.6100863494632
14.2328,0.06594603,-5.9693634907057036e-05,362.6731597745728
14.2661,0.06594662,-7.398988767333414e-05,362.7362916998857
14.29936,0.06595132,-8.417614043958188e-05,362.79933045711283
14.33275,0.0659672,-8.31734632401604e-05,362.8625981823356
14.36613,0.06597853,-8.67297160064423e-05,362.9258295080849
14.39946,0.065979,-0.000101145968772684,362.98894870987675
14.43269,0.0659708,-0.00012422329157328604,363.0518612168193
14.46599,0.06595017,-0.00015973954433953774,363.11488890389484
14.49931,0.06594981,-0.0001749857971058144,363.1779370645721
14.53261,0.06596007,-0.00017960311990639077,363.24093001078325
14.56596,0.06596578,-0.00018877937267264278,363.3040001366499
14.59926,0.06597026,-0.0001991856254389135,363.36695832635235
14.63258,0.06597618,-0.00020814294823950918,363.4299369479164
14.66588,0.06598938,-0.0002098292010057623,363.4928603967545
14.69923,0.06600041,-0.00021368545377202508,363.55586092089766
14.73262,0.06601404,-0.00021493277657261278,363.61891955913575
14.76591,0.06602691,-0.0002169490293388865,363.68177196165703
14.79939,0.06605578,-0.00020296528210513032,363.74496558556655
14.8326,0.06606643,-0.00020719260490573155,363.80763224178924
14.86589,0.0660565,-0.00023200885767198087,363.87043252259684
14.89909,0.06605906,-0.0002443351104382263,363.933045737456
14.93248,0.06608456,-0.00023371243323883073,363.9959998714184
14.96574,0.06609871,-0.00023444868600508428,364.0586915435563
14.99901,0.06609762,-0.0002504249387713653,364.12138473332584
15.03239,0.06611005,-0.000252872261571932,364.1842677844523
15.06566,0.06610683,-0.0002709785143381882,364.24692624902525
15.09901,0.06610716,-0.00028553476710446724,364.30971798366585
15.13225,0.06611214,-0.0002954320899050539,364.37228527781065
15.16563,0.06611955,-0.0003029083426713125,364.4350986802853
15.19899,0.06613681,-0.00030053459543756544,364.4978570143326
15.23225,0.06614698,-0.0003052419182381638,364.5604098743107
15.26549,0.06613779,-0.00032931817100442795,364.62290781191905
15.29878,0.0661319,-0.00035009442377068045,364.68548241790586
15.33208,0.06613486,-0.00036201174657127244,364.7480584581004
15.36546,0.06613423,-0.0003775279993375319,364.81076740327916
15.39888,0.06613541,-0.0003912342521037726,364.8735340138581
15.43217,0.06613386,-0.0004076615749043777,364.93603908078336
15.46544,0.06613176,-0.0004246478276706406,364.9984892566982
15.49882,0.06613564,-0.00043565408043691467,365.0611284904976
15.53209,0.06613623,-0.00044994140323748044,365.12354394121576
15.56541,0.06613453,-0.00046652765600375956,365.18603582029476
15.59874,0.06613438,-0.000481563908770008,365.2485290605291
15.63209,0.06613709,-0.0004937312315706072,365.31104238827584
15.6653,0.06614529,-0.0005004174843368653,365.3732759833753
15.69875,0.0661684,-0.0004921937371031165,365.43594186526565
15.73216,0.06619311,-0.00048236105990372147,365.49851531978044
15.76552,0.06620307,-0.00048728731266997616,365.5609776885847
15.79878,0.0661988,-0.0005064435654362209,365.6232354705059
15.83211,0.06620035,-0.0005197708882368202,365.6856069037821
15.86543,0.06621508,-0.0005199271410030876,365.74794223506524
15.89867,0.06622732,-0.000522573393769335,365.8101105781695
15.93202,0.0662322,-0.0005325707165699245,365.8724672641746
15.96532,0.06623301,-0.0005466469693361925,365.9347130836403
15.99852,0.06622177,-0.0005727732221024601,365.9967546916492
16.03178,0.06621321,-0.0005962105449030392,366.0588911151475
16.06511,0.06621404,-0.0006102667976693038,366.12114093458626
16.09843,0.06621791,-0.0006212830504355588,366.1833546885199
16.13188,0.06623092,-0.0006231503732361532,366.2457936852217
16.16508,0.0662422,-0.0006267566260024088,366.3077486966879
16.19832,0.06623305,-0.0006507928787686662,366.3697610604607
16.23167,0.06623633,-0.000662390201569274,366.43196125095693
16.265,0.06624515,-0.0006684564543355254,366.49410673825
16.29839,0.06624094,-0.000687552707101774,366.55634665508387
16.33177,0.06624099,-0.0007023800299023747,366.6185504802634
16.3651,0.06625327,-0.0007049862826686293,366.68064372058166
16.39842,0.06625842,-0.0007147225354348918,366.7427009423732
16.43178,0.0662613,-0.0007267198582354834,366.8048152452275
16.46504,0.06626657,-0.0007363361110017536,366.86672600456143
16.49834,0.06627027,-0.0007475223637680023,366.9286938658237
16.53169,0.06628022,-0.0007524496865685959,366.9907373675748
16.5649,0.06627723,-0.0007703259393348483,367.05250310896173
16.59828,0.06628176,-0.0007806821921011176,367.11456762115574
16.63167,0.06629545,-0.0007818695149017091,367.17663327007693
16.66505,0.06631096,-0.0007812457676679568,367.23866287953547
16.6982,0.06631599,-0.0007911020204342117,367.3002478142308
16.73161,0.06633094,-0.0007910293432348142,367.36229835590586
16.76491,0.06634797,-0.000788885596001071,367.4241272067776
16.79817,0.06633774,-0.000814001848767329,367.4858644548182
16.83147,0.0663339,-0.0008327191715679222,367.5476585961142
16.8647,0.06635842,-0.0008230854243341801,367.60930552931524
16.89809,0.0663847,-0.0008116916771004345,367.67123187057547
16.93135,0.06640985,-0.0008014189999010352,367.73289975159986
16.96468,0.06643239,-0.0007937652526673056,367.7946800424562
16.99788,0.06643544,-0.0008056015054335591,367.8562020712089
17.0312,0.06644416,-0.0008117588282341437,367.9179291139648
17.06444,0.06645732,-0.0008134850810004035,367.9794906290185
17.09776,0.06647726,-0.0008084313337666654,368.0411829413522
17.13124,0.06651678,-0.0007837886565672664,368.1031539837686
17.16447,0.06652863,-0.0007868249093335028,368.1646449221176
17.19765,0.06652842,-0.0008019211620997613,368.22602608395886
17.23094,0.06654174,-0.0008034784849003662,368.2875934135894
17.26421,0.06654172,-0.0008183847376666276,368.3491064155843
17.29762,0.06653418,-0.0008408109904328859,368.41086082048776
17.33101,0.06654333,-0.0008465383132334747,368.4725607933346
17.3643,0.06654932,-0.0008554345659997492,368.53405859954336
17.39763,0.06655089,-0.000868750818765987,368.5956129130997
17.43083,0.06655192,-0.0008825981415665901,368.656909845952
17.46416,0.06654941,-0.0008999943943328453,368.71842943432114
17.49757,0.06656048,-0.0009038106470991014,368.78007922526467
17.53081,0.06655636,-0.0009228079698996999,368.84139797682474
17.5641,0.06653983,-0.0009542242226659586,368.9027916230177
17.59749,0.06655395,-0.0009549904754322103,368.96435225683024
17.63097,0.06657313,-0.0009506877982328188,369.0260612924068
17.66429,0.0665831,-0.000955604050999051,369.08745799437196
17.69768,0.06659018,-0.0009634103037653302,369.1489662400958
17.731,0.06659765,-0.000970817626565923,369.21032813337
17.7643,0.06661209,-0.0009712638793321765,369.2716358243433
17.79765,0.06663813,-0.0009601101320984295,369.33301816455884
17.83086,0.06666306,-0.0009500574548990393,369.39412551990097
17.8643,0.06669078,-0.0009372237076652884,369.4556386305433
17.89766,0.06672747,-0.0009154199604315405,369.516987131886
17.93092,0.066753,-0.000904767283232133,369.5781343852767
17.96428,0.06678466,-0.000887993535998402,369.6394480831589
17.99757,0.06681148,-0.0008760597887646493,369.70061575216465
18.03096,0.06683945,-0.0008629671115652493,369.76194972997587
18.06419,0.06687134,-0.0008459633643315007,369.82297247041174
18.09749,0.06689322,-0.0008389696170977706,369.88410641013024
18.13072,0.06690364,-0.0008434269398983618,369.9450945295649
18.16396,0.06690591,-0.0008560431926646211,370.00608370223705
18.19719,0.06692014,-0.0008566994454308752,370.06703723189355
18.23048,0.06692914,-0.0008625767682314683,370.128083479932
18.26378,0.06692546,-0.0008811430209977322,370.18913070307383
18.29701,0.06692897,-0.0008925192737639781,370.250032288219
18.33037,0.06693748,-0.0008988865965645909,370.3111547342421
18.3636,0.06695017,-0.0009010828493308393,370.37202166716327
18.3969,0.06695794,-0.0009081991020970931,370.4329994711538
18.43019,0.06696347,-0.0009175464248976917,370.4939416060953
18.46349,0.06698077,-0.0009151326776639518,370.5548846848658
18.49687,0.0670004,-0.0009103889304302032,370.6159567455903
18.53014,0.0670015,-0.0009241662532307876,370.6768101876746
18.56352,0.06700302,-0.0009375325059970546,370.73784740839113
18.59697,0.06701931,-0.0009361287587633244,370.79899512439357
18.6302,0.06703786,-0.0009324560815639066,370.85972332352685
18.66362,0.067048,-0.0009372023343301727,370.92078130892054
18.69673,0.06704943,-0.000950658587096434,370.98125567961466
18.73018,0.0670637,-0.0009512659098970255,371.0423336166224
18.76344,0.06708476,-0.0009450921626632941,371.10304725063895
18.79671,0.06708745,-0.0009572884154295247,371.1637618075673
18.83006,0.06708653,-0.0009730857382301283,371.2246049603038
18.86345,0.06709579,-0.0009787119909963893,371.28550363958345
18.8968,0.06711026,-0.0009791282437626447,371.3463119366208
18.93013,0.06711886,-0.0009854055665632355,371.40706636517376
18.96342,0.06711749,-0.001001661819329494,371.4677305159052
18.99678,0.06712931,-0.0010047280720957702,371.52850481761544
19.03007,0.0671482,-0.001000715394896337,371.5891342222757
19.0634,0.06715915,-0.0010046516476626133,371.6498190908452
19.09654,0.0671602,-0.0010184879004288688,371.7101407730224
19.12984,0.06717047,-0.0010230952232294643,371.7707363649276
19.16319,0.06719238,-0.0010160714759957223,371.8314055368572
19.19652,0.06722144,-0.001001897728761983,371.89202092373563
19.22981,0.06724479,-0.0009934250515625798,371.95254619965937
19.26308,0.06726784,-0.000985261304328841,372.0130177739935
19.2964,0.06729335,-0.0009746375570950788,372.07356285532325
19.3296,0.06730749,-0.0009753748798956852,372.1338725948673
19.36281,0.06730361,-0.000994141132661941,372.1941832311176
19.39607,0.06729856,-0.0010140773854282054,372.2545673587865
19.4294,0.06730835,-0.0010191647082287841,372.31506119446124
19.46269,0.06732227,-0.0010201309609950415,372.3754650650574
19.49589,0.06733578,-0.001021507213761319,372.43568834843484
19.52913,0.06734092,-0.0010312445365618927,372.49596689769953
19.56248,0.06733508,-0.0010519707893281577,372.5564275360344
19.59572,0.06732792,-0.0010740170420944217,372.616671422647
19.62892,0.0673202,-0.0010966143648950266,372.6768255421311
19.66228,0.06731803,-0.0011136706176612665,372.7372521749286
19.69566,0.06732613,-0.0011204568704275275,372.7976975911972
19.72899,0.06732578,-0.0011356841932281259,372.85803505653064
19.76207,0.0673139,-0.0011624504459943896,372.91790274433725
19.7953,0.06729715,-0.0011940866987606436,372.9780246466353
19.82838,0.06726021,-0.001245904021561231,373.03785798368693
19.8618,0.06722853,-0.0012924702743274952,373.09828889295085
19.89491,0.06720199,-0.0013338965270937447,373.1581420041996
