x,y,z
0,0,1.0
0,1,-0.46258154959458586
0,2,-0.004509362825630697
0,3,-0.174829497166596
0,4,-0.008455428588066215
0,5,-0.015301992826152707
0,6,-0.0010449046298076313
0,7,0.01846009382493508
0,8,0.06354588653238778
0,9,-0.0025267636144211104
1,0,-0.46258154959458586
1,1,0.9999999999999999
1,2,-0.08954477313624389
1,3,0.03522044466313157
1,4,0.03993526416989635
1,5,-0.14001404264910794
1,6,0.028138465676559143
1,7,-0.027261489503268718
1,8,-0.34325146902959913
1,9,0.0025241570613458186
2,0,-0.004509362825630697
2,1,-0.08954477313624389
2,2,1.0000000000000002
2,3,0.013738494434123534
2,4,0.05094549325496541
2,5,-0.05251203860958324
2,6,0.0011429300939940616
2,7,-0.15560988456007763
2,8,-0.25463586056800874
2,9,-0.0012834217388858029
3,0,-0.174829497166596
3,1,0.03522044466313157
3,2,0.013738494434123534
3,3,1.0
3,4,-0.0011060330134636837
3,5,-0.07603492882500915
3,6,0.014667343032027392
3,7,-0.04930809152645356
3,8,0.008780582590157711
3,9,0.0003814538790709696
4,0,-0.008455428588066215
4,1,0.03993526416989635
4,2,0.05094549325496541
4,3,-0.0011060330134636837
4,4,0.9999999999999999
4,5,-0.010451777308987203
4,6,0.002362215914177056
4,7,-0.008556127796119911
4,8,-0.23886219181423962
4,9,-0.029932648705989412
5,0,-0.015301992826152707
5,1,-0.14001404264910794
5,2,-0.05251203860958324
5,3,-0.07603492882500915
5,4,-0.010451777308987203
5,5,1.0000000000000002
5,6,-0.18438214708301354
5,7,0.011367293736613267
5,8,-0.015388734265434672
5,9,0.0007618546502146113
6,0,-0.0010449046298076313
6,1,0.028138465676559143
6,2,0.0011429300939940616
6,3,0.014667343032027392
6,4,0.002362215914177056
6,5,-0.18438214708301354
6,6,1.0
6,7,-0.0007770955726047525
6,8,0.001751127541620166
6,9,-9.714636670746063e-05
7,0,0.01846009382493508
7,1,-0.027261489503268718
7,2,-0.15560988456007763
7,3,-0.04930809152645356
7,4,-0.008556127796119911
7,5,0.011367293736613267
7,6,-0.0007770955726047525
7,7,1.0
7,8,0.04383402709500822
7,9,0.00016839324767127802
8,0,0.06354588653238778
8,1,-0.34325146902959913
8,2,-0.25463586056800874
8,3,0.008780582590157711
8,4,-0.23886219181423962
8,5,-0.015388734265434672
8,6,0.001751127541620166
8,7,0.04383402709500822
8,8,0.9999999999999999
8,9,-0.006163414013952308
9,0,-0.0025267636144211104
9,1,0.0025241570613458186
9,2,-0.0012834217388858029
9,3,0.0003814538790709696
9,4,-0.029932648705989412
9,5,0.0007618546502146113
9,6,-9.714636670746063e-05
9,7,0.00016839324767127802
9,8,-0.006163414013952308
9,9,0.9999999999999999
