value,phase_name,phase_index
9.87481,AFm/AFt,1
24.669175,AFm/AFt,1
38.337683,AFm/AFt,1
20.220426,AFm/AFt,1
22.050929,AFm/AFt,1
30.598209,AFm/AFt,1
23.623719,AFm/AFt,1
24.386609,AFm/AFt,1
25.288965,AFm/AFt,1
28.913867,AFm/AFt,1
27.904693,AFm/AFt,1
24.628548,C-A-S-H,2
41.724361,C-A-S-H,2
22.378942,C-A-S-H,2
30.679757,C-A-S-H,2
15.180024,C-A-S-H,2
42.558456,C-A-S-H,2
19.927687,C-A-S-H,2
15.047717,C-A-S-H,2
36.790739,C-A-S-H,2
24.460428,C-A-S-H,2
21.7028,C-A-S-H,2
29.338036,C-A-S-H,2
23.262222,C-A-S-H,2
34.084119,C-A-S-H,2
32.391101,C-A-S-H,2
37.754538,C-A-S-H,2
13.798619,C-A-S-H,2
29.130119,C-A-S-H,2
28.053987,C-A-S-H,2
25.848186,C-A-S-H,2
13.672684,C-S-H,3
17.286804,C-S-H,3
32.226217,C-S-H,3
31.560429,C-S-H,3
24.639429,C-S-H,3
35.179544,C-S-H,3
65.586636,C-S-H,3
33.699473,C-S-H,3
35.522761,C-S-H,3
27.665214,C-S-H,3
31.494884,C-S-H,3
42.315733,C-S-H,3
40.455241,C-S-H,3
23.347238,C-S-H,3
38.843816,C-S-H,3
39.418537,C-S-H,3
27.818596,C-S-H,3
32.947695,C-S-H,3
40.118967,C-S-H,3
31.625172,C-S-H,3
23.384511,C-S-H,3
30.932887,C-S-H,3
21.730355,C-S-H,3
28.471518,C-S-H,3
31.608036,C-S-H,3
33.435144,C-S-H,3
25.724162,C-S-H,3
23.834782,C-S-H,3
39.582978,C-S-H,3
42.82307,C-S-H,3
22.06359,C-S-H,3
20.212082,C-S-H,3
26.043223,C-S-H,3
28.092933,C-S-H,3
24.511754,C-S-H,3
29.829875,C-S-H,3
23.116622,C-S-H,3
28.132987,C-S-H,3
20.899439,C-S-H,3
24.020206,C-S-H,3
71.452779,C-S-H,3
30.561391,C-S-H,3
26.182099,C-S-H,3
23.704204,C-S-H,3
24.925071,C-S-H,3
27.948405,C-S-H,3
39.864072,C-S-H,3
28.578705,C-S-H,3
64.649497,C-S-H,3
23.096019,C-S-H,3
25.197225,C-S-H,3
25.006322,C-S-H,3
19.705978,C-S-H,3
26.084039,C-S-H,3
40.521758,C-S-H,3
29.041023,C-S-H,3
41.457773,C-S-H,3
35.210746,C-S-H,3
37.36555,C-S-H,3
27.323598,C-S-H,3
35.943137,C-S-H,3
37.165697,C-S-H,3
40.346585,C-S-H,3
43.227043,C-S-H,3
23.176026,C-S-H,3
37.652725,C-S-H,3
43.757896,C-S-H,3
38.993136,C-S-H,3
35.075994,C-S-H,3
29.447873,C-S-H,3
10.401121,C-S-H,3
33.357274,C-S-H,3
18.21654,C-S-H,3
33.164614,C-S-H,3
30.704829,C-S-H,3
15.568188,C-S-H,3
17.132905,C-S-H,3
32.040805,C-S-H,3
25.264441,C-S-H,3
12.63739,C-S-H,3
8.901258,C-S-H,3
14.038169,C-S-H,3
14.603205,C-S-H,3
19.600545,C-S-H,3
13.818226,C-S-H,3
25.202738,C-S-H,3
75.713524,C-S-H,3
19.149218,C-S-H,3
14.687332,C-S-H,3
14.730143,C-S-H,3
16.906511,C-S-H,3
20.676881,C-S-H,3
20.529752,C-S-H,3
28.758673,C3A/C4AF,4
37.953313,CH,5
38.8852,CH,5
41.330603,CH,5
45.400544,CH,5
33.013132,CH,5
52.560843,CH,5
38.602905,CH,5
32.101632,CH,5
56.859725,CH,5
42.849104,CH,5
33.487619,CH,5
29.643379,CH,5
27.601773,CH,5
18.74562,CH,5
27.343273,CH,5
22.289135,CH,5
19.789072,CH,5
34.616965,CH,5
42.331666,CH,5
33.613424,CH,5
46.773263,CH,5
30.821113,CH,5
43.22417,CH,5
44.281478,CH,5
27.720598,CH,5
22.651455,Mg-C-A-S-H,6
28.174403,Mg-C-A-S-H,6
41.781188,Mg-C-A-S-H,6
20.857761,Mg-C-A-S-H,6
30.065948,Mg-C-A-S-H,6
41.65369,Mg-C-A-S-H,6
36.644685,Mg-C-A-S-H,6
17.140418,Mg-C-A-S-H,6
49.314871,Mg-C-A-S-H,6
58.513459,Mg-C-A-S-H,6
45.783278,Mg-C-A-S-H,6
39.164995,Mg-C-A-S-H,6
40.187297,Mg-C-A-S-H,6
37.186428,Mg-C-A-S-H,6
43.38357,Mg-C-A-S-H,6
25.808014,Mg-C-A-S-H,6
19.307765,Mg-C-A-S-H,6
25.920158,Mg-C-A-S-H,6
22.949994,Mg-C-A-S-H,6
18.293856,Mg-C-A-S-H,6
60.37945,Mg-C-A-S-H,6
13.846485,Mg-C-A-S-H,6
13.232624,Mg-C-A-S-H,6
5.325768,Mg-C-A-S-H,6
9.643622,Mg-C-A-S-H,6
7.573599,Mg-C-A-S-H,6
13.329478,Mg-C-A-S-H,6
15.069303,Mg-C-A-S-H,6
16.898658,Mg-C-A-S-H,6
41.849838,Mg-C-A-S-H,6
84.963275,Slag,7
88.736946,Slag,7
90.459151,Slag,7
87.180292,Slag,7
86.270582,Slag,7
56.123765,Slag,7
73.633011,Slag,7
128.423989,alite/belite,8
123.0149,alite/belite,8
100.945625,alite/belite,8
51.212993,alite/belite,8
98.374789,alite/belite,8
111.001182,alite/belite,8
107.248893,alite/belite,8
109.326991,alite/belite,8
107.689512,alite/belite,8
105.43334,alite/belite,8
111.32733,alite/belite,8
112.6305,alite/belite,8
64.797877,alite/belite,8
88.965098,alite/belite,8
114.90693,alite/belite,8
72.490184,alite/belite,8
82.886061,alite/belite,8
107.563951,alite/belite,8
114.38533,alite/belite,8
113.189007,alite/belite,8
110.613683,alite/belite,8
107.475694,alite/belite,8
112.423942,alite/belite,8
41.672962,alite/belite,8
109.264197,alite/belite,8
93.356835,alite/belite,8
85.853473,alite/belite,8
54.904301,alite/belite,8
62.573847,alite/belite,8
71.509564,alite/belite,8
57.624676,alite/belite,8
61.920812,alite/belite,8
61.611173,alite/belite,8
42.562518,alite/belite,8
89.714955,alite/belite,8
110.017726,alite/belite,8
109.897368,alite/belite,8
69.826155,alite/belite,8
110.619774,alite/belite,8
25.366753,matrix,9
11.313877,matrix,9
13.138505,matrix,9
23.384539,matrix,9
22.360316,matrix,9
23.173919,matrix,9
33.126688,matrix,9
31.842434,matrix,9
25.558447,matrix,9
24.436118,matrix,9
26.854554,matrix,9
25.409255,matrix,9
33.27572,matrix,9
33.266081,matrix,9
24.734641,matrix,9
35.993346,matrix,9
36.379725,matrix,9
19.839486,matrix,9
32.662627,matrix,9
30.122767,matrix,9
29.583709,matrix,9
24.063658,matrix,9
22.0486,matrix,9
20.409632,matrix,9
31.672338,matrix,9
14.017374,matrix,9
30.97728,matrix,9
8.714681,matrix,9
26.178963,matrix,9
16.285042,matrix,9
30.930033,matrix,9
25.908953,matrix,9
31.573494,matrix,9
20.632262,matrix,9
28.854232,matrix,9
28.977234,matrix,9
33.234376,matrix,9
30.027846,matrix,9
32.402684,matrix,9
20.264708,matrix,9
31.901858,matrix,9
21.456953,matrix,9
25.83311,matrix,9
29.371772,matrix,9
44.894184,matrix,9
29.844736,matrix,9
13.757389,matrix,9
8.131771,matrix,9
8.786429,matrix,9
17.448271,matrix,9
25.639881,matrix,9
22.90655,matrix,9
29.934792,matrix,9
34.012817,matrix,9
27.964896,matrix,9
30.606083,matrix,9
32.647032,matrix,9
32.305343,matrix,9
21.140702,matrix,9
26.000706,matrix,9
23.245417,matrix,9
40.197878,matrix,9
18.448993,matrix,9
10.475644,matrix,9
8.094985,matrix,9
17.888316,matrix,9
22.082592,matrix,9
25.468482,matrix,9
23.528176,matrix,9
28.771683,matrix,9
25.57195,matrix,9
33.267233,matrix,9
44.356254,matrix,9
42.240828,matrix,9
28.857852,matrix,9
36.535311,matrix,9
30.997524,matrix,9
25.140113,matrix,9
25.506601,matrix,9
19.227093,matrix,9
38.758983,matrix,9
20.008173,matrix,9
17.243054,matrix,9
11.951563,matrix,9
8.744965,matrix,9
20.148907,matrix,9
21.891386,matrix,9
14.243483,matrix,9
29.283218,matrix,9
28.249396,matrix,9
41.033826,matrix,9
31.47623,matrix,9
34.734471,matrix,9
23.970829,matrix,9
28.598212,matrix,9
20.264812,matrix,9
24.246109,matrix,9
30.933363,matrix,9
21.678483,matrix,9
31.57096,matrix,9
20.886587,matrix,9
20.094065,matrix,9
33.821583,matrix,9
17.670577,matrix,9
33.300099,matrix,9
34.871415,matrix,9
22.216222,matrix,9
12.78804,matrix,9
14.082188,matrix,9
27.770204,matrix,9
16.6094,matrix,9
15.659554,matrix,9
22.838343,matrix,9
30.351449,matrix,9
20.438225,matrix,9
19.641981,matrix,9
22.948913,matrix,9
13.130748,matrix,9
15.180793,matrix,9
21.01148,matrix,9
32.478218,matrix,9
17.056049,matrix,9
29.630276,matrix,9
25.954936,matrix,9
23.727883,matrix,9
27.869803,matrix,9
26.461701,matrix,9
23.731358,matrix,9
37.419809,matrix,9
25.351714,matrix,9
30.835956,matrix,9
18.74618,matrix,9
24.533261,matrix,9
28.959372,matrix,9
23.960613,matrix,9
17.107764,matrix,9
16.081953,matrix,9
25.020722,matrix,9
12.68209,matrix,9
18.944468,matrix,9
28.723059,matrix,9
21.968156,matrix,9
21.349442,matrix,9
23.839426,matrix,9
14.550088,matrix,9
24.111703,matrix,9
24.250629,matrix,9
16.839602,matrix,9
19.906373,matrix,9
20.90705,matrix,9
26.164228,matrix,9
15.377098,matrix,9
35.342113,matrix,9
19.872164,matrix,9
33.775413,matrix,9
22.466229,matrix,9
31.520434,matrix,9
47.87223,matrix,9
6.75275,matrix,9
24.75945,matrix,9
15.473918,matrix,9
15.208063,matrix,9
41.718762,matrix,9
26.04088,matrix,9
11.713203,matrix,9
20.549118,matrix,9
15.361862,matrix,9
11.237192,matrix,9
16.704372,matrix,9
33.207746,matrix,9
21.271161,matrix,9
24.26403,matrix,9
30.875362,matrix,9
33.176895,matrix,9
26.596416,matrix,9
26.49592,matrix,9
30.052925,matrix,9
28.860113,matrix,9
30.877266,matrix,9
22.545014,matrix,9
27.080317,matrix,9
20.212617,matrix,9
23.65051,matrix,9
10.7151,matrix,9
20.505099,matrix,9
24.777254,matrix,9
26.522337,matrix,9
43.535911,matrix,9
33.262171,matrix,9
37.018941,matrix,9
25.170667,matrix,9
21.066724,matrix,9
16.628973,matrix,9
10.111009,matrix,9
28.283259,matrix,9
22.77149,matrix,9
16.095909,matrix,9
13.295854,matrix,9
14.63303,matrix,9
30.354262,matrix,9
34.025896,matrix,9
32.94788,matrix,9
29.664054,matrix,9
22.002687,matrix,9
33.396853,matrix,9
27.487022,matrix,9
20.773574,matrix,9
32.891764,matrix,9
29.758031,matrix,9
31.158028,matrix,9
31.627892,matrix,9
22.513004,matrix,9
25.349937,matrix,9
16.816165,matrix,9
13.597509,matrix,9
19.221825,matrix,9
22.501988,matrix,9
29.023092,matrix,9
25.997055,matrix,9
20.303283,matrix,9
28.0929,matrix,9
27.429058,matrix,9
45.039963,matrix,9
43.530214,matrix,9
27.088039,matrix,9
22.703744,matrix,9
15.991315,matrix,9
15.694945,matrix,9
22.774268,matrix,9
24.676924,matrix,9
18.623257,matrix,9
26.934257,matrix,9
9.592886,matrix,9
23.13702,matrix,9
19.082492,matrix,9
32.416139,matrix,9
26.826917,matrix,9
26.824765,matrix,9
18.402261,matrix,9
23.599508,matrix,9
34.446989,matrix,9
31.922317,matrix,9
35.498074,matrix,9
30.544712,matrix,9
20.504652,matrix,9
26.831042,matrix,9
28.450231,matrix,9
26.590677,matrix,9
37.801927,matrix,9
28.181892,matrix,9
17.353595,matrix,9
17.963868,matrix,9
25.176658,matrix,9
26.072663,matrix,9
26.75295,matrix,9
25.434791,matrix,9
28.941945,matrix,9
29.734454,matrix,9
24.811425,matrix,9
20.575095,matrix,9
14.189317,matrix,9
13.992767,matrix,9
28.840924,matrix,9
15.047109,matrix,9
15.736351,matrix,9
21.142542,matrix,9
20.558249,matrix,9
18.943019,matrix,9
34.712322,matrix,9
17.069477,matrix,9
24.615792,matrix,9
16.508141,matrix,9
18.791737,matrix,9
16.556103,matrix,9
29.639971,matrix,9
33.518504,matrix,9
22.376119,matrix,9
28.430536,matrix,9
24.524383,matrix,9
6.770851,matrix,9
27.411726,matrix,9
25.833186,matrix,9
33.515508,matrix,9
17.34639,matrix,9
20.354385,matrix,9
24.831233,matrix,9
22.639154,matrix,9
54.211468,matrix,9
28.482956,matrix,9
15.503888,matrix,9
14.908602,matrix,9
17.414152,matrix,9
17.998507,matrix,9
24.026758,matrix,9
21.296929,matrix,9
28.746224,matrix,9
9.884587,matrix,9
14.63016,matrix,9
24.355187,matrix,9
14.53518,matrix,9
22.691032,matrix,9
15.494121,matrix,9
11.965587,matrix,9
10.888653,matrix,9
13.01323,matrix,9
19.05102,matrix,9
17.429292,matrix,9
24.517879,matrix,9
34.204938,matrix,9
27.818874,matrix,9
24.179032,matrix,9
22.825127,matrix,9
31.368443,matrix,9
13.296717,matrix,9
9.166685,matrix,9
18.384557,matrix,9
27.064031,matrix,9
18.769331,matrix,9
24.381957,matrix,9
36.802049,matrix,9
26.38364,matrix,9
22.218581,matrix,9
24.640971,matrix,9
24.895561,matrix,9
17.800652,matrix,9
26.369217,matrix,9
27.687583,matrix,9
29.538084,matrix,9
11.62867,matrix,9
20.344455,matrix,9
24.884039,matrix,9
15.637034,matrix,9
23.329285,matrix,9
27.041602,matrix,9
16.004777,matrix,9
11.765596,matrix,9
27.180552,matrix,9
16.229422,matrix,9
16.711022,matrix,9
28.129915,matrix,9
18.288753,matrix,9
20.884087,matrix,9
19.898352,matrix,9
24.645274,matrix,9
16.041753,matrix,9
19.171328,matrix,9
29.124414,matrix,9
29.626772,matrix,9
19.879962,matrix,9
32.276401,matrix,9
29.173627,matrix,9
22.690971,matrix,9
42.996719,matrix,9
22.074867,matrix,9
17.781352,matrix,9
24.806588,matrix,9
26.584806,matrix,9
26.85144,matrix,9
20.245661,matrix,9
27.048044,matrix,9
23.884296,matrix,9
18.950189,matrix,9
22.981752,matrix,9
38.420028,matrix,9
20.1696,matrix,9
22.331932,matrix,9
20.987118,matrix,9
8.737615,matrix,9
11.805672,matrix,9
23.757049,matrix,9
22.314786,matrix,9
21.180842,matrix,9
45.800883,matrix,9
29.46122,matrix,9
23.091496,matrix,9
23.708098,matrix,9
19.614428,matrix,9
25.003432,matrix,9
22.173041,matrix,9
19.085668,matrix,9
22.727686,matrix,9
19.543119,matrix,9
25.550679,matrix,9
22.268019,matrix,9
17.498819,matrix,9
17.348845,matrix,9
15.122277,matrix,9
25.095533,matrix,9
23.882644,matrix,9
21.577288,matrix,9
27.576,matrix,9
21.289648,matrix,9
31.356096,matrix,9
31.371726,matrix,9
30.465827,matrix,9
21.671978,matrix,9
31.22708,matrix,9
27.4667,matrix,9
32.683242,matrix,9
23.649221,matrix,9
30.95946,matrix,9
21.963417,matrix,9
26.370045,matrix,9
24.078994,matrix,9
29.649652,matrix,9
11.586507,matrix,9
10.437722,matrix,9
12.017729,matrix,9
8.361504,matrix,9
10.703306,matrix,9
13.6691,matrix,9
13.18454,matrix,9
23.778985,matrix,9
24.029625,matrix,9
29.190895,matrix,9
19.852664,matrix,9
14.380901,matrix,9
8.908663,matrix,9
25.468548,matrix,9
35.106771,matrix,9
16.115782,matrix,9
20.113454,matrix,9
23.002579,matrix,9
22.606356,matrix,9
22.328302,matrix,9
36.51524,matrix,9
20.427983,matrix,9
29.789345,matrix,9
30.099465,matrix,9
36.021073,matrix,9
29.795119,matrix,9
32.844441,matrix,9
24.983259,matrix,9
34.902712,matrix,9
23.03498,matrix,9
30.304277,matrix,9
21.220087,matrix,9
28.905605,matrix,9
36.366429,matrix,9
65.324771,matrix,9
11.628008,matrix,9
13.379635,matrix,9
12.720938,matrix,9
13.412276,matrix,9
17.493893,matrix,9
25.190153,matrix,9
26.470712,matrix,9
29.459476,matrix,9
14.864627,matrix,9
9.807753,matrix,9
9.955975,matrix,9
15.958908,matrix,9
6.731677,matrix,9
19.359092,matrix,9
35.204475,matrix,9
31.072764,matrix,9
15.967378,matrix,9
24.091558,matrix,9
26.691595,matrix,9
19.261782,matrix,9
28.285876,matrix,9
24.363241,matrix,9
6.356924,matrix,9
16.786973,matrix,9
19.972249,matrix,9
13.538231,matrix,9
8.617883,matrix,9
9.101423,matrix,9
14.011596,matrix,9
17.235275,matrix,9
13.117949,matrix,9
18.63112,matrix,9
15.021216,matrix,9
16.208552,matrix,9
22.227014,matrix,9
35.476221,matrix,9
25.728461,matrix,9
33.41298,matrix,9
21.441759,matrix,9
20.720689,matrix,9
24.178701,matrix,9
27.529239,matrix,9
27.671362,matrix,9
16.934084,matrix,9
20.378704,matrix,9
17.945473,matrix,9
17.505377,matrix,9
18.934791,matrix,9
9.869252,matrix,9
20.136875,matrix,9
19.131993,matrix,9
15.884846,matrix,9
28.843887,matrix,9
26.916885,matrix,9
21.864774,matrix,9
14.281732,matrix,9
20.04486,matrix,9
20.826606,matrix,9
13.307444,matrix,9
39.158963,matrix,9
26.782725,matrix,9
19.586462,matrix,9
18.171189,matrix,9
24.014325,matrix,9
22.323552,matrix,9
28.032643,matrix,9
23.861248,matrix,9
19.079339,matrix,9
28.27343,matrix,9
21.233885,matrix,9
23.895245,matrix,9
32.460295,matrix,9
18.732384,matrix,9
7.469659,matrix,9
8.974679,matrix,9
14.496046,matrix,9
14.197467,matrix,9
9.354733,matrix,9
20.3052,matrix,9
13.83141,matrix,9
26.982342,matrix,9
24.011145,matrix,9
15.265552,matrix,9
23.652469,matrix,9
14.450177,matrix,9
26.951281,matrix,9
22.203087,matrix,9
27.73088,matrix,9
21.882619,matrix,9
49.541975,matrix,9
11.628483,matrix,9
18.430862,matrix,9
12.692419,matrix,9
26.838834,matrix,9
20.057045,matrix,9
11.506354,matrix,9
34.114098,matrix,9
32.830057,matrix,9
32.39289,matrix,9
31.193243,matrix,9
17.256652,matrix,9
22.753127,matrix,9
31.86475,matrix,9
21.62891,matrix,9
23.094396,matrix,9
32.193315,matrix,9
22.55959,matrix,9
32.59994,matrix,9
25.906498,matrix,9
32.909886,matrix,9
34.353228,matrix,9
11.483347,matrix,9
14.305699,matrix,9
14.430187,matrix,9
10.851856,matrix,9
34.987763,matrix,9
13.780432,matrix,9
13.692678,matrix,9
22.485726,matrix,9
23.494312,matrix,9
20.801777,matrix,9
27.66287,matrix,9
18.468049,matrix,9
22.403354,matrix,9
13.250028,matrix,9
20.733355,matrix,9
25.714416,matrix,9
16.027612,matrix,9
24.392285,matrix,9
39.557868,matrix,9
28.891517,matrix,9
19.921005,matrix,9
20.539465,matrix,9
19.220122,matrix,9
14.707924,matrix,9
16.404429,matrix,9
21.860399,matrix,9
16.464849,matrix,9
21.062561,matrix,9
25.126875,matrix,9
20.894764,pores,10
20.728917,pores,10
22.19599,pores,10
11.608738,pores,10
9.463186,pores,10
5.998338,pores,10
5.710727,pores,10
11.052968,pores,10
21.336785,pores,10
22.270314,pores,10
8.795793,pores,10
22.204006,pores,10
16.121226,pores,10
64.514782,pores,10
45.15908,pores,10
31.61939,pores,10
25.966413,pores,10
15.950901,pores,10
88.345107,quartz,11
77.751064,quartz,11
89.630393,quartz,11
80.745712,quartz,11
88.384271,quartz,11
89.884252,quartz,11
85.729798,quartz,11
79.223422,quartz,11
94.711101,quartz,11
85.888191,quartz,11
87.40074,quartz,11
93.254008,quartz,11
101.247086,quartz,11
63.195425,quartz,11
90.898237,quartz,11
90.091134,quartz,11
94.19195,quartz,11
95.209809,quartz,11
93.725612,quartz,11
89.874892,quartz,11
91.921982,quartz,11
80.276847,quartz,11
77.824811,quartz,11
34.611587,quartz,11
88.183005,quartz,11
89.990799,quartz,11
60.274017,quartz,11
89.333545,quartz,11
89.078356,quartz,11
25.928992,quartz,11
90.278522,quartz,11
88.00281,quartz,11
88.613931,quartz,11
88.507105,quartz,11
90.703757,quartz,11
85.175847,quartz,11
88.273377,quartz,11
80.202861,quartz,11
90.668478,quartz,11
72.887084,quartz,11
88.300705,quartz,11
90.363315,quartz,11
84.759461,quartz,11
81.125137,quartz,11
