Position_x,Mean,StdDev,Median
0.0,,,
5.0,4.176867,0.0,4.176867
10.0,2.8541110666666674,1.4278426441880523,3.358705
15.0,1.2575602000000001,0.6774607291480886,1.305678
20.0,0.7715561000000001,0.47924195519016277,0.7404284999999999
25.0,0.7144473,0.43666961993091524,0.5024765
30.0,0.6403462,0.3191968369278743,0.612107
35.0,0.8168566842105265,0.4478515238519702,0.869551
40.0,0.9458740999999999,0.8332801361417957,0.6406510000000001
45.0,1.166719894736842,0.8010591709693449,1.260731
50.0,0.7399627499999999,0.3432654524381787,0.6954115000000001
55.0,0.7591699000000001,0.4496474274100653,0.557341
60.0,1.1889961111111111,0.8877178787473896,0.8805244999999999
65.0,0.9938553750000001,0.523054246166671,0.855512
70.0,0.9219571000000002,0.401055870345255,0.960594
75.0,0.79715235,0.3739516111526029,0.76714
80.0,0.9271972999999999,0.5146397206021023,0.8337885
85.0,1.2195789499999998,0.9458425256320673,1.1411665000000002
90.0,1.01048875,0.3964349149837682,1.0038209999999999
95.0,1.1000412499999999,0.5086322582512709,1.0587695
100.0,0.9712829500000002,0.5353481231371298,0.9072705
105.0,0.9196362500000002,0.6053182371081244,0.7253134999999999
110.0,1.2060937999999999,0.5862289729338359,1.2050885
115.0,1.0156357,0.43928895499649206,0.9882154999999999
120.0,1.3262034736842108,1.0378384965292236,0.837564
125.0,1.500121235294118,1.0412245300914593,1.242367
130.0,1.396526,0.3775675796130741,1.325426
135.0,1.6115620625,0.943472747289599,1.2759835000000002
140.0,1.5261633124999998,0.5902487742836403,1.4886545
145.0,1.4129406666666666,1.0895807046443242,1.10656
150.0,1.3041588,1.067475006069304,1.1394574999999998
155.0,1.1465570500000004,0.3930937604635152,1.0784765
160.0,1.3137758000000004,0.7439704153286338,1.1309075
165.0,1.1252437368421053,0.7541760690684652,1.021441
170.0,1.4029674499999998,1.2355017965214163,0.977732
175.0,1.16305055,0.4521520072312491,1.157862
180.0,0.9844972500000001,0.5714300120401338,0.9333915
185.0,0.9700247,0.4157857513831012,1.0808125
190.0,1.4251902500000002,0.9268629960359231,1.48734
195.0,1.5251568333333336,1.4927484340169401,1.1610900000000002
200.0,1.0233119333333334,0.7374429763881378,0.797408
205.0,1.0543262,0.6138793241652847,0.964232
210.0,1.0691536874999998,0.5170758080314141,0.9300335
215.0,1.247086052631579,0.9809287510989655,1.013289
220.0,1.2088801,1.00424153582208,0.91734
225.0,1.3770285999999998,1.094162091365507,1.069543
230.0,0.9084179499999998,0.4108458563234483,0.8531584999999999
235.0,0.9542265000000001,0.535177175685819,1.0136365
240.0,1.1922667500000002,0.724200915513359,1.0112079999999999
245.0,0.9312658500000002,0.44082323106277815,0.9075455
250.0,1.1974306499999998,0.6480364310699882,1.2032905
255.0,1.1363679999999998,0.4441384618154568,1.13571
260.0,1.224656105263158,0.5335623657640955,1.033367
265.0,1.0385682,0.35288613178964684,1.062378
270.0,1.2344116842105262,0.3026327178689415,1.128417
275.0,1.1898457222222223,0.532568786884516,1.087898
280.0,1.4619484000000003,0.8145707611916475,1.311658
285.0,1.4817052105263158,0.6760606157640926,1.405537
290.0,1.76381815,1.0185517977864589,1.520528
295.0,1.5722057368421052,0.8874017779249738,1.466161
300.0,1.922496,1.5819138209910486,1.4517885000000001
305.0,1.3582550999999998,0.48717742066745046,1.5120325000000001
310.0,1.4064423,0.5710019949741945,1.2911695
315.0,1.2150828,0.5400932883362466,1.129868
320.0,1.1216502,0.4531978017359086,1.082838
